seller_id,seller_state,seller_region,cohort_month,last_active_month,active_months,lifespan_months,observable_months,months_silent_at_window_end,orders,gmv,gmv_per_active_month,activity_density,is_censored,churn_event,gmv_quartile,is_major_seller,analysis_start,analysis_end
4869f7a5dfa277a7dca6462dcf3b52b2,SP,Sudeste,2017-03-01,2018-08-01,17,18,18,0,1132,229472.62999999995,13498.389999999998,0.9444444444444444,true,0,1,true,2017-01-01,2018-08-31
53243585a1d6dc2643021fd1853d8905,BA,Nordeste,2017-08-01,2018-08-01,12,13,13,0,358,222776.05,18564.670833333334,0.9230769230769231,true,0,1,true,2017-01-01,2018-08-31
4a3ca9315b744ce9f8e9374361493884,SP,Sudeste,2017-01-01,2018-08-01,20,20,20,0,1806,200472.91999999975,10023.645999999988,1.0,true,0,1,true,2017-01-01,2018-08-31
fa1c13f2614d7b5c4749cbc52fecda94,SP,Sudeste,2017-01-01,2018-08-01,20,20,20,0,585,194042.0299999999,9702.101499999995,1.0,true,0,1,true,2017-01-01,2018-08-31
7c67e1448b00f6e969d365cea6b010ab,SP,Sudeste,2017-01-01,2018-08-01,20,20,20,0,982,187923.8899999999,9396.194499999994,1.0,true,0,1,true,2017-01-01,2018-08-31
7e93a43ef30c4f03f38b393420bc753a,SP,Sudeste,2017-01-01,2018-07-01,19,19,20,1,335,175032.87000000005,9212.256315789477,1.0,true,0,1,true,2017-01-01,2018-08-31
da8622b14eb17ae2831f4ac5b9dab84a,SP,Sudeste,2017-02-01,2018-08-01,19,19,19,0,1314,160236.56999999977,8433.503684210515,1.0,true,0,1,true,2017-01-01,2018-08-31
7a67c85e85bb2ce8582c35f2203ad736,SP,Sudeste,2017-01-01,2018-08-01,20,20,20,0,1160,141745.52999999982,7087.276499999991,1.0,true,0,1,true,2017-01-01,2018-08-31
1025f0e2d44d7041d6cf58b6550e0bfa,SP,Sudeste,2017-07-01,2018-08-01,14,14,14,0,915,138968.54999999996,9926.324999999997,1.0,true,0,1,true,2017-01-01,2018-08-31
955fee9216a65b617aa5c0531780ce60,SP,Sudeste,2017-07-01,2018-08-01,14,14,14,0,1287,135171.7,9655.121428571429,1.0,true,0,1,true,2017-01-01,2018-08-31
46dc3b2cc0980fb8ec44634e21d2718e,RJ,Sudeste,2017-01-01,2018-08-01,20,20,20,0,511,125766.30000000002,6288.3150000000005,1.0,true,0,1,true,2017-01-01,2018-08-31
6560211a19b47992c3666cc44a7e94c0,SP,Sudeste,2017-02-01,2018-08-01,19,19,19,0,1854,123304.83,6489.727894736842,1.0,true,0,1,true,2017-01-01,2018-08-31
7d13fca15225358621be4086e1eb0964,SP,Sudeste,2018-02-01,2018-08-01,7,7,7,0,565,113628.97000000006,16232.710000000008,1.0,true,0,1,true,2017-01-01,2018-08-31
5dceca129747e92ff8ef7a997dc4f8ca,SP,Sudeste,2017-01-01,2018-06-01,18,18,20,2,325,112155.53,6230.862777777777,1.0,false,1,1,true,2017-01-01,2018-08-31
620c87c171fb2a6dd6e8bb4dec959fc6,RJ,Sudeste,2017-01-01,2018-08-01,20,20,20,0,713,108977.39999999994,5448.869999999997,1.0,true,0,1,true,2017-01-01,2018-08-31
1f50f920176fa81dab994f9023523100,SP,Sudeste,2017-04-01,2018-08-01,17,17,17,0,1404,106939.20999999985,6290.541764705873,1.0,true,0,1,true,2017-01-01,2018-08-31
cc419e0650a3c5ba77189a1882b7556a,SP,Sudeste,2017-01-01,2018-08-01,20,20,20,0,1706,104288.41999999977,5214.420999999988,1.0,true,0,1,true,2017-01-01,2018-08-31
a1043bafd471dff536d0c462352beb48,MG,Sudeste,2017-02-01,2018-08-01,19,19,19,0,718,101901.15999999996,5363.218947368419,1.0,true,0,1,true,2017-01-01,2018-08-31
3d871de0142ce09b7081e2b9d1733cb1,SP,Sudeste,2017-03-01,2018-08-01,18,18,18,0,1080,94914.20000000001,5273.011111111112,1.0,true,0,1,true,2017-01-01,2018-08-31
edb1ef5e36e0c8cd84eb3c9b003e486d,RJ,Sudeste,2017-09-01,2018-08-01,12,12,12,0,166,79284.54999999999,6607.045833333333,1.0,true,0,1,true,2017-01-01,2018-08-31
ccc4bbb5f32a6ab2b7066a4130f114e3,PR,Sul,2017-01-01,2018-08-01,20,20,20,0,187,74004.62,3700.2309999999998,1.0,true,0,1,true,2017-01-01,2018-08-31
f7ba60f8c3f99e7ee4042fdef03b70c4,SP,Sudeste,2017-07-01,2018-08-01,14,14,14,0,219,68395.0,4885.357142857143,1.0,true,0,1,true,2017-01-01,2018-08-31
fe2032dab1a61af8794248c8196565c9,SP,Sudeste,2017-03-01,2018-08-01,18,18,18,0,294,65959.61,3664.422777777778,1.0,true,0,1,true,2017-01-01,2018-08-31
8581055ce74af1daba164fdbd55a40de,SP,Sudeste,2017-01-01,2018-04-01,16,16,20,4,387,64925.30000000001,4057.8312500000006,1.0,false,1,1,true,2017-01-01,2018-08-31
cca3071e3e9bb7d12640c9fbe2301306,SP,Sudeste,2017-01-01,2018-08-01,20,20,20,0,704,63056.18999999999,3152.8094999999994,1.0,true,0,1,true,2017-01-01,2018-08-31
04308b1ee57b6625f47df1d56f00eedf,SC,Sul,2017-11-01,2018-08-01,9,10,10,0,94,60130.59999999999,6681.177777777777,0.9,true,0,1,true,2017-01-01,2018-08-31
522620dcb18a6b31cd7bdf73665113a9,PR,Sul,2017-01-01,2018-08-01,19,20,20,0,171,56459.69,2971.5626315789473,0.95,true,0,1,true,2017-01-01,2018-08-31
17e34d8224d27a541263c4c64b11a56b,SP,Sudeste,2017-02-01,2018-08-01,19,19,19,0,255,56363.240000000005,2966.486315789474,1.0,true,0,1,true,2017-01-01,2018-08-31
7ddcbb64b5bc1ef36ca8c151f6ec77df,SP,Sudeste,2017-07-01,2018-06-01,12,12,14,2,334,55578.56999999996,4631.547499999997,1.0,false,1,1,true,2017-01-01,2018-08-31
de722cd6dad950a92b7d4f82673f8833,PE,Nordeste,2018-01-01,2018-08-01,8,8,8,0,339,55426.09999999996,6928.262499999995,1.0,true,0,1,true,2017-01-01,2018-08-31
37be5a7c751166fbc5f8ccba4119e043,SP,Sudeste,2017-05-01,2018-05-01,11,13,16,3,272,55350.55,5031.868181818182,0.8461538461538461,false,1,1,true,2017-01-01,2018-08-31
218d46b86c1881d022bce9c68a7d4b15,SP,Sudeste,2017-01-01,2018-08-01,20,20,20,0,388,55093.28,2754.6639999999998,1.0,true,0,1,true,2017-01-01,2018-08-31
25c5c91f63607446a97b143d2d535d31,MG,Sudeste,2017-03-01,2018-03-01,13,13,18,5,158,54679.22,4206.093846153846,1.0,false,1,1,true,2017-01-01,2018-08-31
f5a590cf36251cf1162ea35bef76fe84,SP,Sudeste,2017-03-01,2018-08-01,17,18,18,0,117,53201.78,3129.5164705882353,0.9444444444444444,true,0,1,true,2017-01-01,2018-08-31
ceaec5548eefc6e23e6607c5435102e7,SP,Sudeste,2018-01-01,2018-08-01,8,8,8,0,203,52917.17999999999,6614.647499999999,1.0,true,0,1,true,2017-01-01,2018-08-31
b2ba3715d723d245138f291a6fe42594,SP,Sudeste,2017-01-01,2018-08-01,20,20,20,0,336,51547.08,2577.3540000000003,1.0,true,0,1,true,2017-01-01,2018-08-31
966cb4760537b1404caedd472cc610a5,SP,Sudeste,2018-03-01,2018-08-01,6,6,6,0,75,51286.049999999996,8547.675,1.0,true,0,1,true,2017-01-01,2018-08-31
e882b2a25a10b9c057cc49695f222c19,RJ,Sudeste,2018-01-01,2018-08-01,8,8,8,0,57,51057.53999999999,6382.192499999999,1.0,true,0,1,true,2017-01-01,2018-08-31
2bf6a2c1e71bbd29a4ad64e6d3c3629f,RJ,Sudeste,2017-11-01,2018-08-01,8,10,10,0,30,50628.899999999994,6328.612499999999,0.8,true,0,1,true,2017-01-01,2018-08-31
f8db351d8c4c4c22c6835c19a46f01b0,SP,Sudeste,2017-01-01,2018-08-01,20,20,20,0,667,50525.60000000003,2526.2800000000016,1.0,true,0,1,true,2017-01-01,2018-08-31
17f51e7198701186712e53a39c564617,SP,Sudeste,2017-02-01,2018-08-01,19,19,19,0,56,48019.0,2527.315789473684,1.0,true,0,1,true,2017-01-01,2018-08-31
8160255418d5aaa7dbdc9f4c64ebda44,SP,Sudeste,2017-10-01,2018-08-01,11,11,11,0,385,47017.68999999999,4274.335454545453,1.0,true,0,1,true,2017-01-01,2018-08-31
77530e9772f57a62c906e1c21538ab82,PR,Sul,2017-01-01,2018-08-01,20,20,20,0,319,46462.399999999994,2323.12,1.0,true,0,1,true,2017-01-01,2018-08-31
4e922959ae960d389249c378d1c939f5,SP,Sudeste,2017-01-01,2018-08-01,20,20,20,0,419,46011.37,2300.5685000000003,1.0,true,0,1,true,2017-01-01,2018-08-31
c826c40d7b19f62a09e2d7c5e7295ee2,SP,Sudeste,2017-08-01,2018-08-01,13,13,13,0,354,45643.73999999999,3511.0569230769224,1.0,true,0,1,true,2017-01-01,2018-08-31
850f4f8af5ea87287ac68de36e29107f,SP,Sudeste,2017-04-01,2018-06-01,15,15,17,2,187,45355.36,3023.690666666667,1.0,false,1,1,true,2017-01-01,2018-08-31
b33e7c55446eabf8fe1a42d037ac7d6d,SP,Sudeste,2017-10-01,2018-08-01,11,11,11,0,152,44985.17,4089.560909090909,1.0,true,0,1,true,2017-01-01,2018-08-31
ba90964cff9b9e0e6f32b23b82465f7b,SP,Sudeste,2018-02-01,2018-08-01,7,7,7,0,38,44212.5,6316.071428571428,1.0,true,0,1,true,2017-01-01,2018-08-31
eeb6de78f79159600292e314a77cbd18,SC,Sul,2017-02-01,2018-08-01,19,19,19,0,83,43739.840000000004,2302.0968421052635,1.0,true,0,1,true,2017-01-01,2018-08-31
4d6d651bd7684af3fffabd5f08d12e5a,SP,Sudeste,2017-04-01,2018-08-01,17,17,17,0,369,43587.40000000001,2563.9647058823534,1.0,true,0,1,true,2017-01-01,2018-08-31
e9779976487b77c6d4ac45f75ec7afe9,SP,Sudeste,2017-03-01,2018-08-01,18,18,18,0,657,43162.949999999975,2397.9416666666652,1.0,true,0,1,true,2017-01-01,2018-08-31
c3cfdc648177fdbbbb35635a37472c53,PR,Sul,2017-01-01,2018-08-01,20,20,20,0,278,43048.18000000001,2152.4090000000006,1.0,true,0,1,true,2017-01-01,2018-08-31
b839e41795b7f3ad94cc2014a52f6796,SP,Sudeste,2018-03-01,2018-08-01,6,6,6,0,33,42829.0,7138.166666666667,1.0,true,0,1,true,2017-01-01,2018-08-31
2eb70248d66e0e3ef83659f71b244378,SP,Sudeste,2018-02-01,2018-07-01,6,6,7,1,202,42628.60999999997,7104.768333333329,1.0,true,0,1,true,2017-01-01,2018-08-31
d91fb3b7d041e83b64a00a3edfb37e4f,SP,Sudeste,2017-02-01,2018-08-01,18,19,19,0,535,40889.74,2271.652222222222,0.9473684210526315,true,0,1,true,2017-01-01,2018-08-31
17a053fcb14bd219540cbde0df490be0,SP,Sudeste,2017-07-01,2018-08-01,14,14,14,0,125,40703.14,2907.367142857143,1.0,true,0,1,true,2017-01-01,2018-08-31
834f3294fba9f932f56edc879193f925,SP,Sudeste,2017-05-01,2018-08-01,12,16,16,0,66,39907.5,3325.625,0.75,true,0,1,true,2017-01-01,2018-08-31
712e6ed8aa4aa1fa65dab41fed5737e4,SC,Sul,2017-02-01,2018-05-01,14,16,19,3,79,39815.0,2843.9285714285716,0.875,false,1,1,true,2017-01-01,2018-08-31
634964b17796e64304cadf1ad3050fb7,RJ,Sudeste,2017-11-01,2018-08-01,10,10,10,0,268,39465.09999999999,3946.5099999999993,1.0,true,0,1,true,2017-01-01,2018-08-31
391fc6631aebcf3004804e51b40bcf1e,SP,Sudeste,2017-02-01,2018-08-01,19,19,19,0,518,39035.72,2054.5115789473684,1.0,true,0,1,true,2017-01-01,2018-08-31
7142540dd4c91e2237acb7e911c4eba2,SP,Sudeste,2017-03-01,2018-08-01,18,18,18,0,319,37373.560000000005,2076.308888888889,1.0,true,0,1,true,2017-01-01,2018-08-31
ea8482cd71df3c1969d7b9473ff13abc,SP,Sudeste,2017-08-01,2018-08-01,13,13,13,0,1146,37177.5199999999,2859.809230769223,1.0,true,0,1,true,2017-01-01,2018-08-31
c3867b4666c7d76867627c2f7fb22e21,SP,Sudeste,2017-03-01,2018-07-01,16,17,18,1,245,37153.399999999994,2322.0874999999996,0.9411764705882353,true,0,1,true,2017-01-01,2018-08-31
7178f9f4dd81dcef02f62acdf8151e01,SC,Sul,2017-03-01,2018-08-01,18,18,18,0,203,37070.399999999994,2059.4666666666662,1.0,true,0,1,true,2017-01-01,2018-08-31
c70c1b0d8ca86052f45a432a38b73958,SP,Sudeste,2018-04-01,2018-08-01,5,5,5,0,261,36537.36999999997,7307.473999999995,1.0,true,0,1,true,2017-01-01,2018-08-31
59417c56835dd8e2e72f91f809cd4092,SP,Sudeste,2017-01-01,2017-10-01,8,10,20,10,18,36459.0,4557.375,0.8,false,1,1,true,2017-01-01,2018-08-31
06a2c3af7b3aee5d69171b0e14f0ee87,MA,Nordeste,2018-01-01,2018-08-01,8,8,8,0,392,36408.94999999995,4551.118749999994,1.0,true,0,1,true,2017-01-01,2018-08-31
7299e27ed73d2ad986de7f7c77d919fa,MG,Sudeste,2017-03-01,2018-08-01,18,18,18,0,338,34725.42999999999,1929.1905555555552,1.0,true,0,1,true,2017-01-01,2018-08-31
e9bc59e7b60fc3063eb2290deda4cced,PR,Sul,2017-03-01,2018-08-01,18,18,18,0,216,34343.060000000005,1907.9477777777781,1.0,true,0,1,true,2017-01-01,2018-08-31
dbc22125167c298ef99da25668e1011f,MG,Sudeste,2017-04-01,2018-08-01,17,17,17,0,406,33776.780000000006,1986.8694117647062,1.0,true,0,1,true,2017-01-01,2018-08-31
9c0e69c7bf2619675bbadf47b43f655a,SP,Sudeste,2017-05-01,2018-06-01,13,14,16,2,157,33702.77999999999,2592.5215384615376,0.9285714285714286,false,1,1,true,2017-01-01,2018-08-31
1835b56ce799e6a4dc4eddc053f04066,SP,Sudeste,2017-09-01,2018-08-01,12,12,12,0,423,33344.20999999998,2778.6841666666646,1.0,true,0,1,true,2017-01-01,2018-08-31
5c243662ce92d84573bfaff24c3e3700,SP,Sudeste,2017-01-01,2018-02-01,14,14,20,6,98,32862.02,2347.2871428571425,1.0,false,1,1,true,2017-01-01,2018-08-31
2528513dd95219a6013d4d05176e391a,SP,Sudeste,2017-03-01,2018-08-01,18,18,18,0,161,32689.100000000002,1816.0611111111111,1.0,true,0,1,true,2017-01-01,2018-08-31
855668e0971d4dfd7bef1b6a4133b41b,SP,Sudeste,2017-05-01,2018-08-01,16,16,16,0,312,32208.159999999996,2013.0099999999998,1.0,true,0,1,true,2017-01-01,2018-08-31
76d5af76d0271110f9af36c92573f765,SP,Sudeste,2017-01-01,2018-08-01,20,20,20,0,128,32014.6,1600.73,1.0,true,0,1,true,2017-01-01,2018-08-31
70eea00b476a314817cefde4aad4f89a,SP,Sudeste,2017-02-01,2018-08-01,19,19,19,0,108,31994.65,1683.9289473684212,1.0,true,0,1,true,2017-01-01,2018-08-31
7681ef142fd2c19048da7430856b5588,SP,Sudeste,2018-02-01,2018-08-01,7,7,7,0,59,31941.809999999998,4563.115714285714,1.0,true,0,1,true,2017-01-01,2018-08-31
e59aa562b9f8076dd550fcddf0e73491,PR,Sul,2017-09-01,2018-08-01,11,12,12,0,70,31574.3,2870.390909090909,0.9166666666666666,true,0,1,true,2017-01-01,2018-08-31
88460e8ebdecbfecb5f9601833981930,PR,Sul,2017-11-01,2018-08-01,9,10,10,0,248,31546.549999999992,3505.1722222222215,0.9,true,0,1,true,2017-01-01,2018-08-31
0241d4d5d36f10f80c644447315af0bd,PR,Sul,2017-10-01,2018-08-01,11,11,11,0,238,31397.700000000008,2854.3363636363642,1.0,true,0,1,true,2017-01-01,2018-08-31
87142160b41353c4e5fca2360caf6f92,RS,Sul,2017-02-01,2018-08-01,19,19,19,0,305,31095.980000000003,1636.6305263157897,1.0,true,0,1,true,2017-01-01,2018-08-31
70a12e78e608ac31179aea7f8422044b,SP,Sudeste,2017-01-01,2018-08-01,19,20,20,0,315,30858.53,1624.1331578947368,0.95,true,0,1,true,2017-01-01,2018-08-31
53e4c6e0f4312d4d2107a8c9cddf45cd,SP,Sudeste,2017-02-01,2018-08-01,19,19,19,0,473,30148.95,1586.7868421052633,1.0,true,0,1,true,2017-01-01,2018-08-31
d23019c84ffae2d5ef2270367b8605fc,PR,Sul,2017-10-01,2018-08-01,10,11,11,0,39,29205.100000000002,2920.51,0.9090909090909091,true,0,1,true,2017-01-01,2018-08-31
900ba814c251a692506d7834c1218441,SP,Sudeste,2017-07-01,2018-08-01,14,14,14,0,88,29099.690000000002,2078.549285714286,1.0,true,0,1,true,2017-01-01,2018-08-31
1554a68530182680ad5c8b042c3ab563,MG,Sudeste,2017-01-01,2018-08-01,20,20,20,0,241,28726.69,1436.3345,1.0,true,0,1,true,2017-01-01,2018-08-31
0b90b6df587eb83608a64ea8b390cf07,PR,Sul,2017-10-01,2018-08-01,11,11,11,0,164,28592.320000000007,2599.301818181819,1.0,true,0,1,true,2017-01-01,2018-08-31
7e1fb0a3ebfb01ffb3a7dae98bf3238d,SP,Sudeste,2017-02-01,2018-08-01,19,19,19,0,159,27349.53,1439.448947368421,1.0,true,0,1,true,2017-01-01,2018-08-31
59b22a78efb79a4797979612b885db36,MG,Sudeste,2017-07-01,2018-08-01,14,14,14,0,125,27184.5,1941.75,1.0,true,0,1,true,2017-01-01,2018-08-31
d1c281d3ae149232351cd8c8cc885f0d,SP,Sudeste,2017-02-01,2018-08-01,19,19,19,0,215,26942.6,1418.0315789473684,1.0,true,0,1,true,2017-01-01,2018-08-31
b32be1695eb7ec5f10f72d9610a12527,RS,Sul,2017-11-01,2018-08-01,10,10,10,0,45,26874.0,2687.4,1.0,true,0,1,true,2017-01-01,2018-08-31
12b9676b00f60f3b700e83af21824c0e,RS,Sul,2017-03-01,2018-08-01,18,18,18,0,135,26774.0,1487.4444444444443,1.0,true,0,1,true,2017-01-01,2018-08-31
de23c3b98a88888289c6f5cc1209054a,SP,Sudeste,2017-05-01,2018-08-01,15,16,16,0,164,26399.66999999999,1759.9779999999994,0.9375,true,0,1,true,2017-01-01,2018-08-31
9f505651f4a6abe901a56cdc21508025,SP,Sudeste,2017-10-01,2018-08-01,11,11,11,0,397,26361.81999999998,2396.529090909089,1.0,true,0,1,true,2017-01-01,2018-08-31
a3a38f4affed601eb87a97788c949667,SC,Sul,2017-01-01,2018-08-01,20,20,20,0,252,26243.43,1312.1715,1.0,true,0,1,true,2017-01-01,2018-08-31
16090f2ca825584b5a147ab24aa30c86,SP,Sudeste,2017-01-01,2018-08-01,20,20,20,0,402,25716.440000000002,1285.8220000000001,1.0,true,0,1,true,2017-01-01,2018-08-31
a416b6a846a11724393025641d4edd5e,SP,Sudeste,2017-01-01,2018-08-01,20,20,20,0,162,25670.72,1283.536,1.0,true,0,1,true,2017-01-01,2018-08-31
b94cc9f10ddc85e4ba73a6f7974e7101,RJ,Sudeste,2017-11-01,2018-06-01,5,8,10,2,39,25346.09999999999,5069.219999999998,0.625,false,1,1,true,2017-01-01,2018-08-31
c003204e1ab016dfa150abc119207b24,SP,Sudeste,2017-10-01,2018-08-01,11,11,11,0,197,25108.090000000007,2282.553636363637,1.0,true,0,1,true,2017-01-01,2018-08-31
001cca7ae9ae17fb1caed9dfb1094831,ES,Sudeste,2017-02-01,2018-07-01,17,18,19,1,200,25080.03,1475.2958823529411,0.9444444444444444,true,0,1,true,2017-01-01,2018-08-31
1900267e848ceeba8fa32d80c1a5f5a8,SP,Sudeste,2017-05-01,2018-08-01,16,16,16,0,411,24982.53,1561.408125,1.0,true,0,1,true,2017-01-01,2018-08-31
1c68394e931a64f90ea236c5ea590300,PR,Sul,2017-07-01,2018-08-01,12,14,14,0,142,24832.75,2069.3958333333335,0.8571428571428571,true,0,1,true,2017-01-01,2018-08-31
b1b3948701c5c72445495bd161b83a4c,SP,Sudeste,2017-06-01,2017-08-01,3,3,15,12,18,24699.190000000002,8233.063333333334,1.0,false,1,1,true,2017-01-01,2018-08-31
f62d7bb4a613ec758a03342d46b580b2,MG,Sudeste,2018-01-01,2018-08-01,8,8,8,0,32,24665.0,3083.125,1.0,true,0,1,true,2017-01-01,2018-08-31
dc4a0fc896dc34b0d5bfec8438291c80,SP,Sudeste,2017-02-01,2018-08-01,19,19,19,0,231,24180.770000000004,1272.672105263158,1.0,true,0,1,true,2017-01-01,2018-08-31
b37c4c02bda3161a7546a4e6d222d5b2,SP,Sudeste,2017-04-01,2018-07-01,4,16,17,1,4,24075.0,6018.75,0.25,true,0,1,true,2017-01-01,2018-08-31
2b3e4a2a3ea8e01938cabda2a3e5cc79,SP,Sudeste,2017-05-01,2018-07-01,14,15,16,1,52,23629.149999999998,1687.7964285714284,0.9333333333333333,true,0,1,true,2017-01-01,2018-08-31
710e3548e02bc1d2831dfc4f1b5b14d4,PR,Sul,2017-01-01,2018-08-01,19,20,20,0,134,23629.129999999997,1243.6384210526314,0.95,true,0,1,true,2017-01-01,2018-08-31
1a3df491d1c4f1589fc2b934ada68bf2,SC,Sul,2017-04-01,2018-08-01,17,17,17,0,167,23302.700000000004,1370.7470588235296,1.0,true,0,1,true,2017-01-01,2018-08-31
40db9e9aa57f7bb151bcda6b0f9bdbb7,PE,Nordeste,2018-02-01,2018-08-01,5,7,7,0,12,23168.0,4633.6,0.7142857142857143,true,0,1,true,2017-01-01,2018-08-31
612170e34b97004b3ba37eae81836b4c,RS,Sul,2018-06-01,2018-08-01,3,3,3,0,107,23065.019999999986,7688.339999999996,1.0,true,0,1,true,2017-01-01,2018-08-31
8444e55c1f13cd5c179851e5ca5ebd00,MG,Sudeste,2017-03-01,2018-07-01,17,17,18,1,99,22873.21,1345.4829411764706,1.0,true,0,1,true,2017-01-01,2018-08-31
7b0df942f46435babab05d49b744b2c4,SP,Sudeste,2017-02-01,2018-06-01,14,17,19,2,32,22600.629999999997,1614.330714285714,0.8235294117647058,false,1,1,true,2017-01-01,2018-08-31
7ad32824caee82087b3e2e5f33b1bf32,SP,Sudeste,2018-01-01,2018-08-01,8,8,8,0,151,22505.1,2813.1375,1.0,true,0,1,true,2017-01-01,2018-08-31
744dac408745240a2c2528fb1b6028f3,PR,Sul,2017-04-01,2018-08-01,16,17,17,0,79,22490.6,1405.6625,0.9411764705882353,true,0,1,true,2017-01-01,2018-08-31
897060da8b9a21f655304d50fd935913,SP,Sudeste,2017-02-01,2018-06-01,16,17,19,2,310,22222.620000000006,1388.9137500000004,0.9411764705882353,false,1,1,true,2017-01-01,2018-08-31
06e5eefc71ec47ae763c5c6f8db7064f,RS,Sul,2017-04-01,2018-08-01,17,17,17,0,92,22188.559999999998,1305.2094117647057,1.0,true,0,1,true,2017-01-01,2018-08-31
f45122a9ab94eb4f3f8953578bc0c560,SP,Sudeste,2017-02-01,2018-08-01,19,19,19,0,187,22078.289999999997,1162.0152631578947,1.0,true,0,1,true,2017-01-01,2018-08-31
ff69aa92bb6b1bf9b8b7a51c2ed9cf8b,SP,Sudeste,2017-12-01,2018-06-01,7,7,9,2,20,21940.8,3134.4,1.0,false,1,1,true,2017-01-01,2018-08-31
05ff92fedb5be47920fea08e501238b9,RS,Sul,2017-01-01,2018-08-01,18,20,20,0,58,21903.78,1216.8766666666666,0.9,true,0,1,true,2017-01-01,2018-08-31
8f2ce03f928b567e3d56181ae20ae952,SP,Sudeste,2017-04-01,2018-08-01,16,17,17,0,153,21712.9,1357.05625,0.9411764705882353,true,0,1,true,2017-01-01,2018-08-31
59fb871bf6f4522a87ba567b42dafecf,SP,Sudeste,2017-01-01,2018-04-01,15,16,20,4,125,21598.579999999998,1439.9053333333331,0.9375,false,1,1,true,2017-01-01,2018-08-31
d2374cbcbb3ca4ab1086534108cc3ab7,SP,Sudeste,2017-02-01,2018-08-01,19,19,19,0,524,21223.920000000002,1117.0484210526317,1.0,true,0,1,true,2017-01-01,2018-08-31
48162d548f5b1b11b9d29d1e01f75a61,SP,Sudeste,2017-01-01,2018-08-01,19,20,20,0,68,20510.14,1079.481052631579,0.95,true,0,1,true,2017-01-01,2018-08-31
729f06993dac8e860d4f02d7088ca48a,SP,Sudeste,2017-03-01,2018-08-01,18,18,18,0,96,20485.079999999998,1138.06,1.0,true,0,1,true,2017-01-01,2018-08-31
00ee68308b45bc5e2660cd833c3f81cc,SP,Sudeste,2017-09-01,2018-08-01,12,12,12,0,135,20260.0,1688.3333333333333,1.0,true,0,1,true,2017-01-01,2018-08-31
bfd27a966d91cfaafdb25d076585f0da,SP,Sudeste,2017-02-01,2018-07-01,18,18,19,1,117,19921.0,1106.7222222222222,1.0,true,0,1,true,2017-01-01,2018-08-31
004c9cd9d87a3c30c522c48c4fc07416,SP,Sudeste,2017-01-01,2018-05-01,17,17,20,3,158,19712.71,1159.5711764705882,1.0,false,1,1,true,2017-01-01,2018-08-31
d650b663c3b5f6fb392b6326366efa9a,SP,Sudeste,2017-12-01,2018-08-01,8,9,9,0,60,19242.9,2405.3625,0.8888888888888888,true,0,1,true,2017-01-01,2018-08-31
821fb029fc6e495ca4f08a35d51e53a5,SP,Sudeste,2018-01-01,2018-08-01,7,8,8,0,28,19187.42,2741.06,0.875,true,0,1,true,2017-01-01,2018-08-31
f457c46070d02cadd8a68551231220dd,PR,Sul,2017-12-01,2018-06-01,7,7,9,2,199,19092.999999999996,2727.571428571428,1.0,false,1,1,true,2017-01-01,2018-08-31
2a5b78b41cd05baeac8df54c6606b92c,MG,Sudeste,2017-07-01,2018-08-01,14,14,14,0,49,19025.359999999997,1358.9542857142856,1.0,true,0,1,true,2017-01-01,2018-08-31
dc317f341ab0e22f39acbd9dbf9b4a1f,RS,Sul,2017-01-01,2018-07-01,11,19,20,1,55,18988.4,1726.2181818181818,0.5789473684210527,true,0,1,true,2017-01-01,2018-08-31
96493fab2fbb13a14d0c0e8772eef5c3,SP,Sudeste,2017-02-01,2018-06-01,16,17,19,2,63,18969.0,1185.5625,0.9411764705882353,false,1,1,true,2017-01-01,2018-08-31
44073f8b7e41514de3b7815dd0237f4f,DF,Centro-Oeste,2017-02-01,2018-08-01,18,19,19,0,144,18729.64,1040.5355555555554,0.9473684210526315,true,0,1,true,2017-01-01,2018-08-31
cd68562d3f44870c08922d380acae552,SP,Sudeste,2017-04-01,2018-06-01,13,15,17,2,125,18569.7,1428.4384615384615,0.8666666666666667,false,1,1,true,2017-01-01,2018-08-31
0dd184061fb0eaa7ca37932c68ab91c5,SP,Sudeste,2017-12-01,2018-08-01,9,9,9,0,161,18446.92,2049.6577777777775,1.0,true,0,1,true,2017-01-01,2018-08-31
527801b552d0077ffd170872eb49683b,SP,Sudeste,2017-10-01,2018-08-01,11,11,11,0,90,17942.800000000003,1631.1636363636367,1.0,true,0,1,true,2017-01-01,2018-08-31
a888faf2d1baececa6baf9c3d603ee1f,PR,Sul,2017-01-01,2018-05-01,14,17,20,3,54,17765.800000000003,1268.9857142857145,0.8235294117647058,false,1,1,true,2017-01-01,2018-08-31
9de4643a8dbde634fe55621059d92273,SC,Sul,2017-01-01,2018-02-01,14,14,20,6,72,17560.34,1254.31,1.0,false,1,1,true,2017-01-01,2018-08-31
8b321bb669392f5163d04c59e235e066,SP,Sudeste,2017-10-01,2018-08-01,11,11,11,0,943,17535.690000000017,1594.1536363636378,1.0,true,0,1,true,2017-01-01,2018-08-31
c72de06d72748d1a0dfb2125be43ba63,BA,Nordeste,2018-05-01,2018-08-01,4,4,4,0,21,17522.0,4380.5,1.0,true,0,1,true,2017-01-01,2018-08-31
165fc07beebdcb6190fba8a06db2a449,PR,Sul,2017-08-01,2018-08-01,11,13,13,0,50,17481.4,1589.2181818181818,0.8461538461538461,true,0,1,true,2017-01-01,2018-08-31
1e8b33f18b4f7598d87f5cbee2282cc2,SP,Sudeste,2017-11-01,2018-08-01,10,10,10,0,123,17309.060000000005,1730.9060000000004,1.0,true,0,1,true,2017-01-01,2018-08-31
94144541854e298c2d976cb893b81343,RS,Sul,2017-02-01,2018-02-01,13,13,19,6,68,17286.28,1329.7138461538461,1.0,false,1,1,true,2017-01-01,2018-08-31
54a1852d1b8f10312c55e906355666ee,SP,Sudeste,2017-01-01,2018-08-01,20,20,20,0,200,17226.440000000002,861.3220000000001,1.0,true,0,1,true,2017-01-01,2018-08-31
abe42c5d03695b4257b5c6cbf4e6784e,RJ,Sudeste,2017-08-01,2018-08-01,13,13,13,0,50,17159.0,1319.923076923077,1.0,true,0,1,true,2017-01-01,2018-08-31
0c8380b62e38e8a1e6adbeba7eb9688c,MG,Sudeste,2017-01-01,2018-08-01,17,20,20,0,180,17149.4,1008.7882352941177,0.85,true,0,1,true,2017-01-01,2018-08-31
41b39e28db005d9731d9d485a83b4c38,SP,Sudeste,2017-01-01,2018-08-01,20,20,20,0,195,17112.550000000003,855.6275000000002,1.0,true,0,1,true,2017-01-01,2018-08-31
4a3ccda38b2129705f3fb522db62ca31,SP,Sudeste,2017-09-01,2018-08-01,12,12,12,0,66,17062.590000000004,1421.8825000000004,1.0,true,0,1,true,2017-01-01,2018-08-31
76d64c4aca3a7baf218bf93ef7fa768d,PR,Sul,2017-05-01,2018-08-01,14,16,16,0,64,16911.800000000003,1207.9857142857145,0.875,true,0,1,true,2017-01-01,2018-08-31
c3acdfac4e3e97ff87529454fbc03642,SP,Sudeste,2018-03-01,2018-08-01,6,6,6,0,12,16788.0,2798.0,1.0,true,0,1,true,2017-01-01,2018-08-31
86ccac0b835037332a596a33b6949ee1,SC,Sul,2017-03-01,2018-07-01,17,17,18,1,180,16619.930000000004,977.6429411764708,1.0,true,0,1,true,2017-01-01,2018-08-31
8ae520247981aa06bc94abddf5f46d34,SC,Sul,2017-11-01,2018-08-01,10,10,10,0,65,16320.989999999998,1632.0989999999997,1.0,true,0,1,true,2017-01-01,2018-08-31
7aa4334be125fcdd2ba64b3180029f14,SP,Sudeste,2017-02-01,2017-12-01,11,11,19,8,217,16234.81,1475.891818181818,1.0,false,1,1,true,2017-01-01,2018-08-31
ef0ace09169ac090589d85746e3e036f,RJ,Sudeste,2017-11-01,2018-08-01,10,10,10,0,129,16223.300000000005,1622.3300000000004,1.0,true,0,1,true,2017-01-01,2018-08-31
1f1bb1f0859883505541bdd6606193e5,SP,Sudeste,2017-04-01,2018-07-01,13,16,17,1,27,16040.84,1233.9107692307693,0.8125,true,0,1,true,2017-01-01,2018-08-31
fa40cc5b934574b62717c68f3d678b6d,SP,Sudeste,2017-01-01,2018-05-01,17,17,20,3,306,16005.970000000001,941.5276470588236,1.0,false,1,1,true,2017-01-01,2018-08-31
0adac9fbd9a2b63cccaac4f8756c1ca8,SP,Sudeste,2017-01-01,2018-08-01,19,20,20,0,110,15960.950000000003,840.0500000000002,0.95,true,0,1,true,2017-01-01,2018-08-31
4b9750c8ad28220fe6702d4ecb7c898f,SP,Sudeste,2017-10-01,2018-08-01,11,11,11,0,218,15915.300000000005,1446.845454545455,1.0,true,0,1,true,2017-01-01,2018-08-31
2a84855fd20af891be03bc5924d2b453,MG,Sudeste,2017-12-01,2018-08-01,9,9,9,0,164,15819.100000000004,1757.6777777777781,1.0,true,0,1,true,2017-01-01,2018-08-31
f9244d45189d3a3605499abddeade7d5,SP,Sudeste,2017-02-01,2018-08-01,13,19,19,0,21,15731.43,1210.1100000000001,0.6842105263157895,true,0,1,true,2017-01-01,2018-08-31
229c3efbfb0ea2058de4ccdfbc3d784a,MG,Sudeste,2017-03-01,2018-08-01,17,18,18,0,120,15669.0,921.7058823529412,0.9444444444444444,true,0,1,true,2017-01-01,2018-08-31
d921b68bf747894be13a97ae52b0f386,MG,Sudeste,2018-04-01,2018-08-01,5,5,5,0,77,15645.800000000001,3129.1600000000003,1.0,true,0,1,true,2017-01-01,2018-08-31
6061155addc1e54b4cfb51c1c2a32ad8,SP,Sudeste,2018-06-01,2018-08-01,3,3,3,0,28,15633.4,5211.133333333333,1.0,true,0,1,true,2017-01-01,2018-08-31
c33847515fa6305ce6feb1e818569f13,SC,Sul,2018-05-01,2018-08-01,4,4,4,0,114,15519.85,3879.9625,1.0,true,0,1,true,2017-01-01,2018-08-31
85d9eb9ddc5d00ca9336a2219c97bb13,MG,Sudeste,2017-01-01,2018-08-01,20,20,20,0,508,15394.339999999997,769.7169999999999,1.0,true,0,1,true,2017-01-01,2018-08-31
213b25e6f54661939f11710a6fddb871,SP,Sudeste,2017-11-01,2018-08-01,9,10,10,0,155,15379.499999999998,1708.833333333333,0.9,true,0,1,true,2017-01-01,2018-08-31
c847e075301870dd144a116762eaff9a,MG,Sudeste,2017-02-01,2018-01-01,9,12,19,7,42,15348.700000000003,1705.4111111111115,0.75,false,1,1,true,2017-01-01,2018-08-31
e5a38146df062edaf55c38afa99e42dc,SP,Sudeste,2017-01-01,2018-08-01,19,20,20,0,120,15290.080000000002,804.741052631579,0.95,true,0,1,true,2017-01-01,2018-08-31
ce248b21cb2adc36282ede306b7660e5,SC,Sul,2017-07-01,2018-08-01,14,14,14,0,65,15230.060000000001,1087.8614285714286,1.0,true,0,1,true,2017-01-01,2018-08-31
79ebd9a61bac3eaf882805ed4ecfa12a,PR,Sul,2017-10-01,2018-08-01,11,11,11,0,136,15092.790000000003,1372.0718181818183,1.0,true,0,1,true,2017-01-01,2018-08-31
75d34ebb1bd0bd7dde40dd507b8169c3,BA,Nordeste,2017-01-01,2018-02-01,13,14,20,6,62,15048.28,1157.56,0.9285714285714286,false,1,1,true,2017-01-01,2018-08-31
e2a1ac9bf33e5549a2a4f834e70df2f8,SP,Sudeste,2017-03-01,2017-07-01,3,5,18,13,5,14999.449999999999,4999.816666666667,0.6,false,1,1,true,2017-01-01,2018-08-31
01fdefa7697d26ad920e9e0346d4bd1b,PR,Sul,2017-04-01,2018-08-01,17,17,17,0,129,14921.43,877.7311764705883,1.0,true,0,1,true,2017-01-01,2018-08-31
1b4c3a6f53068f0b6944d2d005c9fc89,SC,Sul,2017-02-01,2018-07-01,18,18,19,1,113,14760.300000000003,820.0166666666669,1.0,true,0,1,true,2017-01-01,2018-08-31
a5cba26a62b8b4d0145b68b841e62e7f,PR,Sul,2017-07-01,2018-08-01,13,14,14,0,54,14737.84,1133.68,0.9285714285714286,true,0,1,true,2017-01-01,2018-08-31
4c2b230173bb36f9b240f2b8ac11786e,SP,Sudeste,2017-02-01,2018-08-01,17,19,19,0,261,14592.270000000004,858.368823529412,0.8947368421052632,true,0,1,true,2017-01-01,2018-08-31
080199a181c46c657dc5aa235411be3b,SP,Sudeste,2017-09-01,2018-08-01,12,12,12,0,79,14504.2,1208.6833333333334,1.0,true,0,1,true,2017-01-01,2018-08-31
8e6d7754bc7e0f22c96d255ebda59eba,SP,Sudeste,2017-12-01,2018-08-01,5,9,9,0,85,14497.270000000004,2899.4540000000006,0.5555555555555556,true,0,1,true,2017-01-01,2018-08-31
cf8ab1616079e2793aa29d524df01bb1,SP,Sudeste,2017-12-01,2018-03-01,3,4,9,5,9,14391.0,4797.0,0.75,false,1,1,true,2017-01-01,2018-08-31
5cf13accae3222c70a9cac40818ae839,MG,Sudeste,2017-01-01,2018-08-01,19,20,20,0,149,14383.200000000003,757.0105263157897,0.95,true,0,1,true,2017-01-01,2018-08-31
a6bd7d1ccdac48c6b33b28596b7eb122,PB,Nordeste,2017-06-01,2018-07-01,9,14,15,1,16,14368.61,1596.5122222222224,0.6428571428571429,true,0,1,true,2017-01-01,2018-08-31
66922902710d126a0e7d26b0e3805106,MG,Sudeste,2017-05-01,2018-08-01,16,16,16,0,151,14362.300000000001,897.6437500000001,1.0,true,0,1,true,2017-01-01,2018-08-31
aba1721a889e04decc910aa13b768ef4,SP,Sudeste,2017-02-01,2018-08-01,19,19,19,0,83,14103.3,742.278947368421,1.0,true,0,1,true,2017-01-01,2018-08-31
f08a5b9dd6767129688d001acafc21e5,RS,Sul,2017-10-01,2018-01-01,4,4,11,7,11,14069.630000000003,3517.4075000000007,1.0,false,1,1,true,2017-01-01,2018-08-31
3b15288545f8928d3e65a8f949a28291,SP,Sudeste,2017-03-01,2018-08-01,18,18,18,0,104,14061.79,781.2105555555556,1.0,true,0,1,true,2017-01-01,2018-08-31
c6bda72e4dbf5c5866b13cb1810c6d03,SP,Sudeste,2017-07-01,2018-08-01,12,14,14,0,59,14059.380000000001,1171.615,0.8571428571428571,true,0,1,true,2017-01-01,2018-08-31
2e90cb1677d35cfe24eef47d441b7c87,SP,Sudeste,2017-03-01,2018-08-01,17,18,18,0,127,13894.710000000003,817.3358823529413,0.9444444444444444,true,0,1,true,2017-01-01,2018-08-31
a673821011d0cec28146ea42f5ab767f,SP,Sudeste,2017-02-01,2018-08-01,19,19,19,0,129,13863.69,729.6678947368422,1.0,true,0,1,true,2017-01-01,2018-08-31
d94a40fd42351c259927028d163af842,MG,Sudeste,2017-07-01,2018-08-01,14,14,14,0,101,13823.8,987.4142857142857,1.0,true,0,1,true,2017-01-01,2018-08-31
05f51e13da97139648b8125c31e5f51b,MG,Sudeste,2017-07-01,2018-03-01,8,9,14,5,60,13769.010000000002,1721.1262500000003,0.8888888888888888,false,1,1,true,2017-01-01,2018-08-31
b8bc237ba3788b23da09c0f1f3a3288c,SC,Sul,2017-08-01,2018-06-01,11,11,13,2,45,13685.71,1244.1554545454544,1.0,false,1,1,true,2017-01-01,2018-08-31
6039e27294dc75811c0d8a39069f52c0,SP,Sudeste,2017-02-01,2018-08-01,19,19,19,0,64,13670.700000000003,719.5105263157897,1.0,true,0,1,true,2017-01-01,2018-08-31
1f9ab4708f3056ede07124aad39a2554,SP,Sudeste,2017-01-01,2018-06-01,17,18,20,2,78,13602.730000000001,800.1605882352942,0.9444444444444444,false,1,1,true,2017-01-01,2018-08-31
6d66611d7c44cc30ce351abc49a68421,SP,Sudeste,2017-02-01,2018-08-01,18,19,19,0,166,13593.4,755.1888888888889,0.9473684210526315,true,0,1,true,2017-01-01,2018-08-31
240b9776d844d37535668549a396af32,RJ,Sudeste,2018-07-01,2018-08-01,2,2,2,0,36,13592.079999999996,6796.039999999998,1.0,true,0,1,true,2017-01-01,2018-08-31
610f72e407cdd7caaa2f8167b0163fd8,SP,Sudeste,2018-04-01,2018-08-01,5,5,5,0,16,13585.16,2717.032,1.0,true,0,1,true,2017-01-01,2018-08-31
289cdb325fb7e7f891c38608bf9e0962,SP,Sudeste,2018-02-01,2018-08-01,7,7,7,0,110,13544.95,1934.9928571428572,1.0,true,0,1,true,2017-01-01,2018-08-31
0b35c634521043bf4b47e21547b99ab5,PR,Sul,2017-12-01,2018-08-01,9,9,9,0,51,13533.650000000001,1503.738888888889,1.0,true,0,1,true,2017-01-01,2018-08-31
a3e9a2c700480d9bb01fba070ba80a0e,SP,Sudeste,2017-05-01,2018-08-01,16,16,16,0,130,13440.8,840.05,1.0,true,0,1,true,2017-01-01,2018-08-31
440dd6ab244315c632130ecfb63827b1,SP,Sudeste,2017-01-01,2018-08-01,20,20,20,0,91,13437.2,671.86,1.0,true,0,1,true,2017-01-01,2018-08-31
d05ae8f7a5bd1d2a690a44cd079e4e27,RJ,Sudeste,2017-04-01,2018-08-01,13,17,17,0,78,13436.0,1033.5384615384614,0.7647058823529411,true,0,1,true,2017-01-01,2018-08-31
34d1ca11b242c0fee2c834ae8d788566,MG,Sudeste,2017-03-01,2018-08-01,17,18,18,0,40,13422.24,789.5435294117647,0.9444444444444444,true,0,1,true,2017-01-01,2018-08-31
87b740daf17b5d1be335a64164ec6842,SP,Sudeste,2017-02-01,2018-03-01,8,14,19,5,12,13399.88,1674.985,0.5714285714285714,false,1,1,true,2017-01-01,2018-08-31
1ca7077d890b907f89be8c954a02686a,SP,Sudeste,2017-09-01,2018-04-01,7,8,12,4,115,13341.569999999998,1905.938571428571,0.875,false,1,1,true,2017-01-01,2018-08-31
8cc6a0e5738e61a87b03c78b2ba9db4b,MG,Sudeste,2017-02-01,2017-04-01,3,3,19,16,24,13312.4,4437.466666666666,1.0,false,1,1,true,2017-01-01,2018-08-31
669ae81880e08f269a64487cfb287169,SC,Sul,2017-01-01,2018-08-01,20,20,20,0,162,13248.869999999999,662.4435,1.0,true,0,1,true,2017-01-01,2018-08-31
5d378b73ab7dd6f0418d743e5dcb0bd1,SP,Sudeste,2017-10-01,2017-11-01,2,2,11,9,7,13243.0,6621.5,1.0,false,1,1,true,2017-01-01,2018-08-31
ad97a199236354e53fcd91a5a913e9a2,SC,Sul,2017-11-01,2018-07-01,8,9,10,1,17,13205.900000000001,1650.7375000000002,0.8888888888888888,true,0,1,true,2017-01-01,2018-08-31
c31eff8334d6b3047ed34bebd4d62c36,SP,Sudeste,2017-11-01,2018-08-01,9,10,10,0,122,13191.500000000002,1465.7222222222224,0.9,true,0,1,true,2017-01-01,2018-08-31
e8b3a3a38279a82f0e5d006d5e5b7d2c,PR,Sul,2017-10-01,2018-03-01,6,6,11,5,87,13154.700000000003,2192.4500000000003,1.0,false,1,1,true,2017-01-01,2018-08-31
6edacfd9f9074789dad6d62ba7950b9c,SP,Sudeste,2017-01-01,2018-08-01,20,20,20,0,208,13147.099999999999,657.3549999999999,1.0,true,0,1,true,2017-01-01,2018-08-31
9e6229250fedbe05838fef417b74e7fb,SP,Sudeste,2017-09-01,2018-08-01,10,12,12,0,74,13132.200000000004,1313.2200000000005,0.8333333333333334,true,0,1,true,2017-01-01,2018-08-31
431af27f296bc6519d890aa5a05fdb11,SP,Sudeste,2017-04-01,2018-07-01,16,16,17,1,117,13109.500000000002,819.3437500000001,1.0,true,0,1,true,2017-01-01,2018-08-31
530ec6109d11eaaf87999465c6afee01,PR,Sul,2017-05-01,2018-08-01,14,16,16,0,97,12983.81,927.415,0.875,true,0,1,true,2017-01-01,2018-08-31
99eaacc9e6046db1c82b163c5f84869f,SP,Sudeste,2017-02-01,2018-02-01,11,13,19,6,65,12940.17,1176.379090909091,0.8461538461538461,false,1,1,true,2017-01-01,2018-08-31
6e386f64c84e482f0b9abf960797ee1b,SP,Sudeste,2018-03-01,2018-08-01,6,6,6,0,30,12938.300000000001,2156.3833333333337,1.0,true,0,1,true,2017-01-01,2018-08-31
039e6ad9dae79614493083e241147386,SP,Sudeste,2018-04-01,2018-07-01,3,4,5,1,5,12925.0,4308.333333333333,0.75,true,0,1,true,2017-01-01,2018-08-31
c60b801f2d52c7f7f91de00870882a75,SP,Sudeste,2018-01-01,2018-08-01,8,8,8,0,41,12913.5,1614.1875,1.0,true,0,1,true,2017-01-01,2018-08-31
d50d79cb34e38265a8649c383dcffd48,SP,Sudeste,2017-01-01,2018-08-01,17,20,20,0,69,12842.43,755.4370588235295,0.85,true,0,1,true,2017-01-01,2018-08-31
cfb1a033743668a192316f3c6d1d2671,SP,Sudeste,2017-02-01,2018-08-01,18,19,19,0,147,12803.64,711.3133333333333,0.9473684210526315,true,0,1,true,2017-01-01,2018-08-31
ac3508719a1d8f5b7614b798f70af136,RS,Sul,2017-05-01,2018-08-01,16,16,16,0,103,12775.840000000002,798.4900000000001,1.0,true,0,1,true,2017-01-01,2018-08-31
ed4acab38528488b65a9a9c603ff024a,SP,Sudeste,2017-03-01,2018-07-01,14,17,18,1,32,12759.449999999999,911.3892857142856,0.8235294117647058,true,0,1,true,2017-01-01,2018-08-31
7202e2ba20579a9bd1acb29e61fe71f6,SP,Sudeste,2017-07-01,2018-08-01,14,14,14,0,53,12750.5,910.75,1.0,true,0,1,true,2017-01-01,2018-08-31
e24fc9fcd865784fb25705606fe3dfe7,SP,Sudeste,2017-01-01,2018-03-01,15,15,20,5,51,12726.0,848.4,1.0,false,1,1,true,2017-01-01,2018-08-31
c66dccfb3f109511246da627dd5a2498,SP,Sudeste,2018-01-01,2018-08-01,8,8,8,0,45,12708.55,1588.56875,1.0,true,0,1,true,2017-01-01,2018-08-31
2e1c9f22be269ef4643f826c9e650a52,SP,Sudeste,2017-07-01,2018-08-01,14,14,14,0,167,12687.679999999998,906.262857142857,1.0,true,0,1,true,2017-01-01,2018-08-31
00fc707aaaad2d31347cf883cd2dfe10,PR,Sul,2018-01-01,2018-06-01,6,6,8,2,103,12684.899999999998,2114.1499999999996,1.0,false,1,1,true,2017-01-01,2018-08-31
b372ee768ed69e46ca8cdbd267aa7a38,SP,Sudeste,2017-03-01,2018-08-01,15,18,18,0,63,12630.0,842.0,0.8333333333333334,true,0,1,true,2017-01-01,2018-08-31
66e0557ecc2b4dbea057e93f215f68d8,SP,Sudeste,2017-05-01,2018-02-01,10,10,16,6,31,12480.0,1248.0,1.0,false,1,1,true,2017-01-01,2018-08-31
2b1a40c1daabc6ca280c4b815c101841,MG,Sudeste,2017-01-01,2018-06-01,13,18,20,2,22,12342.599999999999,949.4307692307691,0.7222222222222222,false,1,1,true,2017-01-01,2018-08-31
056b4ada5bbc2c50cc7842547dda6b51,RJ,Sudeste,2017-12-01,2018-08-01,9,9,9,0,65,12333.389999999998,1370.3766666666663,1.0,true,0,1,true,2017-01-01,2018-08-31
2138ccb85b11a4ec1e37afbd1c8eda1f,SP,Sudeste,2017-01-01,2018-08-01,20,20,20,0,394,12307.140000000003,615.3570000000002,1.0,true,0,1,true,2017-01-01,2018-08-31
d6b1ce66b035a475f00c017792ff9769,SP,Sudeste,2018-03-01,2018-08-01,6,6,6,0,92,12277.399999999998,2046.233333333333,1.0,true,0,1,true,2017-01-01,2018-08-31
48436dade18ac8b2bce089ec2a041202,SP,Sudeste,2017-03-01,2018-08-01,15,18,18,0,138,12271.710000000005,818.1140000000003,0.8333333333333334,true,0,1,true,2017-01-01,2018-08-31
c510bc1718f0f2961eaa42a23330681a,SP,Sudeste,2018-04-01,2018-08-01,4,5,5,0,13,12251.0,3062.75,0.8,true,0,1,true,2017-01-01,2018-08-31
fbc14c0cf93505ef89f64665ffa4a7b5,SP,Sudeste,2017-08-01,2018-08-01,10,13,13,0,18,12227.82,1222.782,0.7692307692307693,true,0,1,true,2017-01-01,2018-08-31
c8b0e2b0a7095e5d8219575d5e7e1181,SP,Sudeste,2017-07-01,2018-08-01,13,14,14,0,84,12170.21,936.17,0.9285714285714286,true,0,1,true,2017-01-01,2018-08-31
70c27847eca8195c983ed7e798c56743,RJ,Sudeste,2018-04-01,2018-08-01,5,5,5,0,77,12077.519999999995,2415.503999999999,1.0,true,0,1,true,2017-01-01,2018-08-31
ff063b022a9a0aab91bad2c9088760b7,SP,Sudeste,2017-02-01,2018-08-01,16,19,19,0,94,12076.5,754.78125,0.8421052631578947,true,0,1,true,2017-01-01,2018-08-31
e26901d5ab434ce92fd9b5c256820a4e,SP,Sudeste,2017-01-01,2017-09-01,9,9,20,11,202,11990.900000000005,1332.3222222222228,1.0,false,1,1,true,2017-01-01,2018-08-31
701938c450705b8ae65fc923b70f35c7,SP,Sudeste,2017-01-01,2018-04-01,15,16,20,4,75,11983.28,798.8853333333334,0.9375,false,1,1,true,2017-01-01,2018-08-31
c4f7fee5b0db50e87766f5a4d1b1b758,SP,Sudeste,2018-04-01,2018-07-01,2,4,5,1,8,11961.83,5980.915,0.5,true,0,1,true,2017-01-01,2018-08-31
128639473a139ac0f3e5f5ade55873a5,PR,Sul,2017-05-01,2018-08-01,16,16,16,0,533,11908.850000000002,744.3031250000001,1.0,true,0,1,true,2017-01-01,2018-08-31
d71d863e5ef30d94e440c11be17dcd8f,SP,Sudeste,2017-10-01,2018-05-01,5,8,11,3,29,11900.9,2380.18,0.625,false,1,1,true,2017-01-01,2018-08-31
8b8cfc8305aa441e4239358c9f6f2485,PR,Sul,2017-01-01,2018-04-01,10,16,20,4,15,11892.0,1189.2,0.625,false,1,1,true,2017-01-01,2018-08-31
7901646fdd36a55f564ffaf2dbccaaf7,RJ,Sudeste,2017-03-01,2018-08-01,12,18,18,0,22,11857.08,988.09,0.6666666666666666,true,0,1,true,2017-01-01,2018-08-31
09f952a5f58d2285b0372551ae8f9b01,SP,Sudeste,2017-09-01,2018-08-01,12,12,12,0,50,11821.5,985.125,1.0,true,0,1,true,2017-01-01,2018-08-31
adbc26658d6c7b4b6219f9d934598091,PR,Sul,2017-08-01,2018-08-01,13,13,13,0,88,11806.4,908.1846153846153,1.0,true,0,1,true,2017-01-01,2018-08-31
0be8ff43f22e456b4e0371b2245e4d01,SP,Sudeste,2017-05-01,2018-08-01,16,16,16,0,161,11805.500000000002,737.8437500000001,1.0,true,0,1,true,2017-01-01,2018-08-31
72c5da29406b4234927b81855e7b64f6,SP,Sudeste,2018-04-01,2018-08-01,5,5,5,0,31,11798.69,2359.7380000000003,1.0,true,0,1,true,2017-01-01,2018-08-31
ce7d1888639e6fb06b2749cbfdac1ff7,MG,Sudeste,2017-08-01,2018-08-01,13,13,13,0,78,11793.89,907.2223076923076,1.0,true,0,1,true,2017-01-01,2018-08-31
23d7c96d4a1160db1c726b248601b25a,SP,Sudeste,2017-07-01,2018-08-01,14,14,14,0,53,11766.94,840.4957142857144,1.0,true,0,1,true,2017-01-01,2018-08-31
d1b65fc7debc3361ea86b5f14c68d2e2,SP,Sudeste,2017-03-01,2018-06-01,12,16,18,2,40,11703.07,975.2558333333333,0.75,false,1,1,true,2017-01-01,2018-08-31
bba3293d6f5d5af2f415e004e8b93ae3,SP,Sudeste,2017-09-01,2018-06-01,7,10,12,2,17,11702.1,1671.7285714285715,0.7,false,1,1,true,2017-01-01,2018-08-31
a7f13822ceb966b076af67121f87b063,SP,Sudeste,2017-02-01,2017-05-01,4,4,19,15,69,11586.760000000002,2896.6900000000005,1.0,false,1,1,true,2017-01-01,2018-08-31
25e6ffe976bd75618accfe16cefcbd0d,SP,Sudeste,2017-01-01,2018-06-01,18,18,20,2,106,11503.61,639.0894444444444,1.0,false,1,1,true,2017-01-01,2018-08-31
c4d51195486dc781531876a7d00453d8,SP,Sudeste,2018-03-01,2018-06-01,4,4,6,2,17,11468.98,2867.245,1.0,false,1,1,true,2017-01-01,2018-08-31
80e6699fe29150b372a0c8a1ebf7dcc8,PR,Sul,2017-01-01,2018-05-01,17,17,20,3,97,11401.57,670.6805882352941,1.0,false,1,1,true,2017-01-01,2018-08-31
b4f8921fcc4ff77b66bea6dda43dcd51,RS,Sul,2018-05-01,2018-08-01,3,4,4,0,18,11395.05,3798.35,0.75,true,0,1,true,2017-01-01,2018-08-31
1d8dbc4f32378d715c717c1c1fc57bae,PR,Sul,2017-03-01,2018-06-01,16,16,18,2,92,11315.89,707.243125,1.0,false,1,1,true,2017-01-01,2018-08-31
cab85505710c7cb9b720bceb52b01cee,SP,Sudeste,2017-01-01,2018-08-01,20,20,20,0,204,11284.299999999997,564.2149999999999,1.0,true,0,1,true,2017-01-01,2018-08-31
813348c996469b40f2e028d5429d3495,SP,Sudeste,2017-05-01,2018-04-01,12,12,16,4,179,11205.830000000004,933.819166666667,1.0,false,1,1,true,2017-01-01,2018-08-31
6cd68b3ed6d59aaa9fece558ad360c0a,MG,Sudeste,2017-01-01,2018-04-01,16,16,20,4,149,11188.569999999998,699.2856249999999,1.0,false,1,1,true,2017-01-01,2018-08-31
ccb83a794700270fde70898fe9ff368b,SC,Sul,2017-02-01,2017-08-01,6,7,19,12,12,11062.0,1843.6666666666667,0.8571428571428571,false,1,1,true,2017-01-01,2018-08-31
5a8e7d5003a1f221f9e1d6e411de7c23,SP,Sudeste,2017-01-01,2018-08-01,20,20,20,0,138,11052.099999999997,552.6049999999998,1.0,true,0,1,true,2017-01-01,2018-08-31
8d956fec2e4337affcb520f56fd8cbfd,SP,Sudeste,2017-10-01,2018-08-01,11,11,11,0,211,11015.19,1001.3809090909091,1.0,true,0,1,true,2017-01-01,2018-08-31
6973a06f484aacf400ece213dbf3d946,SP,Sudeste,2018-01-01,2018-07-01,6,7,8,1,95,11011.049999999997,1835.1749999999995,0.8571428571428571,true,0,1,true,2017-01-01,2018-08-31
95e03ca3d4146e4011985981aeb959b9,RJ,Sudeste,2017-05-01,2018-08-01,16,16,16,0,175,11009.96,688.1225,1.0,true,0,1,true,2017-01-01,2018-08-31
7ea5bfa6c340f58f8e71fc1f0412b0d6,MG,Sudeste,2017-11-01,2018-08-01,10,10,10,0,98,11002.89,1100.289,1.0,true,0,1,true,2017-01-01,2018-08-31
54965bbe3e4f07ae045b90b0b8541f52,PR,Sul,2017-10-01,2018-07-01,5,10,11,1,78,10961.299999999996,2192.2599999999993,0.5,true,0,1,true,2017-01-01,2018-08-31
82e0a475a88cc9595229d8029273f045,SP,Sudeste,2017-02-01,2018-01-01,11,12,19,7,42,10930.02,993.6381818181818,0.9166666666666666,false,1,1,true,2017-01-01,2018-08-31
c9c7905cffc4ef9ff9f113554423e671,SP,Sudeste,2017-06-01,2018-08-01,15,15,15,0,127,10657.18,710.4786666666666,1.0,true,0,1,true,2017-01-01,2018-08-31
0ea22c1cfbdc755f86b9b54b39c16043,MG,Sudeste,2017-01-01,2018-08-01,19,20,20,0,234,10557.099999999997,555.636842105263,0.95,true,0,1,true,2017-01-01,2018-08-31
bd23da7354813347129d751591d1a6e2,SP,Sudeste,2017-07-01,2018-08-01,14,14,14,0,89,10544.300000000001,753.1642857142858,1.0,true,0,1,true,2017-01-01,2018-08-31
f3b80352b986ab4d1057a4b724be19d0,DF,Centro-Oeste,2017-02-01,2018-07-01,17,18,19,1,87,10505.1,617.9470588235295,0.9444444444444444,true,0,1,true,2017-01-01,2018-08-31
f262cbc1c910c83959f849465454ddd3,SP,Sudeste,2017-11-01,2018-08-01,10,10,10,0,192,10482.829999999998,1048.283,1.0,true,0,1,true,2017-01-01,2018-08-31
ce27a3cc3c8cc1ea79d11e561e9bebb6,SP,Sudeste,2017-02-01,2018-08-01,11,19,19,0,129,10478.75,952.6136363636364,0.5789473684210527,true,0,1,true,2017-01-01,2018-08-31
dd2bdf855a9172734fbc3744021ae9b9,MG,Sudeste,2017-01-01,2018-01-01,13,13,20,7,106,10476.9,805.9153846153846,1.0,false,1,1,true,2017-01-01,2018-08-31
c864036feaab8c1659f65ea4faebe1da,PR,Sul,2017-07-01,2018-08-01,14,14,14,0,58,10454.2,746.7285714285715,1.0,true,0,1,true,2017-01-01,2018-08-31
ea566164622c6b439516ab18062c42cd,SP,Sudeste,2017-11-01,2018-08-01,10,10,10,0,50,10309.42,1030.942,1.0,true,0,1,true,2017-01-01,2018-08-31
b499c00f28f4b7069ff6550af8c1348a,SP,Sudeste,2017-01-01,2018-08-01,15,20,20,0,151,10297.14,686.476,0.75,true,0,1,true,2017-01-01,2018-08-31
33a6f4b1e7cdc205511e76ba1b6e0186,SP,Sudeste,2018-01-01,2018-08-01,8,8,8,0,105,10295.01,1286.87625,1.0,true,0,1,true,2017-01-01,2018-08-31
9d5a9018aee56acb367ba9c3f05d1d6a,GO,Centro-Oeste,2017-03-01,2018-03-01,12,13,18,5,67,10292.31,857.6925,0.9230769230769231,false,1,1,true,2017-01-01,2018-08-31
06532f10282704ef4c69168b914b77be,PR,Sul,2017-03-01,2017-08-01,6,6,18,12,8,10220.5,1703.4166666666667,1.0,false,1,1,true,2017-01-01,2018-08-31
1c5e4e49b9079480255b49d50aac1aa9,SP,Sudeste,2017-03-01,2018-08-01,11,18,18,0,12,10173.11,924.8281818181819,0.6111111111111112,true,0,1,true,2017-01-01,2018-08-31
7b1222c3624aa89b9558b50a2594188c,SP,Sudeste,2017-02-01,2018-06-01,11,17,19,2,22,10103.52,918.5018181818182,0.6470588235294118,false,1,1,true,2017-01-01,2018-08-31
5058e8c1e82653974541e83690655b4a,SP,Sudeste,2017-10-01,2018-08-01,11,11,11,0,63,10022.82,911.1654545454545,1.0,true,0,1,true,2017-01-01,2018-08-31
0df3984f9dfb3d49ac6366acbd3bbb85,MG,Sudeste,2017-03-01,2018-06-01,16,16,18,2,87,10021.49,626.343125,1.0,false,1,1,true,2017-01-01,2018-08-31
5343d0649eca2a983820bfe93fc4d17e,SP,Sudeste,2017-12-01,2018-07-01,8,8,9,1,71,10000.64,1250.08,1.0,true,0,1,true,2017-01-01,2018-08-31
054694fa03fe82cec4b7551487331d74,SP,Sudeste,2017-01-01,2018-04-01,10,16,20,4,21,9983.1,998.3100000000001,0.625,false,1,1,false,2017-01-01,2018-08-31
9d4db00d65d7760644ac0c14edb5fd86,SP,Sudeste,2017-12-01,2018-08-01,9,9,9,0,98,9979.7,1108.8555555555556,1.0,true,0,1,false,2017-01-01,2018-08-31
961dff0a659b4561334372337dd897d9,RJ,Sudeste,2017-04-01,2017-08-01,3,5,17,12,4,9946.0,3315.3333333333335,0.6,false,1,1,false,2017-01-01,2018-08-31
5882820ef11c4c068eea0677a7a879b4,RS,Sul,2017-04-01,2018-07-01,8,16,17,1,14,9925.5,1240.6875,0.5,true,0,1,false,2017-01-01,2018-08-31
4830e40640734fc1c52cd21127c341d4,SP,Sudeste,2017-07-01,2018-08-01,14,14,14,0,210,9843.470000000001,703.1050000000001,1.0,true,0,1,false,2017-01-01,2018-08-31
ef506c96320abeedfb894c34db06f478,SP,Sudeste,2017-01-01,2018-08-01,20,20,20,0,324,9771.43,488.5715,1.0,true,0,1,false,2017-01-01,2018-08-31
17ca9b9e9b9ef8fdb529001b49ebb50f,MG,Sudeste,2017-07-01,2018-08-01,14,14,14,0,116,9754.830000000002,696.7735714285716,1.0,true,0,1,false,2017-01-01,2018-08-31
7040e82f899a04d1b434b795a43b4617,SP,Sudeste,2017-09-01,2018-08-01,12,12,12,0,212,9738.2,811.5166666666668,1.0,true,0,1,false,2017-01-01,2018-08-31
7b07b3c7487f0ea825fc6df75abd658b,SP,Sudeste,2017-01-01,2018-08-01,19,20,20,0,93,9731.85,512.2026315789474,0.95,true,0,1,false,2017-01-01,2018-08-31
ca3bd7cd9f149df75950150d010fe4a2,SP,Sudeste,2017-01-01,2018-08-01,18,20,20,0,71,9731.85,540.6583333333333,0.9,true,0,1,false,2017-01-01,2018-08-31
17306570e772e7718c92a562d33f5f1d,SP,Sudeste,2017-02-01,2018-04-01,13,15,19,4,29,9669.800000000001,743.8307692307693,0.8666666666666667,false,1,1,false,2017-01-01,2018-08-31
01cf7e3d21494c41fb86034f2e714fa1,PR,Sul,2017-01-01,2018-02-01,9,14,20,6,60,9659.46,1073.2733333333333,0.6428571428571429,false,1,1,false,2017-01-01,2018-08-31
e96498ed8daaa3e9c23f7a62da76591c,SP,Sudeste,2017-10-01,2018-07-01,10,10,11,1,34,9619.09,961.909,1.0,true,0,1,false,2017-01-01,2018-08-31
31344c16881c08a8a72c6d2eb29918c1,MG,Sudeste,2017-01-01,2018-08-01,16,20,20,0,43,9615.7,600.98125,0.8,true,0,1,false,2017-01-01,2018-08-31
e7df4cd29ab5abab70fb0783ddb53987,SP,Sudeste,2017-02-01,2018-08-01,14,19,19,0,23,9608.699999999999,686.3357142857142,0.7368421052631579,true,0,1,false,2017-01-01,2018-08-31
73a63f72308aa20a46f4b1632018f196,PR,Sul,2017-03-01,2018-08-01,13,18,18,0,29,9606.8,738.9846153846154,0.7222222222222222,true,0,1,false,2017-01-01,2018-08-31
b2ac621f0d0322434d04a12b078b9369,PR,Sul,2017-08-01,2018-08-01,11,13,13,0,30,9575.5,870.5,0.8461538461538461,true,0,1,false,2017-01-01,2018-08-31
1c129092bf23f28a5930387c980c0dfc,SP,Sudeste,2017-10-01,2018-08-01,11,11,11,0,201,9553.62,868.5109090909092,1.0,true,0,1,false,2017-01-01,2018-08-31
36a968b544695394e4e9d7572688598f,SP,Sudeste,2017-02-01,2018-08-01,17,19,19,0,154,9482.869999999999,557.8158823529411,0.8947368421052632,true,0,1,false,2017-01-01,2018-08-31
3db66a856d18a9cba7c9241fc5221c50,MG,Sudeste,2017-04-01,2018-08-01,14,17,17,0,94,9478.3,677.0214285714285,0.8235294117647058,true,0,1,false,2017-01-01,2018-08-31
270297ead4c65a6cd2593960d2af6b21,SP,Sudeste,2017-03-01,2018-08-01,11,18,18,0,18,9422.4,856.5818181818181,0.6111111111111112,true,0,1,false,2017-01-01,2018-08-31
81a1104df0f08b59c68aa5b03cfe398e,PR,Sul,2017-05-01,2018-04-01,10,12,16,4,73,9420.880000000001,942.0880000000001,0.8333333333333334,false,1,1,false,2017-01-01,2018-08-31
cb8bcce248bb1fb274ba762d8b971456,MG,Sudeste,2017-01-01,2018-08-01,19,20,20,0,68,9402.2,494.8526315789474,0.95,true,0,1,false,2017-01-01,2018-08-31
a00824eb9093d40e589b940ec45c4eb0,SP,Sudeste,2017-10-01,2018-04-01,2,7,11,4,3,9399.97,4699.985,0.2857142857142857,false,1,1,false,2017-01-01,2018-08-31
5b8154610ebb21fb90eb587365e673df,SP,Sudeste,2017-07-01,2018-07-01,13,13,14,1,38,9397.54,722.8876923076924,1.0,true,0,1,false,2017-01-01,2018-08-31
3c487ae8f8d7542beff5788e2e0aea83,DF,Centro-Oeste,2017-08-01,2018-08-01,12,13,13,0,30,9385.699999999999,782.1416666666665,0.9230769230769231,true,0,1,false,2017-01-01,2018-08-31
8b28d096634035667e8263d57ba3368c,SP,Sudeste,2017-02-01,2018-07-01,18,18,19,1,143,9375.7,520.8722222222223,1.0,true,0,1,false,2017-01-01,2018-08-31
05feb94f19d094d4b0f9281f0b1d4c99,SP,Sudeste,2017-08-01,2018-02-01,6,7,13,6,6,9353.0,1558.8333333333333,0.8571428571428571,false,1,1,false,2017-01-01,2018-08-31
066a6914e1ebf3ea95a216c73a986b91,PR,Sul,2017-01-01,2018-08-01,18,20,20,0,67,9330.48,518.36,0.9,true,0,1,false,2017-01-01,2018-08-31
aaed1309374718fdd995ee4c58c9dfcd,SC,Sul,2017-01-01,2018-08-01,20,20,20,0,104,9314.05,465.7025,1.0,true,0,1,false,2017-01-01,2018-08-31
048c2757535328e0d7dac690ad3c0aae,SP,Sudeste,2017-03-01,2018-08-01,17,18,18,0,51,9264.779999999999,544.9870588235293,0.9444444444444444,true,0,1,false,2017-01-01,2018-08-31
aafe36600ce604f205b86b5084d3d767,SC,Sul,2017-02-01,2018-08-01,19,19,19,0,129,9251.4,486.9157894736842,1.0,true,0,1,false,2017-01-01,2018-08-31
dd7ddc04e1b6c2c614352b383efe2d36,SP,Sudeste,2017-04-01,2018-07-01,15,16,17,1,122,9178.51,611.9006666666667,0.9375,true,0,1,false,2017-01-01,2018-08-31
4e7c18b98d84e05cbae3ff0ff03846c2,SP,Sudeste,2017-02-01,2018-07-01,17,18,19,1,82,9177.9,539.8764705882353,0.9444444444444444,true,0,1,false,2017-01-01,2018-08-31
6c12e40690c335dbc2f68a4134d30dc1,PR,Sul,2017-02-01,2018-08-01,10,19,19,0,16,9139.199999999999,913.9199999999998,0.5263157894736842,true,0,1,false,2017-01-01,2018-08-31
f80edd2c5aaa505cc4b0a3b219abf4b8,SP,Sudeste,2017-04-01,2018-08-01,17,17,17,0,119,9108.199999999999,535.7764705882353,1.0,true,0,1,false,2017-01-01,2018-08-31
8e8a7ce9f2f970dc00e2acf6f6e199f6,RJ,Sudeste,2017-11-01,2018-08-01,10,10,10,0,65,9101.0,910.1,1.0,true,0,1,false,2017-01-01,2018-08-31
06df0c10d34e459d9672bc77388742eb,PR,Sul,2018-03-01,2018-08-01,6,6,6,0,26,9070.0,1511.6666666666667,1.0,true,0,1,false,2017-01-01,2018-08-31
fffd5413c0700ac820c7069d66d98c89,SP,Sudeste,2017-07-01,2018-08-01,14,14,14,0,60,9062.3,647.3071428571428,1.0,true,0,1,false,2017-01-01,2018-08-31
9b013e03b2ab786505a1d3b5c0756754,SP,Sudeste,2017-10-01,2018-08-01,11,11,11,0,174,9027.4,820.6727272727272,1.0,true,0,1,false,2017-01-01,2018-08-31
624f4ece8da4aafb77699233d480f8ef,SP,Sudeste,2017-02-01,2018-08-01,17,19,19,0,52,9016.0,530.3529411764706,0.8947368421052632,true,0,1,false,2017-01-01,2018-08-31
0db783cfcd3b73998abc6e10e59a102f,SP,Sudeste,2017-01-01,2018-04-01,16,16,20,4,130,9007.4,562.9625,1.0,false,1,1,false,2017-01-01,2018-08-31
403aa86912527d730337ffcb0fb096ab,MG,Sudeste,2017-01-01,2017-11-01,7,11,20,9,11,8959.89,1279.9842857142855,0.6363636363636364,false,1,1,false,2017-01-01,2018-08-31
f27e33c6d29b5138fa9967bcd445b6d5,SP,Sudeste,2017-07-01,2018-08-01,14,14,14,0,93,8888.3,634.8785714285714,1.0,true,0,1,false,2017-01-01,2018-08-31
32b8764b4ef628b53608fc34011fcc13,SC,Sul,2018-03-01,2018-08-01,6,6,6,0,36,8884.0,1480.6666666666667,1.0,true,0,1,false,2017-01-01,2018-08-31
5f2684dab12e59f83bef73ae57724e45,SP,Sudeste,2017-01-01,2018-08-01,18,20,20,0,67,8870.970000000001,492.8316666666667,0.9,true,0,1,false,2017-01-01,2018-08-31
2089a6d640999f9b9141ac719b2af596,SP,Sudeste,2017-04-01,2018-07-01,16,16,17,1,44,8830.82,551.92625,1.0,true,0,1,false,2017-01-01,2018-08-31
1da3aeb70d7989d1e6d9b0e887f97c23,SP,Sudeste,2017-03-01,2018-08-01,18,18,18,0,265,8823.52,490.1955555555556,1.0,true,0,1,false,2017-01-01,2018-08-31
a49928bcdf77c55c6d6e05e09a9b4ca5,SP,Sudeste,2017-06-01,2018-05-01,12,12,15,3,98,8816.7,734.725,1.0,false,1,1,false,2017-01-01,2018-08-31
562fc2f2c2863ab7e79a9e4388a58a14,SP,Sudeste,2018-01-01,2018-08-01,8,8,8,0,260,8814.200000000003,1101.7750000000003,1.0,true,0,1,false,2017-01-01,2018-08-31
af4a0e4cfe1d9c26b6712b1be25a72e5,MG,Sudeste,2017-08-01,2018-03-01,7,8,13,5,21,8757.98,1251.1399999999999,0.875,false,1,1,false,2017-01-01,2018-08-31
18a349e75d307f4b4cc646a691ed4216,SP,Sudeste,2017-08-01,2018-08-01,12,13,13,0,121,8711.529999999999,725.9608333333332,0.9230769230769231,true,0,1,false,2017-01-01,2018-08-31
6d803cb79cc31c41c4c789a75933b3c7,SP,Sudeste,2017-07-01,2018-06-01,12,12,14,2,58,8711.400000000001,725.9500000000002,1.0,false,1,1,false,2017-01-01,2018-08-31
d03698c2efd04a549382afa6623e27fb,BA,Nordeste,2017-01-01,2018-07-01,12,19,20,1,17,8703.919999999998,725.3266666666665,0.631578947368421,true,0,1,false,2017-01-01,2018-08-31
6c7d50c24b3ccd2fd83b44d8bb34e073,SP,Sudeste,2017-07-01,2018-08-01,13,14,14,0,114,8699.340000000002,669.1800000000002,0.9285714285714286,true,0,1,false,2017-01-01,2018-08-31
b1a81260566c1bac3114a6d124413f27,RS,Sul,2018-03-01,2018-08-01,6,6,6,0,51,8684.690000000002,1447.4483333333337,1.0,true,0,1,false,2017-01-01,2018-08-31
9596c870880d900012f2e8e6e30d06d7,MG,Sudeste,2017-04-01,2018-08-01,11,17,17,0,22,8606.25,782.3863636363636,0.6470588235294118,true,0,1,false,2017-01-01,2018-08-31
db2956745b3a8e9f3785c99f34b5d25e,SP,Sudeste,2018-04-01,2018-08-01,5,5,5,0,47,8599.0,1719.8,1.0,true,0,1,false,2017-01-01,2018-08-31
259f7b5e6e482c230e5bfaa670b6bb8f,SP,Sudeste,2017-03-01,2018-08-01,16,18,18,0,138,8526.04,532.8775,0.8888888888888888,true,0,1,false,2017-01-01,2018-08-31
93dc87703c046b603023e75222018b45,MG,Sudeste,2017-11-01,2018-07-01,9,9,10,1,35,8517.35,946.3722222222223,1.0,true,0,1,false,2017-01-01,2018-08-31
cbd996ad3c1b7dc71fd0e5f5df9087e2,SP,Sudeste,2017-02-01,2018-08-01,18,19,19,0,165,8411.04,467.28000000000003,0.9473684210526315,true,0,1,false,2017-01-01,2018-08-31
b18dc380845b24038cfc48006478f099,SP,Sudeste,2017-10-01,2018-08-01,10,11,11,0,44,8353.3,835.3299999999999,0.9090909090909091,true,0,1,false,2017-01-01,2018-08-31
6c177e38df6d3f34182b1f1d427231bf,PR,Sul,2017-02-01,2018-08-01,16,19,19,0,55,8341.89,521.368125,0.8421052631578947,true,0,1,false,2017-01-01,2018-08-31
fcb5ace8bcc92f75707dc0f01a27d269,SP,Sudeste,2017-11-01,2018-08-01,10,10,10,0,62,8318.63,831.8629999999999,1.0,true,0,1,false,2017-01-01,2018-08-31
784ba75dd9d20200c4caed3d7a77141a,SP,Sudeste,2017-03-01,2018-01-01,10,11,18,7,21,8295.13,829.5129999999999,0.9090909090909091,false,1,1,false,2017-01-01,2018-08-31
3078096983cf766a32a06257648502d1,SP,Sudeste,2017-05-01,2018-05-01,13,13,16,3,59,8285.42,637.34,1.0,false,1,1,false,2017-01-01,2018-08-31
26d8a1c7c75d513045798992ead43aa2,PR,Sul,2017-08-01,2018-08-01,12,13,13,0,36,8244.12,687.0100000000001,0.9230769230769231,true,0,1,false,2017-01-01,2018-08-31
b92e3c8f9738272ff7c59e111e108d7c,MG,Sudeste,2017-01-01,2018-08-01,19,20,20,0,62,8231.09,433.21526315789475,0.95,true,0,1,false,2017-01-01,2018-08-31
4371b634e0efc0e22b09b52907d9d469,SP,Sudeste,2017-06-01,2018-08-01,14,15,15,0,102,8194.0,585.2857142857143,0.9333333333333333,true,0,1,false,2017-01-01,2018-08-31
397c4d0c005b6f41f90098ac724e28cb,SP,Sudeste,2018-04-01,2018-08-01,3,5,5,0,5,8177.0,2725.6666666666665,0.6,true,0,1,false,2017-01-01,2018-08-31
67883baaae6134ee81b271a542613728,SP,Sudeste,2018-07-01,2018-08-01,2,2,2,0,19,8167.9,4083.95,1.0,true,0,1,false,2017-01-01,2018-08-31
fdb9095204a334cd8872252ffec6f2db,SP,Sudeste,2017-06-01,2018-05-01,9,12,15,3,46,8156.0,906.2222222222222,0.75,false,1,1,false,2017-01-01,2018-08-31
52d76513f0c4d97f3b99570e2c94ee31,RS,Sul,2017-07-01,2018-08-01,10,14,14,0,19,8153.1,815.3100000000001,0.7142857142857143,true,0,1,false,2017-01-01,2018-08-31
33a17d60c64393351ebf1ef860f4e0f2,RS,Sul,2017-07-01,2018-08-01,13,14,14,0,43,8152.480000000001,627.1138461538462,0.9285714285714286,true,0,1,false,2017-01-01,2018-08-31
4bfc7a4a1cf8d4d2121c27422d9e50b5,SP,Sudeste,2018-03-01,2018-08-01,6,6,6,0,26,8124.400000000001,1354.0666666666668,1.0,true,0,1,false,2017-01-01,2018-08-31
8fb791022c1fc8909664f48ab7dc636d,SP,Sudeste,2018-07-01,2018-07-01,1,1,2,1,5,8119.949999999999,8119.949999999999,1.0,true,0,1,false,2017-01-01,2018-08-31
7d456afc660226829370f3173d14520c,SP,Sudeste,2017-04-01,2018-08-01,14,17,17,0,55,8112.35,579.4535714285714,0.8235294117647058,true,0,1,false,2017-01-01,2018-08-31
972d0f9cf61b499a4812cf0bfa3ad3c4,SC,Sul,2017-10-01,2018-08-01,11,11,11,0,83,8089.290000000001,735.3900000000001,1.0,true,0,1,false,2017-01-01,2018-08-31
750303a20e9c56b2a6bc45cdce0b897d,GO,Centro-Oeste,2017-09-01,2018-08-01,12,12,12,0,54,8085.0,673.75,1.0,true,0,1,false,2017-01-01,2018-08-31
a2e874074c877c5a05abae80ad6e488f,SP,Sudeste,2017-03-01,2018-08-01,13,18,18,0,44,8071.9800000000005,620.9215384615385,0.7222222222222222,true,0,1,false,2017-01-01,2018-08-31
6bd69102ab48df500790a8cecfc285c2,SP,Sudeste,2017-06-01,2018-05-01,5,12,15,3,5,8070.0,1614.0,0.4166666666666667,false,1,1,false,2017-01-01,2018-08-31
5656537e588803a555b8eb41f07a944b,DF,Centro-Oeste,2017-05-01,2018-08-01,16,16,16,0,173,8034.039999999999,502.12749999999994,1.0,true,0,1,false,2017-01-01,2018-08-31
7a241947449cc45dbfda4f9d0798d9d0,MG,Sudeste,2017-03-01,2018-08-01,17,18,18,0,62,8027.63,472.21352941176474,0.9444444444444444,true,0,1,false,2017-01-01,2018-08-31
54065e9aef7e9e9c2dc23b7594db021a,RJ,Sudeste,2017-03-01,2018-03-01,6,13,18,5,14,8003.0,1333.8333333333333,0.46153846153846156,false,1,1,false,2017-01-01,2018-08-31
b1fc4f64df5a0e8b6913ab38803c57a9,RJ,Sudeste,2017-05-01,2018-08-01,15,16,16,0,107,7994.74,532.9826666666667,0.9375,true,0,1,false,2017-01-01,2018-08-31
903037660cf848a717166eb7a06d616e,SP,Sudeste,2017-01-01,2018-08-01,16,20,20,0,45,7991.509999999999,499.46937499999996,0.8,true,0,1,false,2017-01-01,2018-08-31
ebd2d60905fb58271facef5596b620d3,SP,Sudeste,2017-02-01,2018-08-01,17,19,19,0,84,7941.719999999999,467.15999999999997,0.8947368421052632,true,0,1,false,2017-01-01,2018-08-31
bbf9ad41dca6603e614efcdad7aab8c4,CE,Nordeste,2017-02-01,2018-06-01,10,17,19,2,14,7846.0,784.6,0.5882352941176471,false,1,1,false,2017-01-01,2018-08-31
725c32fa80c2faacc4fc88450d27314e,SP,Sudeste,2017-01-01,2018-08-01,20,20,20,0,89,7838.88,391.944,1.0,true,0,1,false,2017-01-01,2018-08-31
8476243f92442881ddd5b578975cf115,RS,Sul,2018-03-01,2018-08-01,5,6,6,0,12,7838.0,1567.6,0.8333333333333334,true,0,1,false,2017-01-01,2018-08-31
0432ead42b6c8a0bdf68154add917fdf,SP,Sudeste,2017-04-01,2018-07-01,14,16,17,1,85,7792.1,556.5785714285714,0.875,true,0,1,false,2017-01-01,2018-08-31
d51e0a403fe2e689ece6c73359d96e12,SP,Sudeste,2017-08-01,2018-07-01,11,12,13,1,19,7790.0,708.1818181818181,0.9166666666666666,true,0,1,false,2017-01-01,2018-08-31
2dee2ce60de9709b1a24083217181a1f,MT,Centro-Oeste,2017-07-01,2018-06-01,7,12,14,2,54,7784.500000000001,1112.0714285714287,0.5833333333333334,false,1,1,false,2017-01-01,2018-08-31
7bac63f6603d382cc8d0832eb6c100a8,SP,Sudeste,2017-11-01,2018-08-01,7,10,10,0,19,7751.95,1107.4214285714286,0.7,true,0,1,false,2017-01-01,2018-08-31
5b925e1d006e9476d738aa200751b73b,SP,Sudeste,2017-10-01,2018-08-01,10,11,11,0,63,7748.5,774.85,0.9090909090909091,true,0,1,false,2017-01-01,2018-08-31
6fd52c528dcb38be2eea044946b811f8,SP,Sudeste,2017-08-01,2018-08-01,13,13,13,0,67,7743.02,595.6169230769231,1.0,true,0,1,false,2017-01-01,2018-08-31
e5a3438891c0bfdb9394643f95273d8e,SP,Sudeste,2017-05-01,2018-04-01,12,12,16,4,224,7738.349999999997,644.8624999999997,1.0,false,1,1,false,2017-01-01,2018-08-31
7008613ea464bad5cb9b83456e1e6a8f,SC,Sul,2017-01-01,2018-08-01,19,20,20,0,126,7737.099999999999,407.2157894736842,0.95,true,0,1,false,2017-01-01,2018-08-31
257e61d3251fb5efb9daadddbc2cf7ca,PR,Sul,2018-04-01,2018-08-01,5,5,5,0,12,7729.0,1545.8,1.0,true,0,1,false,2017-01-01,2018-08-31
b410bdd36d5db7a65dcd42b7ead933b8,GO,Centro-Oeste,2018-01-01,2018-08-01,8,8,8,0,44,7726.9,965.8625,1.0,true,0,1,false,2017-01-01,2018-08-31
42bde9fef835393bb8a8849cb6b7f245,DF,Centro-Oeste,2017-07-01,2018-08-01,9,14,14,0,35,7703.0,855.8888888888889,0.6428571428571429,true,0,1,false,2017-01-01,2018-08-31
989becdce12ebc39863c2bceab6f3ca1,PR,Sul,2017-07-01,2018-07-01,9,13,14,1,17,7702.879999999999,855.8755555555555,0.6923076923076923,true,0,1,false,2017-01-01,2018-08-31
3bb548e3cb7f70f28e3f11ee9dce0e59,PR,Sul,2017-03-01,2018-08-01,14,18,18,0,46,7690.019999999999,549.2871428571427,0.7777777777777778,true,0,1,false,2017-01-01,2018-08-31
058fd0aa2bfdb2274e05e1ae971dabb6,SP,Sudeste,2017-08-01,2018-06-01,11,11,13,2,61,7667.9,697.0818181818181,1.0,false,1,1,false,2017-01-01,2018-08-31
08633c14ef2db992c11f840f04fad4cd,SP,Sudeste,2017-12-01,2018-08-01,9,9,9,0,74,7644.300000000002,849.3666666666669,1.0,true,0,1,false,2017-01-01,2018-08-31
4e17c65a516f69d023a2ae78b84f28d6,SP,Sudeste,2017-03-01,2018-08-01,16,18,18,0,61,7639.26,477.45375,0.8888888888888888,true,0,1,false,2017-01-01,2018-08-31
52f976b17ea7f2f087f56dcc419328f6,PR,Sul,2017-10-01,2018-07-01,4,10,11,1,6,7630.0,1907.5,0.4,true,0,1,false,2017-01-01,2018-08-31
640e21a7d01df7614a3b4923e990d40c,SP,Sudeste,2018-03-01,2018-08-01,6,6,6,0,116,7598.879999999999,1266.4799999999998,1.0,true,0,1,false,2017-01-01,2018-08-31
4aba391bc3b88717ce08eb11e44937b2,BA,Nordeste,2017-02-01,2018-08-01,16,19,19,0,29,7595.869999999999,474.74187499999994,0.8421052631578947,true,0,1,false,2017-01-01,2018-08-31
6a51fc556dab5f766ced6fbc860bc613,SP,Sudeste,2017-04-01,2018-08-01,14,17,17,0,26,7577.67,541.2621428571429,0.8235294117647058,true,0,1,false,2017-01-01,2018-08-31
8a432f4e5b471f8da497d7dc517666e2,SP,Sudeste,2018-04-01,2018-08-01,5,5,5,0,95,7555.0,1511.0,1.0,true,0,1,false,2017-01-01,2018-08-31
062ce95fa2ad4dfaedfc79260130565f,RS,Sul,2017-01-01,2017-09-01,9,9,20,11,55,7521.000000000001,835.6666666666667,1.0,false,1,1,false,2017-01-01,2018-08-31
0bae85eb84b9fb3bd773911e89288d54,SP,Sudeste,2017-03-01,2018-08-01,17,18,18,0,137,7482.21,440.13,0.9444444444444444,true,0,1,false,2017-01-01,2018-08-31
c26a2be5b53b7db6b276280da212a779,RJ,Sudeste,2017-08-01,2018-08-01,9,13,13,0,13,7482.0,831.3333333333334,0.6923076923076923,true,0,1,false,2017-01-01,2018-08-31
87e24fc7052259b1f7f607d61c10d8be,SP,Sudeste,2018-05-01,2018-08-01,4,4,4,0,8,7473.49,1868.3725,1.0,true,0,1,false,2017-01-01,2018-08-31
bd0389da23d89b726abf911cccc54596,DF,Centro-Oeste,2017-03-01,2018-08-01,16,18,18,0,87,7472.16,467.01,0.8888888888888888,true,0,1,false,2017-01-01,2018-08-31
a420f60ff1aa9acc80d0e42959f2b313,SP,Sudeste,2017-08-01,2018-08-01,13,13,13,0,67,7443.3,572.5615384615385,1.0,true,0,1,false,2017-01-01,2018-08-31
8648b1e89e9b349e32d3741b30ec737e,SP,Sudeste,2017-09-01,2018-08-01,12,12,12,0,95,7442.55,620.2125,1.0,true,0,1,false,2017-01-01,2018-08-31
512d298ac2a96d1931b6bd30aa21f61d,RJ,Sudeste,2018-01-01,2018-08-01,6,8,8,0,11,7401.94,1233.6566666666665,0.75,true,0,1,false,2017-01-01,2018-08-31
e0a366315b1b726b6c7832d664c0f530,SP,Sudeste,2017-06-01,2018-08-01,13,15,15,0,43,7400.090000000001,569.2376923076924,0.8666666666666667,true,0,1,false,2017-01-01,2018-08-31
f25e239052084705e17a982bc600ab2a,SP,Sudeste,2017-03-01,2018-08-01,8,18,18,0,8,7380.0,922.5,0.4444444444444444,true,0,1,false,2017-01-01,2018-08-31
381c83fdca332ea6afd896da20bf6e4a,PR,Sul,2017-08-01,2018-08-01,13,13,13,0,46,7355.799999999999,565.8307692307692,1.0,true,0,1,false,2017-01-01,2018-08-31
b347677812ea483b0f528eaf8cbc09b7,PR,Sul,2017-11-01,2018-06-01,8,8,10,2,21,7288.99,911.12375,1.0,false,1,1,false,2017-01-01,2018-08-31
febab0275244b9a49a623f0bd613ca2f,SP,Sudeste,2017-02-01,2018-08-01,19,19,19,0,109,7272.42,382.75894736842105,1.0,true,0,1,false,2017-01-01,2018-08-31
aced59e9b31ef866a94f9e7f29d8d418,SP,Sudeste,2017-02-01,2018-08-01,19,19,19,0,61,7268.5,382.55263157894734,1.0,true,0,1,false,2017-01-01,2018-08-31
e333046ce6517bd8bb510291d44f0130,SP,Sudeste,2017-07-01,2018-08-01,14,14,14,0,68,7268.0,519.1428571428571,1.0,true,0,1,false,2017-01-01,2018-08-31
0873d9f8f36123f8d910f4760e788cfb,SP,Sudeste,2018-05-01,2018-08-01,4,4,4,0,6,7265.59,1816.3975,1.0,true,0,1,false,2017-01-01,2018-08-31
cee48807215b30a12ca2ca10ffb5f250,SP,Sudeste,2017-08-01,2018-08-01,13,13,13,0,39,7212.2300000000005,554.7869230769231,1.0,true,0,1,false,2017-01-01,2018-08-31
d624126b9206f595fb3fbb6ba03b28a8,PR,Sul,2017-05-01,2018-08-01,13,16,16,0,23,7198.8,553.7538461538462,0.8125,true,0,1,false,2017-01-01,2018-08-31
ade45994b717ccee333492330fbf037b,PR,Sul,2018-06-01,2018-08-01,3,3,3,0,10,7196.0,2398.6666666666665,1.0,true,0,1,false,2017-01-01,2018-08-31
dbb9b48c841a0e39e21f98e1a6b2ec3e,SP,Sudeste,2017-01-01,2018-06-01,18,18,20,2,108,7186.85,399.26944444444445,1.0,false,1,1,false,2017-01-01,2018-08-31
d13e50eaa47b4cbe9eb81465865d8cfc,SP,Sudeste,2018-08-01,2018-08-01,1,1,1,0,67,7155.049999999991,7155.049999999991,1.0,true,0,1,false,2017-01-01,2018-08-31
a4b6b9b992b46e9ef863637af96e04bc,SC,Sul,2017-02-01,2017-07-01,5,6,19,13,7,7147.0,1429.4,0.8333333333333334,false,1,1,false,2017-01-01,2018-08-31
cc63f0dd2acba93ffed4fe9f8e0321fa,SP,Sudeste,2018-05-01,2018-08-01,4,4,4,0,55,7096.709999999999,1774.1774999999998,1.0,true,0,1,false,2017-01-01,2018-08-31
7722b1df1b0e383e000397b2c11e3e19,SP,Sudeste,2017-01-01,2018-08-01,20,20,20,0,134,7094.09,354.7045,1.0,true,0,1,false,2017-01-01,2018-08-31
014c0679dd340a0e338872e7ec85666a,MG,Sudeste,2017-01-01,2018-07-01,12,19,20,1,14,7058.0,588.1666666666666,0.631578947368421,true,0,1,false,2017-01-01,2018-08-31
f1fd5ab1181f827ffad998c1a5de7d74,PR,Sul,2017-11-01,2018-08-01,9,10,10,0,15,7045.99,782.8877777777777,0.9,true,0,1,false,2017-01-01,2018-08-31
dd55f1bb788714a40e7954c3be6df745,SP,Sudeste,2017-11-01,2018-07-01,7,9,10,1,35,7041.759999999998,1005.9657142857141,0.7777777777777778,true,0,1,false,2017-01-01,2018-08-31
679769a98cfcc6da877c8486ff1c13f3,MG,Sudeste,2017-03-01,2018-08-01,11,18,18,0,21,7029.0,639.0,0.6111111111111112,true,0,1,false,2017-01-01,2018-08-31
ff4ea69c2a729e83e63c7579e4ef8170,SP,Sudeste,2017-02-01,2017-07-01,5,6,19,13,9,7017.0,1403.4,0.8333333333333334,false,1,1,false,2017-01-01,2018-08-31
6fa9202c10491e472dffd59a3e82b2a3,SP,Sudeste,2018-07-01,2018-08-01,2,2,2,0,3,7014.24,3507.12,1.0,true,0,1,false,2017-01-01,2018-08-31
b8630e1121437d41cb08e3c749c2c2e2,RJ,Sudeste,2017-11-01,2018-08-01,7,10,10,0,12,6988.0,998.2857142857143,0.7,true,0,1,false,2017-01-01,2018-08-31
d98eec89afa3380e14463da2aabaea72,RS,Sul,2017-01-01,2018-08-01,20,20,20,0,168,6968.530000000001,348.42650000000003,1.0,true,0,1,false,2017-01-01,2018-08-31
bacb1f0ed56ad24198f5810d2b3fe9a5,SP,Sudeste,2017-04-01,2018-01-01,9,10,17,7,42,6940.450000000001,771.1611111111112,0.9,false,1,1,false,2017-01-01,2018-08-31
1da366cade6d8276e7d8beea7af5d4bf,MG,Sudeste,2017-02-01,2017-12-01,8,11,19,8,43,6917.589999999999,864.6987499999999,0.7272727272727273,false,1,1,false,2017-01-01,2018-08-31
30829ded4523ab9224b93bc49a62c95f,RS,Sul,2018-01-01,2018-08-01,7,8,8,0,18,6911.71,987.3871428571429,0.875,true,0,1,false,2017-01-01,2018-08-31
d9bd94811c3338dceb4181f3dbc0c73e,SP,Sudeste,2018-05-01,2018-08-01,4,4,4,0,54,6911.02,1727.755,1.0,true,0,1,false,2017-01-01,2018-08-31
ad781527c93d00d89a11eecd9dcad7c1,SP,Sudeste,2017-07-01,2018-05-01,10,11,14,3,44,6899.570000000001,689.9570000000001,0.9090909090909091,false,1,1,false,2017-01-01,2018-08-31
e3b4998c7a498169dc7bce44e6bb6277,SP,Sudeste,2017-01-01,2017-02-01,2,2,20,18,3,6897.9,3448.95,1.0,false,1,1,false,2017-01-01,2018-08-31
86bb7c4b535e49a541baf3266b1c95b1,SP,Sudeste,2017-09-01,2018-02-01,6,6,12,6,13,6872.699999999999,1145.4499999999998,1.0,false,1,1,false,2017-01-01,2018-08-31
1127b7f2594683f2510f1c2c834a486b,SP,Sudeste,2017-02-01,2018-08-01,19,19,19,0,114,6851.33,360.5963157894737,1.0,true,0,1,false,2017-01-01,2018-08-31
b3b17aab11f273023a5f22ca52e1eb70,PR,Sul,2018-01-01,2018-06-01,4,6,8,2,7,6850.0,1712.5,0.6666666666666666,false,1,1,false,2017-01-01,2018-08-31
58f1a6197ed863543e0136bdedb3fce2,MG,Sudeste,2018-05-01,2018-08-01,4,4,4,0,44,6833.0,1708.25,1.0,true,0,1,false,2017-01-01,2018-08-31
8e6cc767478edae941d9bd9eb778d77a,MG,Sudeste,2017-01-01,2018-06-01,14,18,20,2,106,6830.58,487.8985714285714,0.7777777777777778,false,1,1,false,2017-01-01,2018-08-31
5b67882648febfb6e1225e6ad7164f6b,PR,Sul,2017-07-01,2018-08-01,13,14,14,0,27,6813.4800000000005,524.1138461538462,0.9285714285714286,true,0,1,false,2017-01-01,2018-08-31
ececbfcff9804a2d6b40f589df8eef2b,SP,Sudeste,2017-06-01,2018-08-01,15,15,15,0,98,6792.4,452.82666666666665,1.0,true,0,1,false,2017-01-01,2018-08-31
33dd941c27854f7625b968cc6195a552,ES,Sudeste,2018-05-01,2018-08-01,3,4,4,0,5,6787.5,2262.5,0.75,true,0,1,false,2017-01-01,2018-08-31
40d54b51e962dbe09cabbcfd33298dee,SP,Sudeste,2017-07-01,2018-08-01,12,14,14,0,30,6785.560000000001,565.4633333333335,0.8571428571428571,true,0,1,false,2017-01-01,2018-08-31
63b464dbf392c7b80d12d932fa7cafed,SP,Sudeste,2017-02-01,2018-01-01,10,12,19,7,37,6781.0,678.1,0.8333333333333334,false,1,1,false,2017-01-01,2018-08-31
a63bfbaa882c8f4542891b4e2246cc7f,RJ,Sudeste,2018-06-01,2018-08-01,3,3,3,0,7,6772.0,2257.3333333333335,1.0,true,0,1,false,2017-01-01,2018-08-31
ff1fb4c404b2efe68b03350a8dc24122,SP,Sudeste,2018-01-01,2018-08-01,8,8,8,0,46,6771.0,846.375,1.0,true,0,1,false,2017-01-01,2018-08-31
aac29b1b99776be73c3049939652091d,MG,Sudeste,2017-01-01,2018-08-01,19,20,20,0,98,6755.91,355.57421052631577,0.95,true,0,1,false,2017-01-01,2018-08-31
54219883e72aad869adfb2a54b7bfa0f,SP,Sudeste,2017-11-01,2018-07-01,5,9,10,1,5,6750.0,1350.0,0.5555555555555556,true,0,1,false,2017-01-01,2018-08-31
3340ef1913fb70d28420f6ceb685c339,PR,Sul,2017-01-01,2017-11-01,9,11,20,9,32,6731.15,747.9055555555556,0.8181818181818182,false,1,1,false,2017-01-01,2018-08-31
455c5640e8c5bd1b2ee85c0158f85727,SC,Sul,2018-02-01,2018-05-01,4,4,7,3,8,6729.5,1682.375,1.0,false,1,1,false,2017-01-01,2018-08-31
80ceebb4ee9b31afb6c6a916a574a1e2,PR,Sul,2018-07-01,2018-07-01,1,1,2,1,1,6729.0,6729.0,1.0,true,0,1,false,2017-01-01,2018-08-31
abe021b01ba992245271b9aa422032df,PR,Sul,2017-02-01,2017-05-01,2,4,19,15,2,6720.0,3360.0,0.5,false,1,1,false,2017-01-01,2018-08-31
31ae0774c17fabd06ff707cc5bde005f,SP,Sudeste,2017-05-01,2018-08-01,9,16,16,0,11,6719.85,746.6500000000001,0.5625,true,0,1,false,2017-01-01,2018-08-31
e5e33c0d8e7e002f398f5dc4cbbb338f,SP,Sudeste,2017-03-01,2018-08-01,13,18,18,0,28,6698.700000000001,515.2846153846154,0.7222222222222222,true,0,1,false,2017-01-01,2018-08-31
33c51922b6e3c16b24a8f28e5833c99d,PR,Sul,2017-12-01,2018-08-01,7,9,9,0,18,6657.87,951.1242857142857,0.7777777777777778,true,0,1,false,2017-01-01,2018-08-31
b4ffb71f0cb1b1c3d63fad021ecf93e1,SP,Sudeste,2017-02-01,2018-08-01,17,19,19,0,144,6656.089999999998,391.53470588235285,0.8947368421052632,true,0,1,false,2017-01-01,2018-08-31
751bdc4d83a466c7206cd42e8f426b03,SP,Sudeste,2017-05-01,2018-07-01,14,15,16,1,54,6648.930000000001,474.9235714285715,0.9333333333333333,true,0,1,false,2017-01-01,2018-08-31
516e7738bd8f735ac19a010ee5450d8d,RJ,Sudeste,2018-05-01,2018-08-01,4,4,4,0,76,6643.09,1660.7725,1.0,true,0,1,false,2017-01-01,2018-08-31
5670f4db5b62c43d542e1b2d56b0cf7c,SP,Sudeste,2018-04-01,2018-08-01,5,5,5,0,22,6630.09,1326.018,1.0,true,0,1,false,2017-01-01,2018-08-31
5d0363b33554b373851fc1622e4d5f3c,SP,Sudeste,2017-11-01,2018-08-01,10,10,10,0,94,6610.79,661.079,1.0,true,0,1,false,2017-01-01,2018-08-31
609e1a9a6c2539919b8205cf7c4e6ff0,SC,Sul,2018-01-01,2018-08-01,8,8,8,0,87,6595.23,824.40375,1.0,true,0,1,false,2017-01-01,2018-08-31
83e197e95a1bbabc8c75e883ed016c47,RJ,Sudeste,2017-01-01,2018-02-01,12,14,20,6,46,6574.1900000000005,547.8491666666667,0.8571428571428571,false,1,1,false,2017-01-01,2018-08-31
92eb0f42c21942b6552362b9b114707d,SP,Sudeste,2017-02-01,2018-08-01,17,19,19,0,341,6548.63,385.21352941176474,0.8947368421052632,true,0,1,false,2017-01-01,2018-08-31
282f23a9769b2690c5dda22e316f9941,MG,Sudeste,2017-07-01,2018-08-01,14,14,14,0,99,6505.08,464.6485714285714,1.0,true,0,1,false,2017-01-01,2018-08-31
ee27a8f15b1dded4d213a468ba4eb391,GO,Centro-Oeste,2017-05-01,2017-05-01,1,1,16,15,1,6499.0,6499.0,1.0,false,1,1,false,2017-01-01,2018-08-31
11305281b50fff20ae8bb473f8e11876,MG,Sudeste,2017-02-01,2018-08-01,14,19,19,0,34,6483.710000000001,463.12214285714293,0.7368421052631579,true,0,1,false,2017-01-01,2018-08-31
4c03b9dd4c11ee2cb35c96c49efc9420,SP,Sudeste,2017-05-01,2017-10-01,6,6,16,10,48,6458.599999999999,1076.4333333333332,1.0,false,1,1,false,2017-01-01,2018-08-31
34056b8b55c1775a22af2331670a799c,SP,Sudeste,2017-11-01,2018-08-01,8,10,10,0,78,6455.4,806.925,0.8,true,0,1,false,2017-01-01,2018-08-31
6f892e20a171e98efe17fdb971ff319b,SP,Sudeste,2017-07-01,2017-12-01,6,6,14,8,44,6438.700000000002,1073.116666666667,1.0,false,1,1,false,2017-01-01,2018-08-31
376a891762bbdecbc02b4b6adec3fdda,GO,Centro-Oeste,2017-05-01,2018-05-01,13,13,16,3,57,6406.2300000000005,492.78692307692313,1.0,false,1,1,false,2017-01-01,2018-08-31
8a32e327fe2c1b3511609d81aaf9f042,SP,Sudeste,2017-01-01,2018-02-01,13,14,20,6,131,6399.02,492.2323076923077,0.9285714285714286,false,1,1,false,2017-01-01,2018-08-31
dbdd0ec73a4817971d962698f2fea022,CE,Nordeste,2018-04-01,2018-08-01,5,5,5,0,16,6384.0,1276.8,1.0,true,0,1,false,2017-01-01,2018-08-31
4b5f66b7adcf57f1ecc0d3c07dd6b177,PR,Sul,2017-03-01,2018-07-01,12,17,18,1,23,6381.780000000001,531.815,0.7058823529411765,true,0,1,false,2017-01-01,2018-08-31
02f623a8eb246f3c5f7c2f96462654e6,SP,Sudeste,2018-04-01,2018-08-01,5,5,5,0,44,6378.0,1275.6,1.0,true,0,1,false,2017-01-01,2018-08-31
fa1a9dec3a9940c072684a46728bf1fc,SC,Sul,2017-01-01,2018-08-01,17,20,20,0,52,6364.299999999999,374.37058823529406,0.85,true,0,1,false,2017-01-01,2018-08-31
57e632711dec9ec14ca7546769483e7e,SC,Sul,2017-02-01,2018-08-01,19,19,19,0,62,6350.0599999999995,334.2136842105263,1.0,true,0,1,false,2017-01-01,2018-08-31
670c26e0f1bf8d0576271d5cfaec6d2b,PR,Sul,2017-11-01,2018-08-01,10,10,10,0,78,6341.6,634.1600000000001,1.0,true,0,1,false,2017-01-01,2018-08-31
f4c4daa86e30c7e5a553a8d518ac03a5,PR,Sul,2017-03-01,2017-11-01,8,9,18,9,20,6301.91,787.73875,0.8888888888888888,false,1,1,false,2017-01-01,2018-08-31
dee656f0f566ed1aa85bd137c943f08f,SP,Sudeste,2017-10-01,2018-08-01,11,11,11,0,93,6271.98,570.18,1.0,true,0,1,false,2017-01-01,2018-08-31
bd4889b5e9133b35b66e42a8665cea5c,SP,Sudeste,2017-04-01,2018-07-01,14,16,17,1,36,6271.900000000001,447.9928571428572,0.875,true,0,1,false,2017-01-01,2018-08-31
6b243f80ed07b10f0e8aa0f21a205f3c,PR,Sul,2017-07-01,2018-08-01,14,14,14,0,79,6260.1,447.15000000000003,1.0,true,0,1,false,2017-01-01,2018-08-31
2fdde51ad3e12f297da656d4fbd5d0b5,SC,Sul,2017-04-01,2017-10-01,5,7,17,10,10,6252.0,1250.4,0.7142857142857143,false,1,1,false,2017-01-01,2018-08-31
ea67327e24487bdfac5fbfa37ea124df,SP,Sudeste,2018-01-01,2018-08-01,6,8,8,0,32,6250.179999999999,1041.6966666666665,0.75,true,0,1,false,2017-01-01,2018-08-31
2528744c5ef5d955adc318720a94d2e7,SP,Sudeste,2017-10-01,2018-06-01,5,9,11,2,5,6245.0,1249.0,0.5555555555555556,false,1,1,false,2017-01-01,2018-08-31
f12ff17ad8bbf01ec5c33b17e506649b,SP,Sudeste,2018-01-01,2018-05-01,5,5,8,3,29,6241.0,1248.2,1.0,false,1,1,false,2017-01-01,2018-08-31
eb3071b9f0b0ddaa2df5ea130f09f26b,SP,Sudeste,2017-02-01,2018-05-01,8,16,19,3,9,6230.0,778.75,0.5,false,1,1,false,2017-01-01,2018-08-31
b19f3ca2ea475913750f25a5c37c8d8f,MG,Sudeste,2017-10-01,2018-08-01,9,11,11,0,24,6202.910000000001,689.2122222222223,0.8181818181818182,true,0,1,false,2017-01-01,2018-08-31
cfa5ab0e4d3fc212fd0b3410e7081c62,MG,Sudeste,2017-10-01,2018-08-01,8,11,11,0,16,6180.8,772.6,0.7272727272727273,true,0,1,false,2017-01-01,2018-08-31
7dc8c42cc750eeafea6c85712ffee9bf,SP,Sudeste,2017-02-01,2018-08-01,14,19,19,0,40,6160.68,440.04857142857145,0.7368421052631579,true,0,1,false,2017-01-01,2018-08-31
9baf5cb77970f539089d09a38bcec5c3,SP,Sudeste,2017-01-01,2018-08-01,18,20,20,0,32,6129.669999999999,340.53722222222217,0.9,true,0,1,false,2017-01-01,2018-08-31
dfc5fb7259bb2b599ca565e6e9448f0f,SP,Sudeste,2017-07-01,2018-08-01,13,14,14,0,33,6124.63,471.12538461538463,0.9285714285714286,true,0,1,false,2017-01-01,2018-08-31
ba143b05f0110f0dc71ad71b4466ce92,SP,Sudeste,2018-04-01,2018-08-01,5,5,5,0,85,6110.58,1222.116,1.0,true,0,1,false,2017-01-01,2018-08-31
2c9e548be18521d1c43cde1c582c6de8,SP,Sudeste,2017-10-01,2018-08-01,11,11,11,0,126,6109.4400000000005,555.4036363636365,1.0,true,0,1,false,2017-01-01,2018-08-31
d6b664fa0667064c6d76394e7848d790,SP,Sudeste,2017-05-01,2018-05-01,4,13,16,3,6,6080.0,1520.0,0.3076923076923077,false,1,1,false,2017-01-01,2018-08-31
6a8b085f816a1f75f92dbac6eb545f8f,SP,Sudeste,2017-07-01,2018-08-01,14,14,14,0,127,6018.969999999998,429.92642857142846,1.0,true,0,1,false,2017-01-01,2018-08-31
bba74270a87732727b5a3b4fd9ac1c39,MG,Sudeste,2017-10-01,2018-05-01,8,8,11,3,36,6001.59,750.19875,1.0,false,1,1,false,2017-01-01,2018-08-31
37515688008a7a40ac93e3b2e4ab203f,SP,Sudeste,2017-07-01,2018-07-01,13,13,14,1,228,5986.599999999999,460.50769230769225,1.0,true,0,1,false,2017-01-01,2018-08-31
688756f717c462a206ad854c5027a64a,SP,Sudeste,2018-04-01,2018-08-01,5,5,5,0,83,5966.540000000001,1193.3080000000002,1.0,true,0,1,false,2017-01-01,2018-08-31
f84a00e60c73a49e7e851c9bdca3a5bb,RJ,Sudeste,2017-02-01,2018-07-01,17,18,19,1,90,5949.94,349.9964705882353,0.9444444444444444,true,0,1,false,2017-01-01,2018-08-31
91f848e9f4be368f4318775aac733370,SP,Sudeste,2017-02-01,2017-08-01,7,7,19,12,63,5932.6,847.5142857142857,1.0,false,1,1,false,2017-01-01,2018-08-31
0691148aee60ca47977c187804f935ae,PR,Sul,2017-11-01,2018-08-01,10,10,10,0,47,5868.51,586.851,1.0,true,0,1,false,2017-01-01,2018-08-31
f46490624488d3ff7ce78613913a7711,SP,Sudeste,2018-05-01,2018-08-01,4,4,4,0,83,5802.850000000001,1450.7125000000003,1.0,true,0,1,false,2017-01-01,2018-08-31
02d35243ea2e497335cd0f076b45675d,RN,Nordeste,2017-04-01,2018-08-01,8,17,17,0,14,5794.0,724.25,0.47058823529411764,true,0,1,false,2017-01-01,2018-08-31
e8b4225284fbb02d16f200513f1f395d,SP,Sudeste,2018-04-01,2018-08-01,5,5,5,0,31,5788.52,1157.7040000000002,1.0,true,0,1,false,2017-01-01,2018-08-31
0bf0150d5b9d60d9cd2906003332f085,SP,Sudeste,2017-02-01,2018-07-01,14,18,19,1,39,5774.6,412.4714285714286,0.7777777777777778,true,0,1,false,2017-01-01,2018-08-31
05d2173d43ea568aa0540eba70d2ca76,MG,Sudeste,2017-09-01,2018-08-01,11,12,12,0,62,5759.66,523.6054545454546,0.9166666666666666,true,0,1,false,2017-01-01,2018-08-31
3ade81dab5a172b88e1871c28ae05260,SP,Sudeste,2017-10-01,2018-08-01,10,11,11,0,30,5751.6,575.1600000000001,0.9090909090909091,true,0,1,false,2017-01-01,2018-08-31
b4a476fbd28de64b1e347abf9089366a,SP,Sudeste,2017-03-01,2018-06-01,13,16,18,2,33,5724.039999999999,440.31076923076915,0.8125,false,1,1,false,2017-01-01,2018-08-31
080102cd0a76b09e0dcf55fcacc60e05,MG,Sudeste,2017-07-01,2018-08-01,13,14,14,0,124,5716.78,439.7523076923077,0.9285714285714286,true,0,1,false,2017-01-01,2018-08-31
9616352088dcf83a7c06637f4ebf1c80,PR,Sul,2017-02-01,2018-08-01,13,19,19,0,92,5702.999999999999,438.6923076923076,0.6842105263157895,true,0,1,false,2017-01-01,2018-08-31
b14db04aa7881970e83ffa9426897925,SP,Sudeste,2017-01-01,2018-08-01,19,20,20,0,80,5702.6,300.13684210526316,0.95,true,0,1,false,2017-01-01,2018-08-31
94e93ce877be27a515118dbfd2c2be41,SP,Sudeste,2017-04-01,2017-09-01,6,6,17,11,30,5674.570000000001,945.7616666666668,1.0,false,1,1,false,2017-01-01,2018-08-31
e2aee0892199b1d92530e371abd825bf,PR,Sul,2017-01-01,2018-07-01,13,19,20,1,38,5662.57,435.58230769230767,0.6842105263157895,true,0,1,false,2017-01-01,2018-08-31
52ac6f920b7280e4c6d30dd94de6259b,PR,Sul,2017-02-01,2018-05-01,5,16,19,3,6,5657.3,1131.46,0.3125,false,1,1,false,2017-01-01,2018-08-31
67bf6941ba2f1fa1d02c375766bc3e53,PR,Sul,2017-09-01,2018-08-01,11,12,12,0,16,5610.0,510.0,0.9166666666666666,true,0,1,false,2017-01-01,2018-08-31
d63c73efd41eb002280e7ec831424edb,SP,Sudeste,2017-11-01,2018-05-01,2,7,10,3,2,5598.0,2799.0,0.2857142857142857,false,1,1,false,2017-01-01,2018-08-31
45ba18c210d42734ec52c0c1c574e9ee,SP,Sudeste,2018-04-01,2018-08-01,5,5,5,0,38,5589.13,1117.826,1.0,true,0,1,false,2017-01-01,2018-08-31
817245bcc3badd82bbd222e0366951a6,SP,Sudeste,2017-11-01,2018-07-01,9,9,10,1,29,5580.5,620.0555555555555,1.0,true,0,1,false,2017-01-01,2018-08-31
8c16d1f32a54d92897cc437244442e1b,SC,Sul,2017-02-01,2018-08-01,17,19,19,0,105,5529.83,325.2841176470588,0.8947368421052632,true,0,1,false,2017-01-01,2018-08-31
f181738b150df1f37cb0bd72e705b193,SP,Sudeste,2017-05-01,2018-08-01,12,16,16,0,36,5529.7,460.80833333333334,0.75,true,0,1,false,2017-01-01,2018-08-31
04aa0a1c5ce6b222003403a3e11c3cc0,SP,Sudeste,2017-03-01,2018-01-01,7,11,18,7,11,5518.0,788.2857142857143,0.6363636363636364,false,1,1,false,2017-01-01,2018-08-31
916c9de0b5ad957346eeeb12f332687e,PR,Sul,2017-06-01,2018-07-01,10,14,15,1,23,5480.25,548.025,0.7142857142857143,true,0,1,false,2017-01-01,2018-08-31
cc3d14116804f7209f3884f6367f1152,PR,Sul,2017-05-01,2018-08-01,15,16,16,0,27,5477.8,365.18666666666667,0.9375,true,0,1,false,2017-01-01,2018-08-31
4917cee8d902e13428c3ec4b1ca6f315,SC,Sul,2017-05-01,2018-08-01,14,16,16,0,33,5421.9,387.2785714285714,0.875,true,0,1,false,2017-01-01,2018-08-31
3f0e48d209018b466fcd3bb4ccfeb520,PR,Sul,2017-08-01,2018-01-01,5,6,13,7,9,5399.0,1079.8,0.8333333333333334,false,1,1,false,2017-01-01,2018-08-31
c4af86330efa7a2620772227d2d670c9,SP,Sudeste,2018-01-01,2018-06-01,3,6,8,2,4,5396.0,1798.6666666666667,0.5,false,1,1,false,2017-01-01,2018-08-31
23c38debaffe4a25a30fdbd9b586a13f,SP,Sudeste,2018-04-01,2018-08-01,5,5,5,0,41,5382.18,1076.4360000000001,1.0,true,0,1,false,2017-01-01,2018-08-31
3be634553519fb6536a03e1358e9fdc7,SP,Sudeste,2017-07-01,2018-08-01,14,14,14,0,83,5370.95,383.6392857142857,1.0,true,0,1,false,2017-01-01,2018-08-31
b6d44737c043328708f6749c2dbe50bd,SP,Sudeste,2017-03-01,2018-08-01,15,18,18,0,62,5369.599999999999,357.9733333333333,0.8333333333333334,true,0,1,false,2017-01-01,2018-08-31
83deb69e889cf80f82be1dc6d5f2d486,SC,Sul,2017-07-01,2018-08-01,14,14,14,0,40,5363.010000000001,383.0721428571429,1.0,true,0,1,false,2017-01-01,2018-08-31
2a261b5b644fa05f4f2700eb93544f2c,SP,Sudeste,2017-10-01,2018-08-01,11,11,11,0,51,5355.0,486.8181818181818,1.0,true,0,1,false,2017-01-01,2018-08-31
e62b2d6ac10570a035a30bafcf01d263,SP,Sudeste,2017-09-01,2018-08-01,12,12,12,0,62,5340.39,445.0325,1.0,true,0,1,false,2017-01-01,2018-08-31
c35affa65afd250151285c5917fc1c8a,SP,Sudeste,2017-11-01,2018-06-01,6,8,10,2,9,5279.91,879.985,0.75,false,1,1,false,2017-01-01,2018-08-31
e06f09ec0a4aca210779cf1cfc63cf19,SP,Sudeste,2017-06-01,2017-12-01,7,7,15,8,29,5279.49,754.2128571428572,1.0,false,1,1,false,2017-01-01,2018-08-31
02ecc2a19303f05e59ce133fd923fff7,SP,Sudeste,2017-06-01,2018-08-01,11,15,15,0,21,5264.1900000000005,478.56272727272733,0.7333333333333333,true,0,1,false,2017-01-01,2018-08-31
e9c6969d40e6a3d2d0f90013165c2b98,SP,Sudeste,2017-11-01,2018-06-01,5,8,10,2,10,5239.98,1047.9959999999999,0.625,false,1,1,false,2017-01-01,2018-08-31
5bffbafbb22daf6d3bfc216a46db8708,RJ,Sudeste,2017-02-01,2017-06-01,5,5,19,14,21,5239.699999999999,1047.9399999999998,1.0,false,1,1,false,2017-01-01,2018-08-31
4d0041cdbe51b4617d95c70b19decc74,MG,Sudeste,2018-05-01,2018-07-01,3,3,4,1,8,5235.200000000001,1745.0666666666668,1.0,true,0,1,false,2017-01-01,2018-08-31
099095b050cfe8eb1ddff5317587e96e,SP,Sudeste,2017-12-01,2018-08-01,6,9,9,0,17,5193.83,865.6383333333333,0.6666666666666666,true,0,1,false,2017-01-01,2018-08-31
b39d7fe263ef469605dbb32608aee0af,SP,Sudeste,2017-09-01,2018-08-01,10,12,12,0,44,5193.1,519.3100000000001,0.8333333333333334,true,0,1,false,2017-01-01,2018-08-31
0cbcee27c791afa0cdcb08587a2013a8,MG,Sudeste,2017-02-01,2018-07-01,16,18,19,1,38,5189.15,324.321875,0.8888888888888888,true,0,1,false,2017-01-01,2018-08-31
f680f85bee2d253556ac91be391d2c82,SP,Sudeste,2017-09-01,2018-08-01,12,12,12,0,45,5183.92,431.99333333333334,1.0,true,0,1,false,2017-01-01,2018-08-31
822bad9bc42b51213ba522fe87b7ab5d,SC,Sul,2017-08-01,2018-06-01,8,11,13,2,18,5160.0,645.0,0.7272727272727273,false,1,1,false,2017-01-01,2018-08-31
709e16e2b25c7474d980076c6bfc4806,SP,Sudeste,2017-10-01,2018-08-01,11,11,11,0,60,5151.900000000001,468.35454545454553,1.0,true,0,1,false,2017-01-01,2018-08-31
d566c37fa119d5e66c4e9052e83ee4ea,SP,Sudeste,2018-03-01,2018-08-01,6,6,6,0,65,5145.700000000001,857.6166666666668,1.0,true,0,1,false,2017-01-01,2018-08-31
afe0067131b73e40875c9b6c10bd2e21,MG,Sudeste,2017-02-01,2018-06-01,13,17,19,2,46,5130.4,394.6461538461538,0.7647058823529411,false,1,1,false,2017-01-01,2018-08-31
835f0f7810c76831d6c7d24c7a646d4d,SP,Sudeste,2017-02-01,2018-02-01,13,13,19,6,44,5130.0,394.61538461538464,1.0,false,1,1,false,2017-01-01,2018-08-31
fad44952713764836814be105382aee5,RJ,Sudeste,2018-01-01,2018-08-01,7,8,8,0,32,5129.0,732.7142857142857,0.875,true,0,1,false,2017-01-01,2018-08-31
f84fa566034f5e8e880a07ec624c56af,SP,Sudeste,2017-07-01,2018-08-01,9,14,14,0,91,5093.790000000003,565.9766666666669,0.6428571428571429,true,0,1,false,2017-01-01,2018-08-31
9674754b5a0cb32b638cec001178f799,SP,Sudeste,2017-06-01,2018-08-01,15,15,15,0,86,5069.92,337.99466666666666,1.0,true,0,1,false,2017-01-01,2018-08-31
e0878efa0e0b7e5313ac0b43bc04c081,PR,Sul,2017-11-01,2018-03-01,5,5,10,5,27,5065.300000000001,1013.0600000000002,1.0,false,1,1,false,2017-01-01,2018-08-31
e067ad2c1c0b48758eb1b5228bcf7a68,SP,Sudeste,2017-02-01,2018-08-01,18,19,19,0,54,5042.55,280.14166666666665,0.9473684210526315,true,0,1,false,2017-01-01,2018-08-31
3df020b72d3d44b3af9d110fa3940b65,SP,Sudeste,2017-07-01,2018-08-01,14,14,14,0,55,5039.9,359.99285714285713,1.0,true,0,1,false,2017-01-01,2018-08-31
575df70bde3f9f2b30bf8d2e9910d725,SP,Sudeste,2017-01-01,2018-08-01,12,20,20,0,26,5010.25,417.5208333333333,0.6,true,0,1,false,2017-01-01,2018-08-31
3ab971ce71839580d2ae5b4e40fe8044,SP,Sudeste,2018-06-01,2018-08-01,3,3,3,0,36,5002.9,1667.6333333333332,1.0,true,0,1,false,2017-01-01,2018-08-31
1bb2bdb95f4841f1bba2c0d2cd83d3c9,SP,Sudeste,2017-01-01,2018-08-01,15,20,20,0,81,5002.709999999999,333.51399999999995,0.75,true,0,1,false,2017-01-01,2018-08-31
4bf2f4ee540798a61f9636d12cd9cc80,SP,Sudeste,2017-03-01,2018-08-01,10,18,18,0,29,4995.5599999999995,499.5559999999999,0.5555555555555556,true,0,1,false,2017-01-01,2018-08-31
f7496d659ca9fdaf323c0aae84176632,SP,Sudeste,2017-01-01,2018-08-01,15,20,20,0,25,4967.58,331.17199999999997,0.75,true,0,1,false,2017-01-01,2018-08-31
45213867cefbf2cd4c6177e10216a951,SP,Sudeste,2017-01-01,2017-10-01,8,10,20,10,14,4955.42,619.4275,0.8,false,1,1,false,2017-01-01,2018-08-31
dbd66278cbfe1aa1000f90a217ca4695,SP,Sudeste,2017-11-01,2018-08-01,10,10,10,0,85,4928.9,492.89,1.0,true,0,1,false,2017-01-01,2018-08-31
e9d99831abad74458942f21e16f33f92,SP,Sudeste,2017-01-01,2018-08-01,20,20,20,0,130,4922.4800000000005,246.12400000000002,1.0,true,0,1,false,2017-01-01,2018-08-31
503c1de08ae81a2d86f17951b204db55,SP,Sudeste,2017-06-01,2018-07-01,12,14,15,1,22,4906.99,408.9158333333333,0.8571428571428571,true,0,1,false,2017-01-01,2018-08-31
f67efa3f0b6761102a7f8c6b7b571f5d,PR,Sul,2017-01-01,2018-04-01,10,16,20,4,29,4898.700000000001,489.87000000000006,0.625,false,1,1,false,2017-01-01,2018-08-31
d66c305afaec317ebee552073a674429,MG,Sudeste,2017-01-01,2017-05-01,4,5,20,15,41,4886.46,1221.615,0.8,false,1,1,false,2017-01-01,2018-08-31
abcd2cb37d46c2c8fb1bf071c859fc5b,MT,Centro-Oeste,2017-05-01,2018-08-01,15,16,16,0,45,4880.22,325.348,0.9375,true,0,1,false,2017-01-01,2018-08-31
f789d2c4f2c2eb38fc4373e7a4b35264,MG,Sudeste,2017-04-01,2018-08-01,13,17,17,0,44,4864.24,374.1723076923077,0.7647058823529411,true,0,1,false,2017-01-01,2018-08-31
0d85bbda9889ce1f7e63778d24f346eb,MG,Sudeste,2017-03-01,2018-03-01,12,13,18,5,51,4845.2,403.76666666666665,0.9230769230769231,false,1,1,false,2017-01-01,2018-08-31
1336efc61c316ddf92c899eb817f7cae,SP,Sudeste,2017-01-01,2018-08-01,19,20,20,0,74,4837.31,254.59526315789475,0.95,true,0,1,false,2017-01-01,2018-08-31
9add47bf45ce8e8c7db6b9cf670b1e09,PR,Sul,2017-02-01,2018-08-01,14,19,19,0,43,4829.240000000001,344.94571428571436,0.7368421052631579,true,0,1,false,2017-01-01,2018-08-31
4c498c7345e89aebad651544829beca0,SP,Sudeste,2017-12-01,2018-08-01,9,9,9,0,48,4819.76,535.5288888888889,1.0,true,0,1,false,2017-01-01,2018-08-31
ce69a8021d18961dd2a40269b7c2c293,PR,Sul,2018-03-01,2018-08-01,6,6,6,0,19,4818.0,803.0,1.0,true,0,1,false,2017-01-01,2018-08-31
8f580d36c1e9d6fbce95283403c7d447,SP,Sudeste,2017-12-01,2018-08-01,6,9,9,0,8,4813.25,802.2083333333334,0.6666666666666666,true,0,1,false,2017-01-01,2018-08-31
c12b92bf1c350f3e6bf88d3596219c86,SP,Sudeste,2018-05-01,2018-08-01,4,4,4,0,17,4808.78,1202.195,1.0,true,0,1,false,2017-01-01,2018-08-31
45d33f715e24d15a6ccf5c17b3a23e3c,SP,Sudeste,2017-01-01,2018-08-01,14,20,20,0,58,4801.74,342.9814285714286,0.7,true,0,1,false,2017-01-01,2018-08-31
f6122bc84774df1b372bdb3bb88ddb9f,SP,Sudeste,2017-10-01,2018-03-01,3,6,11,5,3,4799.87,1599.9566666666667,0.5,false,1,1,false,2017-01-01,2018-08-31
2a7dc43cecabf23403078e2188437d1d,SP,Sudeste,2017-11-01,2018-06-01,8,8,10,2,52,4795.91,599.48875,1.0,false,1,1,false,2017-01-01,2018-08-31
fcdd820084f17e9982427971e4e9d47f,SP,Sudeste,2018-03-01,2018-08-01,6,6,6,0,16,4783.99,797.3316666666666,1.0,true,0,1,false,2017-01-01,2018-08-31
dfa0c4c6229ab200a4a1336b4d7128ff,SC,Sul,2018-05-01,2018-08-01,4,4,4,0,77,4777.099999999999,1194.2749999999999,1.0,true,0,1,false,2017-01-01,2018-08-31
7e3f87d16fb353f408d467e74fbd8014,SP,Sudeste,2017-06-01,2018-08-01,14,15,15,0,92,4754.99,339.64214285714286,0.9333333333333333,true,0,1,false,2017-01-01,2018-08-31
b2479f944e1b90cf8a5de1bbfde284d6,SP,Sudeste,2018-01-01,2018-08-01,8,8,8,0,103,4752.51,594.06375,1.0,true,0,1,false,2017-01-01,2018-08-31
acce39e832338debb07b02385cde5967,MG,Sudeste,2018-05-01,2018-08-01,4,4,4,0,44,4748.100000000001,1187.0250000000003,1.0,true,0,1,false,2017-01-01,2018-08-31
0176f73cc1195f367f7b32db1e5b3aa8,SP,Sudeste,2017-11-01,2018-08-01,9,10,10,0,38,4733.1,525.9000000000001,0.9,true,0,1,false,2017-01-01,2018-08-31
30a2f535bb48308f991d0b9ad4a8c4bb,SP,Sudeste,2017-02-01,2018-07-01,16,18,19,1,71,4731.299999999999,295.70624999999995,0.8888888888888888,true,0,1,false,2017-01-01,2018-08-31
06579cb253ecd5a3a12a9e6eb6bf8f47,SP,Sudeste,2017-08-01,2018-08-01,13,13,13,0,62,4727.2,363.6307692307692,1.0,true,0,1,false,2017-01-01,2018-08-31
0307f7565ff85b299b6e5ef162b1b1a9,SP,Sudeste,2017-02-01,2017-05-01,3,4,19,15,6,4711.9,1570.6333333333332,0.75,false,1,1,false,2017-01-01,2018-08-31
ad420dd0c4f92f8af951ac24b86d0cf5,MG,Sudeste,2017-04-01,2018-08-01,13,17,17,0,42,4705.29,361.9453846153846,0.7647058823529411,true,0,1,false,2017-01-01,2018-08-31
582d4f8675b945722eda7c0cb61ba4c7,SP,Sudeste,2017-01-01,2018-08-01,19,20,20,0,59,4702.96,247.52421052631578,0.95,true,0,1,false,2017-01-01,2018-08-31
c004e5ea15737026cecaee0447e00b75,SP,Sudeste,2018-08-01,2018-08-01,1,1,1,0,2,4700.0,4700.0,1.0,true,0,1,false,2017-01-01,2018-08-31
537eb890efff034a88679788b647c564,RJ,Sudeste,2017-07-01,2018-08-01,14,14,14,0,160,4679.699999999999,334.2642857142856,1.0,true,0,1,false,2017-01-01,2018-08-31
968268a686aa05d1f529fb07dff08130,SP,Sudeste,2018-01-01,2018-08-01,7,8,8,0,12,4677.29,668.1842857142857,0.875,true,0,1,false,2017-01-01,2018-08-31
8931a84a914b3fe9b1ddaa4d704947ca,SP,Sudeste,2017-03-01,2018-07-01,15,17,18,1,29,4668.3,311.22,0.8823529411764706,true,0,1,false,2017-01-01,2018-08-31
1a932caad4f9d804097d7f8e615baed1,SP,Sudeste,2018-05-01,2018-08-01,4,4,4,0,20,4661.0,1165.25,1.0,true,0,1,false,2017-01-01,2018-08-31
ef990a83bbea832f36ebe81376335aa8,SC,Sul,2017-11-01,2018-08-01,8,10,10,0,43,4642.590000000001,580.3237500000001,0.8,true,0,1,false,2017-01-01,2018-08-31
a3dd39f583bc80bd8c5901c95878921e,BA,Nordeste,2017-08-01,2018-04-01,8,9,13,4,34,4607.81,575.97625,0.8888888888888888,false,1,1,false,2017-01-01,2018-08-31
31da954dc0855f2495c6310f70a2f931,SP,Sudeste,2017-09-01,2018-08-01,9,12,12,0,29,4583.0,509.22222222222223,0.75,true,0,1,false,2017-01-01,2018-08-31
5b179e9e8cc7ab6fd113a46ca584da81,SP,Sudeste,2017-02-01,2017-09-01,7,8,19,11,30,4554.1,650.5857142857143,0.875,false,1,1,false,2017-01-01,2018-08-31
2addf05f476d0637864454e93ba673d5,DF,Centro-Oeste,2017-08-01,2018-03-01,8,8,13,5,12,4552.0,569.0,1.0,false,1,1,false,2017-01-01,2018-08-31
c68fb906c8f4b4b946d8386bfa6e5467,SP,Sudeste,2017-03-01,2018-07-01,16,17,18,1,45,4541.16,283.8225,0.9411764705882353,true,0,1,false,2017-01-01,2018-08-31
834f8533b2ecb6598dd004ff3de7203a,SP,Sudeste,2017-01-01,2018-08-01,15,20,20,0,43,4538.29,302.55266666666665,0.75,true,0,1,false,2017-01-01,2018-08-31
1fe5540d7c1c37a595fefbacd5570d9e,RJ,Sudeste,2018-08-01,2018-08-01,1,1,1,0,20,4537.600000000001,4537.600000000001,1.0,true,0,1,false,2017-01-01,2018-08-31
37dd29b36c458d82f74a953c40c43645,SP,Sudeste,2017-10-01,2018-05-01,6,8,11,3,7,4536.99,756.165,0.75,false,1,1,false,2017-01-01,2018-08-31
13fa2a6c6b9d0f43cb588d7c82117a12,SP,Sudeste,2017-06-01,2017-09-01,3,4,15,11,9,4528.0,1509.3333333333333,0.75,false,1,1,false,2017-01-01,2018-08-31
c840d3fdbba0790404fdae73d253b253,PR,Sul,2017-10-01,2018-06-01,5,9,11,2,9,4522.28,904.4559999999999,0.5555555555555556,false,1,1,false,2017-01-01,2018-08-31
180c3376aff0e43dd5788709df48a843,SP,Sudeste,2017-08-01,2018-01-01,4,6,13,7,5,4513.0,1128.25,0.6666666666666666,false,1,1,false,2017-01-01,2018-08-31
6288c69c4ce638e59925e59193f98b16,SP,Sudeste,2017-03-01,2018-08-01,11,18,18,0,22,4506.280000000001,409.66181818181826,0.6111111111111112,true,0,1,false,2017-01-01,2018-08-31
b561927807645834b59ef0d16ba55a24,SP,Sudeste,2018-01-01,2018-08-01,8,8,8,0,85,4501.99,562.74875,1.0,true,0,1,false,2017-01-01,2018-08-31
fc906263ca5083d09dce42fe02247800,MG,Sudeste,2017-04-01,2017-12-01,8,9,17,8,114,4497.699999999999,562.2124999999999,0.8888888888888888,false,1,1,false,2017-01-01,2018-08-31
55d3daac7c404d59e51c2aa2f4dc5a23,SP,Sudeste,2017-05-01,2018-08-01,13,16,16,0,21,4480.599999999999,344.66153846153844,0.8125,true,0,1,false,2017-01-01,2018-08-31
2ff97219cb8622eaf3cd89b7d9c09824,SP,Sudeste,2018-02-01,2018-08-01,7,7,7,0,89,4476.9,639.5571428571428,1.0,true,0,1,false,2017-01-01,2018-08-31
e81e1f9c3e762e620f3fb60a51499e16,SC,Sul,2017-05-01,2018-04-01,8,12,16,4,17,4465.99,558.24875,0.6666666666666666,false,1,1,false,2017-01-01,2018-08-31
bbad7e518d7af88a0897397ffdca1979,SP,Sudeste,2017-06-01,2018-08-01,15,15,15,0,69,4462.219999999999,297.4813333333333,1.0,true,0,1,false,2017-01-01,2018-08-31
8bd0f31cf0a614c658f6763bd02dea69,SP,Sudeste,2017-01-01,2018-08-01,13,20,20,0,33,4455.34,342.71846153846155,0.65,true,0,1,false,2017-01-01,2018-08-31
b90e891671cffd9557f33a97dc523645,PR,Sul,2017-08-01,2018-08-01,12,13,13,0,34,4449.0,370.75,0.9230769230769231,true,0,1,false,2017-01-01,2018-08-31
2e3be8a987a30d7544dbbda6861cc14e,MG,Sudeste,2017-02-01,2018-07-01,12,18,19,1,18,4430.84,369.2366666666667,0.6666666666666666,true,0,1,false,2017-01-01,2018-08-31
d379f449f2a3b271bc01c0782020f705,MG,Sudeste,2017-01-01,2018-08-01,15,20,20,0,28,4423.06,294.8706666666667,0.75,true,0,1,false,2017-01-01,2018-08-31
0ef83d7d83ed97cd2a0049ac8be5f88a,PR,Sul,2017-11-01,2018-08-01,10,10,10,0,48,4421.01,442.101,1.0,true,0,1,false,2017-01-01,2018-08-31
f021c962aaba8ef6eb527a9c2c8394d1,SC,Sul,2017-05-01,2017-08-01,3,4,16,12,5,4398.5,1466.1666666666667,0.75,false,1,1,false,2017-01-01,2018-08-31
beadbee30901a7f61d031b6b686095ad,SP,Sudeste,2018-05-01,2018-08-01,4,4,4,0,64,4373.98,1093.495,1.0,true,0,1,false,2017-01-01,2018-08-31
15aac934c58d886785ac1b17953ea898,ES,Sudeste,2017-10-01,2018-06-01,9,9,11,2,25,4353.9,483.76666666666665,1.0,false,1,1,false,2017-01-01,2018-08-31
eed78ac17f7f795a19a709745f00cd4e,SP,Sudeste,2017-08-01,2018-07-01,10,12,13,1,22,4349.5,434.95,0.8333333333333334,true,0,1,false,2017-01-01,2018-08-31
a3f0b55de503387383c7b1de3ad7f678,PR,Sul,2017-09-01,2018-05-01,7,9,12,3,24,4348.400000000001,621.2,0.7777777777777778,false,1,1,false,2017-01-01,2018-08-31
c500367424994318b9e779ff1ae9a330,SP,Sudeste,2017-09-01,2017-12-01,4,4,12,8,9,4346.400000000001,1086.6000000000001,1.0,false,1,1,false,2017-01-01,2018-08-31
9df5750209b83567ec144eb299d7d634,RS,Sul,2017-04-01,2018-07-01,7,16,17,1,10,4327.0,618.1428571428571,0.4375,true,0,1,false,2017-01-01,2018-08-31
65febd49fd28ec955651299159b1f527,SP,Sudeste,2018-04-01,2018-08-01,5,5,5,0,35,4319.700000000001,863.9400000000002,1.0,true,0,1,false,2017-01-01,2018-08-31
9803a40e82e45418ab7fb84091af5231,GO,Centro-Oeste,2018-05-01,2018-08-01,4,4,4,0,11,4278.75,1069.6875,1.0,true,0,1,false,2017-01-01,2018-08-31
23613d49c3ac2bd302259e55c06c050c,SP,Sudeste,2017-03-01,2018-08-01,18,18,18,0,69,4277.1,237.61666666666667,1.0,true,0,1,false,2017-01-01,2018-08-31
282c7480173bb9c01dd41cc739fec010,SP,Sudeste,2017-08-01,2017-08-01,1,1,13,12,5,4274.2,4274.2,1.0,false,1,1,false,2017-01-01,2018-08-31
cc5a78bbad32776dc4e3af205218368c,MG,Sudeste,2018-05-01,2018-08-01,4,4,4,0,33,4269.18,1067.295,1.0,true,0,1,false,2017-01-01,2018-08-31
1fdc574883ef3b33ad41562d93f3a74a,SP,Sudeste,2017-11-01,2018-07-01,9,9,10,1,18,4251.0,472.3333333333333,1.0,true,0,1,false,2017-01-01,2018-08-31
43f8c9950d11ecd03a0304a49e010da6,SP,Sudeste,2017-07-01,2018-05-01,9,11,14,3,41,4249.59,472.1766666666667,0.8181818181818182,false,1,1,false,2017-01-01,2018-08-31
9b1585752613ec342d03bbab9997ec48,RJ,Sudeste,2018-08-01,2018-08-01,1,1,1,0,3,4248.98,4248.98,1.0,true,0,1,false,2017-01-01,2018-08-31
6ec1a01e866584bb679eb9b098345919,SP,Sudeste,2017-07-01,2018-08-01,13,14,14,0,31,4248.91,326.83923076923077,0.9285714285714286,true,0,1,false,2017-01-01,2018-08-31
3c03b12bab54d8b37d79d914bfdb1aa0,RJ,Sudeste,2017-12-01,2018-08-01,9,9,9,0,37,4236.34,470.70444444444445,1.0,true,0,1,false,2017-01-01,2018-08-31
98dac6635aee4995d501a3972e047414,SP,Sudeste,2017-04-01,2018-08-01,16,17,17,0,91,4235.849999999999,264.74062499999997,0.9411764705882353,true,0,1,false,2017-01-01,2018-08-31
8b9d6eec4a7eb7d0f9d579ce0b38324d,RJ,Sudeste,2018-05-01,2018-08-01,4,4,4,0,49,4232.54,1058.135,1.0,true,0,1,false,2017-01-01,2018-08-31
8a130737016f838139d31878787a39c9,SP,Sudeste,2017-12-01,2018-07-01,8,8,9,1,56,4222.03,527.75375,1.0,true,0,1,false,2017-01-01,2018-08-31
6b3bd31ad8fcda4b2635ec9f3ff2ecdf,RJ,Sudeste,2018-03-01,2018-08-01,6,6,6,0,36,4198.9,699.8166666666666,1.0,true,0,1,false,2017-01-01,2018-08-31
8bb48dc19fccaa8613b6229bf7f452a2,SP,Sudeste,2017-10-01,2018-07-01,10,10,11,1,82,4190.72,419.072,1.0,true,0,1,false,2017-01-01,2018-08-31
c9a06ece156bb057372c68718ec8909b,DF,Centro-Oeste,2017-01-01,2017-02-01,2,2,20,18,11,4180.0,2090.0,1.0,false,1,1,false,2017-01-01,2018-08-31
891071be6ba827b591264c90c2ae8a63,SP,Sudeste,2017-01-01,2018-08-01,14,20,20,0,92,4177.280000000001,298.3771428571429,0.7,true,0,1,false,2017-01-01,2018-08-31
5c030029b5916fed0986310385ec9009,SC,Sul,2018-06-01,2018-08-01,3,3,3,0,7,4164.4,1388.1333333333332,1.0,true,0,1,false,2017-01-01,2018-08-31
bccf933e006e9b94a6184af782963e77,SP,Sudeste,2017-10-01,2018-08-01,9,11,11,0,45,4162.740000000001,462.52666666666676,0.8181818181818182,true,0,1,false,2017-01-01,2018-08-31
f76a3b1349b6df1ee875d1f3fa4340f0,SP,Sudeste,2018-01-01,2018-08-01,7,8,8,0,24,4160.79,594.3985714285715,0.875,true,0,1,false,2017-01-01,2018-08-31
cd6efc47efaabf134f8bdb654e10b4f1,RJ,Sudeste,2017-11-01,2018-08-01,9,10,10,0,31,4158.55,462.06111111111113,0.9,true,0,1,false,2017-01-01,2018-08-31
6fc26fe110feebd80a433e1f012a84f9,SP,Sudeste,2017-01-01,2018-08-01,17,20,20,0,35,4150.87,244.16882352941175,0.85,true,0,1,false,2017-01-01,2018-08-31
d20b021d3efdf267a402c402a48ea64b,SP,Sudeste,2017-02-01,2018-07-01,16,18,19,1,90,4140.17,258.760625,0.8888888888888888,true,0,1,false,2017-01-01,2018-08-31
681fce914360217db47784ae28905a96,PR,Sul,2017-10-01,2018-07-01,8,10,11,1,23,4127.33,515.91625,0.8,true,0,1,false,2017-01-01,2018-08-31
42b729f859728f5079499127a9c2ef37,SP,Sudeste,2018-01-01,2018-08-01,8,8,8,0,104,4118.859999999999,514.8574999999998,1.0,true,0,1,false,2017-01-01,2018-08-31
e883aa812c37a7413226856f4579fe91,SP,Sudeste,2018-02-01,2018-08-01,7,7,7,0,26,4097.099999999999,585.3,1.0,true,0,1,false,2017-01-01,2018-08-31
2a167ca73899c85001a837d8fb4962f6,SP,Sudeste,2018-07-01,2018-07-01,1,1,2,1,2,4097.0,4097.0,1.0,true,0,1,false,2017-01-01,2018-08-31
382229d1e840115ffe3dbf5ff460e417,RJ,Sudeste,2018-04-01,2018-08-01,5,5,5,0,46,4096.96,819.392,1.0,true,0,1,false,2017-01-01,2018-08-31
951e8cef368f09bb3f3d03c00ca4702c,SP,Sudeste,2018-04-01,2018-08-01,5,5,5,0,64,4092.29,818.458,1.0,true,0,1,false,2017-01-01,2018-08-31
99002261c568a84cce14d43fcffb43ea,MT,Centro-Oeste,2017-10-01,2018-08-01,10,11,11,0,36,4088.0,408.8,0.9090909090909091,true,0,1,false,2017-01-01,2018-08-31
ec8879960bd2221d5c32f8e12f7da711,SP,Sudeste,2017-05-01,2018-04-01,12,12,16,4,36,4062.3999999999996,338.5333333333333,1.0,false,1,1,false,2017-01-01,2018-08-31
d5ba419e26d246a0719437cf37d9b46d,SP,Sudeste,2017-05-01,2018-08-01,10,16,16,0,34,4061.3999999999996,406.14,0.625,true,0,1,false,2017-01-01,2018-08-31
f35b3c613c4f7b2275f4185d0a3c59ec,SP,Sudeste,2018-02-01,2018-06-01,5,5,7,2,9,4047.25,809.45,1.0,false,1,1,false,2017-01-01,2018-08-31
a0415d9b25ede3c4b1e477e9916ffc03,RJ,Sudeste,2017-04-01,2018-01-01,5,10,17,7,10,4044.1,808.8199999999999,0.5,false,1,1,false,2017-01-01,2018-08-31
715bbd5ba4e6b74cb0d2f29eb45058b0,SP,Sudeste,2017-09-01,2018-08-01,12,12,12,0,62,4043.3,336.94166666666666,1.0,true,0,1,false,2017-01-01,2018-08-31
3c7c4a49ec3c6550809089c6a2ca9370,SP,Sudeste,2017-09-01,2018-08-01,12,12,12,0,141,4033.6400000000003,336.1366666666667,1.0,true,0,1,false,2017-01-01,2018-08-31
e70053bf73d1b5863932e53a9fa47496,SP,Sudeste,2018-02-01,2018-08-01,5,7,7,0,7,4025.0,805.0,0.7142857142857143,true,0,1,false,2017-01-01,2018-08-31
55a5b51f93f2b70ea513f5a047b0262a,MG,Sudeste,2017-04-01,2017-10-01,7,7,17,10,39,4002.3,571.7571428571429,1.0,false,1,1,false,2017-01-01,2018-08-31
cb41bfbcbda0aea354a834ab222f9a59,SP,Sudeste,2017-11-01,2018-07-01,7,9,10,1,12,4002.0,571.7142857142857,0.7777777777777778,true,0,1,false,2017-01-01,2018-08-31
6b333a05bf188ef3e1f1662a86bd9855,DF,Centro-Oeste,2018-01-01,2018-08-01,6,8,8,0,12,3990.9100000000003,665.1516666666668,0.75,true,0,1,false,2017-01-01,2018-08-31
1b938a7ec6ac5061a66a3766e0e75f90,SP,Sudeste,2017-09-01,2018-08-01,10,12,12,0,30,3987.5999999999995,398.75999999999993,0.8333333333333334,true,0,1,false,2017-01-01,2018-08-31
bede56095ba33c42038fb85f707b8a42,SP,Sudeste,2017-08-01,2017-12-01,2,5,13,8,2,3973.9,1986.95,0.4,false,1,1,false,2017-01-01,2018-08-31
50c9975695009e5e6473912e83a6d1da,MG,Sudeste,2017-02-01,2018-07-01,16,18,19,1,50,3964.3999999999996,247.77499999999998,0.8888888888888888,true,0,1,false,2017-01-01,2018-08-31
bf3c6d2a28b2b5501e6c15448982dcc9,SP,Sudeste,2017-05-01,2018-05-01,10,13,16,3,35,3956.5,395.65,0.7692307692307693,false,1,1,false,2017-01-01,2018-08-31
3f995f07c49d0d55a99d5c54957f7d81,SP,Sudeste,2017-04-01,2018-08-01,12,17,17,0,43,3955.7,329.64166666666665,0.7058823529411765,true,0,1,false,2017-01-01,2018-08-31
81f89e42267213cb94da7ddc301651da,SP,Sudeste,2018-08-01,2018-08-01,1,1,1,0,46,3955.0,3955.0,1.0,true,0,1,false,2017-01-01,2018-08-31
11bfa66332777660bd0640ee84d47006,SP,Sudeste,2017-09-01,2018-08-01,12,12,12,0,76,3925.870000000001,327.1558333333334,1.0,true,0,1,false,2017-01-01,2018-08-31
d12c926d74ceff0a90a21184466ce161,SP,Sudeste,2017-01-01,2018-05-01,17,17,20,3,77,3925.2799999999997,230.89882352941174,1.0,false,1,1,false,2017-01-01,2018-08-31
fde0cc9ea29c8ccfc0a2c22256a58c71,PR,Sul,2017-10-01,2018-08-01,11,11,11,0,35,3922.0,356.54545454545456,1.0,true,0,1,false,2017-01-01,2018-08-31
232a6014e7b10cba61c6c2b2ea6bb4b0,SP,Sudeste,2017-02-01,2018-07-01,13,18,19,1,33,3919.87,301.52846153846156,0.7222222222222222,true,0,1,false,2017-01-01,2018-08-31
7f152321c60a266edc53af1925ef96c1,SC,Sul,2017-08-01,2018-08-01,10,13,13,0,20,3919.8,391.98,0.7692307692307693,true,0,1,false,2017-01-01,2018-08-31
d673a59aac7a70d8b01e6902bf090a11,SP,Sudeste,2017-10-01,2018-08-01,11,11,11,0,79,3908.9399999999996,355.3581818181818,1.0,true,0,1,false,2017-01-01,2018-08-31
79ed755314cfe6df0daef2c6cd3022cd,SP,Sudeste,2017-02-01,2018-08-01,9,19,19,0,23,3907.5,434.1666666666667,0.47368421052631576,true,0,1,false,2017-01-01,2018-08-31
3361277dc30b7cccdb0c286b24219756,PR,Sul,2017-02-01,2018-08-01,16,19,19,0,29,3905.05,244.065625,0.8421052631578947,true,0,1,false,2017-01-01,2018-08-31
f00e21b1e91a79653163b7fd8f293ff1,SP,Sudeste,2017-03-01,2017-12-01,10,10,18,8,31,3900.09,390.009,1.0,false,1,1,false,2017-01-01,2018-08-31
271c58a1d139c45eaf3316107c6d3a3b,SP,Sudeste,2018-05-01,2018-08-01,4,4,4,0,29,3897.52,974.38,1.0,true,0,1,false,2017-01-01,2018-08-31
6a0cbc8af2e8abd1bdfb777943d174c6,SP,Sudeste,2017-05-01,2018-07-01,12,15,16,1,35,3894.05,324.50416666666666,0.8,true,0,1,false,2017-01-01,2018-08-31
14d7985702e72162bbf13b6beb74ab2b,SP,Sudeste,2017-03-01,2018-08-01,15,18,18,0,37,3887.0,259.1333333333333,0.8333333333333334,true,0,1,false,2017-01-01,2018-08-31
02f5837340d7eb4f653d676c7256523a,PR,Sul,2017-11-01,2018-08-01,8,10,10,0,30,3883.05,485.38125,0.8,true,0,1,false,2017-01-01,2018-08-31
8090490573c6c0aa343a7231ebcb8c86,SP,Sudeste,2017-09-01,2018-08-01,10,12,12,0,26,3871.12,387.11199999999997,0.8333333333333334,true,0,1,false,2017-01-01,2018-08-31
42fa4ee7240e9b8eb4576358ec142ba7,RS,Sul,2018-02-01,2018-07-01,6,6,7,1,22,3845.7000000000003,640.95,1.0,true,0,1,false,2017-01-01,2018-08-31
7d76b645482be4a332374e8223836592,SP,Sudeste,2017-07-01,2018-08-01,14,14,14,0,176,3843.929999999999,274.5664285714285,1.0,true,0,1,false,2017-01-01,2018-08-31
8ed8ea9a57c862f2c18c2fe41f601d56,SC,Sul,2018-04-01,2018-06-01,3,3,5,2,19,3831.9,1277.3,1.0,false,1,1,false,2017-01-01,2018-08-31
13d058e4eeac2ce8217660b2f8a05812,SP,Sudeste,2017-05-01,2018-07-01,9,15,16,1,23,3829.7700000000004,425.53000000000003,0.6,true,0,1,false,2017-01-01,2018-08-31
3f3486b61f45078d4f31ee5e43d8c5bb,SP,Sudeste,2017-12-01,2018-08-01,9,9,9,0,40,3829.73,425.52555555555557,1.0,true,0,1,false,2017-01-01,2018-08-31
6860153b69cc696d5dcfe1cdaaafcf62,SP,Sudeste,2017-11-01,2018-08-01,9,10,10,0,74,3827.6300000000006,425.2922222222223,0.9,true,0,1,false,2017-01-01,2018-08-31
f0b47fbbc6dee9aafe415a6e33051b3f,SP,Sudeste,2017-07-01,2018-08-01,8,14,14,0,68,3795.9100000000003,474.48875000000004,0.5714285714285714,true,0,1,false,2017-01-01,2018-08-31
2e13c71026e1a39ba5cc1b86dcb679aa,SP,Sudeste,2017-12-01,2018-08-01,9,9,9,0,24,3793.0,421.44444444444446,1.0,true,0,1,false,2017-01-01,2018-08-31
cac4c8e7b1ca6252d8f20b2fc1a2e4af,SP,Sudeste,2017-04-01,2018-08-01,17,17,17,0,74,3768.1900000000005,221.65823529411767,1.0,true,0,1,false,2017-01-01,2018-08-31
2199e7fe213c16213bf5d6a7eadc9a5d,SP,Sudeste,2017-01-01,2018-08-01,16,20,20,0,24,3767.2900000000004,235.45562500000003,0.8,true,0,1,false,2017-01-01,2018-08-31
5d9dc90a686a8fddacffab6bab5653a3,SP,Sudeste,2017-10-01,2018-08-01,9,11,11,0,12,3761.9399999999996,417.9933333333333,0.8181818181818182,true,0,1,false,2017-01-01,2018-08-31
edf96ef93ed595084bbcbd9224bd2894,SP,Sudeste,2017-02-01,2018-08-01,14,19,19,0,25,3757.0,268.35714285714283,0.7368421052631579,true,0,1,false,2017-01-01,2018-08-31
2d2c62bef4c8ba0dd74e0e228e808539,SP,Sudeste,2017-11-01,2018-08-01,8,10,10,0,16,3749.0,468.625,0.8,true,0,1,false,2017-01-01,2018-08-31
1d0997ff06b524ce9289ffd75114ecd3,PE,Nordeste,2017-01-01,2017-11-01,3,11,20,9,3,3747.0,1249.0,0.2727272727272727,false,1,1,false,2017-01-01,2018-08-31
3c4e0452bff7a2a788179488d3d77032,PR,Sul,2017-12-01,2018-03-01,4,4,9,5,32,3746.4000000000005,936.6000000000001,1.0,false,1,1,false,2017-01-01,2018-08-31
eb4df17aed01d918c65f0f8d650900c0,SP,Sudeste,2017-11-01,2018-08-01,6,10,10,0,11,3739.87,623.3116666666666,0.6,true,0,1,false,2017-01-01,2018-08-31
602044f2c16190c2c6e45eb35c2e21cb,SP,Sudeste,2017-10-01,2018-08-01,10,11,11,0,50,3739.16,373.916,0.9090909090909091,true,0,1,false,2017-01-01,2018-08-31
0509040ea3fe50071181bbc359eb7738,MG,Sudeste,2017-05-01,2018-08-01,16,16,16,0,89,3737.95,233.621875,1.0,true,0,1,false,2017-01-01,2018-08-31
77e4abfd739aed9c46480f90f81c0eb4,DF,Centro-Oeste,2018-01-01,2018-08-01,8,8,8,0,18,3736.99,467.12375,1.0,true,0,1,false,2017-01-01,2018-08-31
8f119a0aee85c0c8fc534629734e94fd,SP,Sudeste,2017-01-01,2018-08-01,18,20,20,0,77,3733.68,207.42666666666665,0.9,true,0,1,false,2017-01-01,2018-08-31
66dc1b1632bd6a3e508510c5b3492107,SP,Sudeste,2017-07-01,2018-08-01,11,14,14,0,37,3721.3899999999994,338.30818181818177,0.7857142857142857,true,0,1,false,2017-01-01,2018-08-31
23a0ffca143a15b9b5bbdb7d552f626a,SP,Sudeste,2018-03-01,2018-08-01,6,6,6,0,23,3718.51,619.7516666666667,1.0,true,0,1,false,2017-01-01,2018-08-31
822166ed1e47908f7cfb49946d03c726,RJ,Sudeste,2017-05-01,2018-07-01,14,15,16,1,69,3714.83,265.34499999999997,0.9333333333333333,true,0,1,false,2017-01-01,2018-08-31
ec80e49e69745ab6c14f984bf2149423,SP,Sudeste,2018-02-01,2018-08-01,6,7,7,0,12,3709.0,618.1666666666666,0.8571428571428571,true,0,1,false,2017-01-01,2018-08-31
99a54764c341d5dc80b4a8fac4eba3fb,SP,Sudeste,2018-04-01,2018-08-01,5,5,5,0,45,3708.7599999999998,741.752,1.0,true,0,1,false,2017-01-01,2018-08-31
a44fb5a447105f8469bdf16bf9159f25,RS,Sul,2017-11-01,2018-08-01,8,10,10,0,19,3706.1000000000004,463.26250000000005,0.8,true,0,1,false,2017-01-01,2018-08-31
f3da5b2ff499efb8d4a6d371d175d7dd,SP,Sudeste,2017-11-01,2018-07-01,9,9,10,1,79,3702.2899999999995,411.3655555555555,1.0,true,0,1,false,2017-01-01,2018-08-31
520b493b57809f446cb0a233bb3e25c7,SP,Sudeste,2017-03-01,2017-12-01,10,10,18,8,63,3698.8999999999996,369.89,1.0,false,1,1,false,2017-01-01,2018-08-31
c0563dd588b775f2e37747ef6ad6c92c,SP,Sudeste,2017-02-01,2018-08-01,15,19,19,0,28,3697.2000000000003,246.48000000000002,0.7894736842105263,true,0,1,false,2017-01-01,2018-08-31
4559697a8f7e637227c2eeaed843baff,SP,Sudeste,2017-02-01,2018-06-01,12,17,19,2,42,3696.0,308.0,0.7058823529411765,false,1,1,false,2017-01-01,2018-08-31
5f5b43b2bffa8656e4bc6efeb13cc649,SP,Sudeste,2017-11-01,2018-06-01,6,8,10,2,27,3677.2000000000007,612.8666666666668,0.75,false,1,1,false,2017-01-01,2018-08-31
2745f798279e0ed033addcc1474776d7,SP,Sudeste,2017-08-01,2018-05-01,10,10,13,3,32,3668.5299999999997,366.85299999999995,1.0,false,1,1,false,2017-01-01,2018-08-31
c731d18cea9bf687ffee82a241c25b11,SC,Sul,2017-02-01,2018-08-01,14,19,19,0,24,3662.0,261.57142857142856,0.7368421052631579,true,0,1,false,2017-01-01,2018-08-31
33ac3e28642ab8bda860a2f693000e78,SP,Sudeste,2017-02-01,2018-07-01,17,18,19,1,34,3661.0299999999997,215.35470588235293,0.9444444444444444,true,0,1,false,2017-01-01,2018-08-31
8b2492b7ff4468839593fafeed55bad9,RJ,Sudeste,2017-08-01,2018-07-01,12,12,13,1,29,3660.08,305.00666666666666,1.0,true,0,1,false,2017-01-01,2018-08-31
7f2617c58d5d06806987308b45654351,SP,Sudeste,2017-04-01,2018-06-01,11,15,17,2,22,3656.8,332.43636363636364,0.7333333333333333,false,1,1,false,2017-01-01,2018-08-31
5d3bb11474a06bdc23fb9e89f1164ee0,SP,Sudeste,2017-07-01,2018-08-01,11,14,14,0,31,3654.6000000000004,332.23636363636365,0.7857142857142857,true,0,1,false,2017-01-01,2018-08-31
e49c26c3edfa46d227d5121a6b6e4d37,PE,Nordeste,2017-02-01,2018-07-01,13,18,19,1,35,3654.25,281.09615384615387,0.7222222222222222,true,0,1,false,2017-01-01,2018-08-31
f97e2b0650c2068227e1d366140eb62f,SP,Sudeste,2017-06-01,2018-08-01,10,15,15,0,16,3654.0,365.4,0.6666666666666666,true,0,1,false,2017-01-01,2018-08-31
6bb0724edf0b62fb91ac404873a97241,SP,Sudeste,2017-02-01,2018-04-01,10,15,19,4,17,3653.0,365.3,0.6666666666666666,false,1,1,false,2017-01-01,2018-08-31
38e679b9e0064cd94c6f035707344dae,PR,Sul,2017-01-01,2018-01-01,9,13,20,7,27,3649.61,405.51222222222225,0.6923076923076923,false,1,1,false,2017-01-01,2018-08-31
406822777a0b9eb5c50e442dd4cd3ec5,SP,Sudeste,2017-10-01,2018-08-01,11,11,11,0,45,3648.0799999999995,331.6436363636363,1.0,true,0,1,false,2017-01-01,2018-08-31
ed4311e67debd72b8610a5347a743087,SP,Sudeste,2017-12-01,2018-08-01,5,9,9,0,25,3636.0,727.2,0.5555555555555556,true,0,1,false,2017-01-01,2018-08-31
1eade46fba20122dc4aefb379f8c636b,SP,Sudeste,2017-02-01,2018-07-01,15,18,19,1,58,3635.37,242.358,0.8333333333333334,true,0,1,false,2017-01-01,2018-08-31
b17b679f4f5ce2e03ce6968c62648246,SP,Sudeste,2017-01-01,2018-05-01,12,17,20,3,48,3628.07,302.3391666666667,0.7058823529411765,false,1,1,false,2017-01-01,2018-08-31
96804ea39d96eb908e7c3afdb671bb9e,MG,Sudeste,2017-02-01,2018-04-01,14,15,19,4,38,3610.7000000000003,257.9071428571429,0.9333333333333333,false,1,1,false,2017-01-01,2018-08-31
21e83881401b92b49fb09a16d3852291,MG,Sudeste,2017-03-01,2018-01-01,7,11,18,7,14,3588.05,512.5785714285714,0.6363636363636364,false,1,1,false,2017-01-01,2018-08-31
3364a91ec4d56c98e44174de954b94f6,RO,Norte,2017-04-01,2017-08-01,4,5,17,12,6,3579.94,894.985,0.8,false,1,1,false,2017-01-01,2018-08-31
3c010235b7345c92f125d14ee232a76b,PR,Sul,2018-07-01,2018-08-01,2,2,2,0,15,3578.0,1789.0,1.0,true,0,1,false,2017-01-01,2018-08-31
3d8fa2f5b647373c8620330c4e077a9f,SP,Sudeste,2018-04-01,2018-08-01,5,5,5,0,43,3571.73,714.346,1.0,true,0,1,false,2017-01-01,2018-08-31
df560393f3a51e74553ab94004ba5c87,PR,Sul,2017-01-01,2018-03-01,12,15,20,5,27,3567.2799999999997,297.2733333333333,0.8,false,1,1,false,2017-01-01,2018-08-31
f2336e113377dd21c744d9c4fc8293a9,SP,Sudeste,2017-02-01,2017-09-01,3,8,19,11,4,3563.0,1187.6666666666667,0.375,false,1,1,false,2017-01-01,2018-08-31
218f991754f360af9c2daa5e0b8e990c,SP,Sudeste,2017-12-01,2018-08-01,7,9,9,0,14,3554.32,507.76000000000005,0.7777777777777778,true,0,1,false,2017-01-01,2018-08-31
585175ec331ea177fa47199e39a6170a,MG,Sudeste,2017-02-01,2017-02-01,1,1,19,18,1,3549.0,3549.0,1.0,false,1,1,false,2017-01-01,2018-08-31
71039d19d4303bf9054d69e9a9236699,SP,Sudeste,2017-10-01,2018-08-01,10,11,11,0,35,3537.2,353.71999999999997,0.9090909090909091,true,0,1,false,2017-01-01,2018-08-31
276677b5d08786d5dce7c2149dcce48b,MG,Sudeste,2018-02-01,2018-08-01,7,7,7,0,33,3522.0,503.14285714285717,1.0,true,0,1,false,2017-01-01,2018-08-31
6750d71153f00fc58829af2a8ef1bcf1,RJ,Sudeste,2017-03-01,2017-08-01,6,6,18,12,6,3514.0,585.6666666666666,1.0,false,1,1,false,2017-01-01,2018-08-31
e7d5b006eb624f13074497221eb37807,SP,Sudeste,2017-08-01,2018-07-01,7,12,13,1,28,3478.9300000000007,496.9900000000001,0.5833333333333334,true,0,1,false,2017-01-01,2018-08-31
244b04680fdbded0acf5aebd9c92b44a,SP,Sudeste,2017-12-01,2018-03-01,2,4,9,5,3,3477.7000000000003,1738.8500000000001,0.5,false,1,1,false,2017-01-01,2018-08-31
8ff38bc3969e67c36c48343a07090f66,SP,Sudeste,2017-08-01,2017-09-01,2,2,13,11,2,3472.0,1736.0,1.0,false,1,1,false,2017-01-01,2018-08-31
ed46f1eb4a638113deb2a1137b5f22e9,SC,Sul,2018-07-01,2018-08-01,2,2,2,0,4,3470.0,1735.0,1.0,true,0,1,false,2017-01-01,2018-08-31
bce6a5ecf98e99fd2a8868b15c51f04b,SP,Sudeste,2018-06-01,2018-08-01,3,3,3,0,14,3464.9,1154.9666666666667,1.0,true,0,1,false,2017-01-01,2018-08-31
56642bcb79900e777d68e91915cb4267,SP,Sudeste,2017-01-01,2018-07-01,15,19,20,1,46,3454.6400000000003,230.30933333333334,0.7894736842105263,true,0,1,false,2017-01-01,2018-08-31
f0837c8d71434931d9e38e7b79234797,RS,Sul,2017-11-01,2018-08-01,7,10,10,0,22,3446.9,492.4142857142857,0.7,true,0,1,false,2017-01-01,2018-08-31
994f04b3718c2bab35c2adfa8afecd2a,SP,Sudeste,2017-11-01,2018-08-01,10,10,10,0,49,3445.7,344.57,1.0,true,0,1,false,2017-01-01,2018-08-31
1b8356dabde1d35e17cef975c3f82730,SP,Sudeste,2017-02-01,2017-11-01,10,10,19,9,56,3426.3900000000003,342.639,1.0,false,1,1,false,2017-01-01,2018-08-31
c394e193cda3b4225ff2094d32184849,SP,Sudeste,2018-04-01,2018-05-01,2,2,5,3,3,3419.8799999999997,1709.9399999999998,1.0,false,1,1,false,2017-01-01,2018-08-31
4677a5437afda5fa7140b927b07be1cc,PR,Sul,2018-04-01,2018-08-01,4,5,5,0,11,3415.7,853.925,0.8,true,0,1,false,2017-01-01,2018-08-31
f4db9b37944bcb8873e6b456ee190bbf,SP,Sudeste,2017-04-01,2018-08-01,10,17,17,0,21,3409.7799999999997,340.97799999999995,0.5882352941176471,true,0,1,false,2017-01-01,2018-08-31
070d165398b553f3b4b851c216b8a358,SP,Sudeste,2017-08-01,2018-08-01,12,13,13,0,32,3393.16,282.7633333333333,0.9230769230769231,true,0,1,false,2017-01-01,2018-08-31
cfd7ddab722b902f7ac5b5f3ba6d723d,MG,Sudeste,2018-06-01,2018-08-01,3,3,3,0,12,3385.03,1128.3433333333335,1.0,true,0,1,false,2017-01-01,2018-08-31
960945e1a9535cbc0cd6ddd35fbe7ae8,SP,Sudeste,2018-05-01,2018-08-01,4,4,4,0,28,3381.73,845.4325,1.0,true,0,1,false,2017-01-01,2018-08-31
827f8f69dfa529c561901c4f2e0f332f,PR,Sul,2017-01-01,2018-03-01,14,15,20,5,90,3380.489999999999,241.46357142857136,0.9333333333333333,false,1,1,false,2017-01-01,2018-08-31
b1fecf4da1fa2689bccffa0121953643,MS,Centro-Oeste,2017-01-01,2017-05-01,4,5,20,15,17,3357.84,839.46,0.8,false,1,1,false,2017-01-01,2018-08-31
2d50d6282f8aa2257819a77bfaa0efe0,SP,Sudeste,2017-08-01,2018-08-01,12,13,13,0,44,3353.4799999999996,279.45666666666665,0.9230769230769231,true,0,1,false,2017-01-01,2018-08-31
db4350fd57ae30082dec7acbaacc17f9,SP,Sudeste,2017-03-01,2018-08-01,17,18,18,0,137,3331.3100000000004,195.95941176470592,0.9444444444444444,true,0,1,false,2017-01-01,2018-08-31
6481e96574816ead57975da2c0f6d80d,SP,Sudeste,2017-12-01,2018-07-01,7,8,9,1,32,3324.9,474.9857142857143,0.875,true,0,1,false,2017-01-01,2018-08-31
6b90f847357d8981edd79a1eb1bf0acb,SP,Sudeste,2018-06-01,2018-08-01,3,3,3,0,45,3322.08,1107.36,1.0,true,0,2,false,2017-01-01,2018-08-31
8c3b533c63cca56240f94f1e3a6b18ef,MG,Sudeste,2017-02-01,2017-08-01,4,7,19,12,5,3312.16,828.04,0.5714285714285714,false,1,2,false,2017-01-01,2018-08-31
a2b5b6105ea5942300631d2e76f4ffe0,SP,Sudeste,2018-05-01,2018-08-01,4,4,4,0,16,3286.6900000000005,821.6725000000001,1.0,true,0,2,false,2017-01-01,2018-08-31
54c04bdb5ec46762f8f08c7e8f86ed4a,SC,Sul,2018-02-01,2018-08-01,7,7,7,0,18,3281.66,468.8085714285714,1.0,true,0,2,false,2017-01-01,2018-08-31
5b51032eddd242adc84c38acab88f23d,MG,Sudeste,2017-10-01,2018-06-01,7,9,11,2,12,3280.0,468.57142857142856,0.7777777777777778,false,1,2,false,2017-01-01,2018-08-31
643214e62b870443ccbe55ab29a4dccf,SP,Sudeste,2017-09-01,2018-08-01,12,12,12,0,66,3270.1299999999997,272.5108333333333,1.0,true,0,2,false,2017-01-01,2018-08-31
52562a9f449c3dc3d53f5f5b9ed74903,RN,Nordeste,2017-04-01,2018-04-01,10,13,17,4,14,3266.6,326.65999999999997,0.7692307692307693,false,1,2,false,2017-01-01,2018-08-31
aeb36d67f1414f234d42a29e27cf1f17,SP,Sudeste,2018-05-01,2018-08-01,3,4,4,0,4,3263.8,1087.9333333333334,0.75,true,0,2,false,2017-01-01,2018-08-31
594f9aaa48e5bf431f011ddc5669b0d5,MG,Sudeste,2018-04-01,2018-08-01,5,5,5,0,37,3248.7999999999993,649.7599999999999,1.0,true,0,2,false,2017-01-01,2018-08-31
a938325a4b357fd23a6a4d5bb126408e,RJ,Sudeste,2017-09-01,2018-08-01,10,12,12,0,24,3231.0,323.1,0.8333333333333334,true,0,2,false,2017-01-01,2018-08-31
c64a2aec32cc408a8a4c6d7c46017f91,RS,Sul,2017-11-01,2018-02-01,4,4,10,6,9,3221.5,805.375,1.0,false,1,2,false,2017-01-01,2018-08-31
95f83f51203c626648c875dd41874c7f,MG,Sudeste,2017-11-01,2018-08-01,10,10,10,0,52,3217.46,321.746,1.0,true,0,2,false,2017-01-01,2018-08-31
4c18691b6037662be2df78a765d98ab5,SP,Sudeste,2018-02-01,2018-08-01,7,7,7,0,63,3195.5199999999995,456.50285714285707,1.0,true,0,2,false,2017-01-01,2018-08-31
bb7a14e229b1c95156719c3d9552eeee,RJ,Sudeste,2017-10-01,2018-04-01,5,7,11,4,11,3190.1,638.02,0.7142857142857143,false,1,2,false,2017-01-01,2018-08-31
d57e18d5f73c7ccb7f7339b61166898d,SP,Sudeste,2017-09-01,2018-08-01,12,12,12,0,61,3187.7,265.64166666666665,1.0,true,0,2,false,2017-01-01,2018-08-31
e48b04bf1aa1ef711caebeb7aede6180,PR,Sul,2017-01-01,2018-07-01,15,19,20,1,25,3187.1000000000004,212.47333333333336,0.7894736842105263,true,0,2,false,2017-01-01,2018-08-31
e89c4adbe7b1d0819dbb636e16461cf1,SP,Sudeste,2018-01-01,2018-08-01,8,8,8,0,24,3181.2999999999997,397.66249999999997,1.0,true,0,2,false,2017-01-01,2018-08-31
5c6d4016c2a288f074fa0848a2b653d2,SP,Sudeste,2017-09-01,2018-08-01,12,12,12,0,32,3159.0,263.25,1.0,true,0,2,false,2017-01-01,2018-08-31
870d0118f7a9d85960f29ad89d5d989a,MG,Sudeste,2017-04-01,2018-08-01,16,17,17,0,45,3157.2,197.325,0.9411764705882353,true,0,2,false,2017-01-01,2018-08-31
c8b3445d737de6befde0c88ede534a5e,SP,Sudeste,2017-11-01,2018-06-01,8,8,10,2,30,3149.0400000000004,393.63000000000005,1.0,false,1,2,false,2017-01-01,2018-08-31
5bc24d989e71e93c33e50a7782431b0e,MG,Sudeste,2018-05-01,2018-08-01,4,4,4,0,17,3148.0,787.0,1.0,true,0,2,false,2017-01-01,2018-08-31
f326006815956455b2859abd58fe7e39,SP,Sudeste,2017-11-01,2018-08-01,6,10,10,0,9,3147.1600000000008,524.5266666666668,0.6,true,0,2,false,2017-01-01,2018-08-31
3cfa1358a6caa965278721344c8d76f2,SP,Sudeste,2018-04-01,2018-06-01,3,3,5,2,5,3140.28,1046.76,1.0,false,1,2,false,2017-01-01,2018-08-31
b1ac6ea7895bc3dd6f0f6f4abbdd2821,RS,Sul,2017-03-01,2018-01-01,11,11,18,7,40,3139.0,285.3636363636364,1.0,false,1,2,false,2017-01-01,2018-08-31
238fac594e170b59c6d228f5a4f4f1d9,SP,Sudeste,2017-10-01,2018-08-01,11,11,11,0,29,3126.0,284.1818181818182,1.0,true,0,2,false,2017-01-01,2018-08-31
430315b7bb4b6e4b3c978f9dfa9b0558,SP,Sudeste,2018-01-01,2018-08-01,7,8,8,0,20,3118.4,445.4857142857143,0.875,true,0,2,false,2017-01-01,2018-08-31
3bdff180c7e1f6551a643b99c265a120,SP,Sudeste,2017-02-01,2018-04-01,15,15,19,4,59,3114.9,207.66,1.0,false,1,2,false,2017-01-01,2018-08-31
5b35136197710e16ac5e7b7c2bd4ea85,RJ,Sudeste,2017-08-01,2018-03-01,6,8,13,5,7,3104.2000000000003,517.3666666666667,0.75,false,1,2,false,2017-01-01,2018-08-31
afa6714acee029b2dfdf357e5579cc03,SP,Sudeste,2017-01-01,2018-08-01,9,20,20,0,15,3100.8599999999997,344.53999999999996,0.45,true,0,2,false,2017-01-01,2018-08-31
08cdbae123ff67ca4e36d9d641ce0119,MG,Sudeste,2018-02-01,2018-07-01,2,6,7,1,4,3098.99,1549.495,0.3333333333333333,true,0,2,false,2017-01-01,2018-08-31
38874e327ce94d11390b96eb42d61928,SP,Sudeste,2017-02-01,2017-10-01,3,9,19,10,5,3089.95,1029.9833333333333,0.3333333333333333,false,1,2,false,2017-01-01,2018-08-31
f61c63d13f7cd800549d5acdd390ae72,SP,Sudeste,2017-09-01,2018-08-01,11,12,12,0,26,3072.2999999999997,279.29999999999995,0.9166666666666666,true,0,2,false,2017-01-01,2018-08-31
bd697db56ff8e7c9cd1abeb7f72029b2,SP,Sudeste,2017-02-01,2018-08-01,12,19,19,0,22,3069.78,255.81500000000003,0.631578947368421,true,0,2,false,2017-01-01,2018-08-31
aae3bfea055532c57fb453ed3ec80b30,SP,Sudeste,2017-01-01,2018-05-01,13,17,20,3,48,3057.9199999999996,235.22461538461536,0.7647058823529411,false,1,2,false,2017-01-01,2018-08-31
612a743d294c27884fb7b80d2b19ba35,PR,Sul,2017-01-01,2018-08-01,2,20,20,0,2,3057.7000000000003,1528.8500000000001,0.1,true,0,2,false,2017-01-01,2018-08-31
d9e8c084b68fe958861d8f2c21202e6b,SP,Sudeste,2017-10-01,2018-07-01,6,10,11,1,9,3050.0,508.3333333333333,0.6,true,0,2,false,2017-01-01,2018-08-31
b8555308bfdb4ca1ed54325a58da9a97,SP,Sudeste,2017-12-01,2018-08-01,9,9,9,0,26,3047.2,338.5777777777778,1.0,true,0,2,false,2017-01-01,2018-08-31
0ebd97a106433a45a4aebe57c1799778,MG,Sudeste,2017-05-01,2018-07-01,14,15,16,1,31,3046.8,217.62857142857143,0.9333333333333333,true,0,2,false,2017-01-01,2018-08-31
9646c3513289980f17226a2fc4720dbd,SP,Sudeste,2017-01-01,2018-08-01,19,20,20,0,71,3039.2999999999997,159.96315789473684,0.95,true,0,2,false,2017-01-01,2018-08-31
4da0e408c99d2fdc2126dc9fce518060,PR,Sul,2017-01-01,2018-08-01,17,20,20,0,44,3026.0000000000005,178.00000000000003,0.85,true,0,2,false,2017-01-01,2018-08-31
d17f467e4bf608a510c20d82f4ba3b6b,RS,Sul,2018-07-01,2018-07-01,1,1,2,1,12,3021.6600000000003,3021.6600000000003,1.0,true,0,2,false,2017-01-01,2018-08-31
4c8545742faaf58fafd5fd14d25d75cf,SP,Sudeste,2018-03-01,2018-05-01,3,3,6,3,4,3020.0,1006.6666666666666,1.0,false,1,2,false,2017-01-01,2018-08-31
55f7a3319d80f7fdf078b8f03e6725fe,SP,Sudeste,2018-07-01,2018-08-01,2,2,2,0,22,3013.78,1506.89,1.0,true,0,2,false,2017-01-01,2018-08-31
49e7217cfe4e427191c378ec626d8737,MG,Sudeste,2017-05-01,2018-05-01,7,13,16,3,13,3002.7000000000003,428.9571428571429,0.5384615384615384,false,1,2,false,2017-01-01,2018-08-31
c9aafcd0621b2207c10e32c649cada4d,SP,Sudeste,2018-07-01,2018-08-01,2,2,2,0,44,2997.2500000000005,1498.6250000000002,1.0,true,0,2,false,2017-01-01,2018-08-31
5bc55dbe2f12b6af6d83ed46023e0dc8,MG,Sudeste,2018-02-01,2018-08-01,6,7,7,0,17,2992.1,498.68333333333334,0.8571428571428571,true,0,2,false,2017-01-01,2018-08-31
8cbac7e12637ed9cffa18c7875207478,SC,Sul,2017-01-01,2018-08-01,18,20,20,0,67,2990.98,166.16555555555556,0.9,true,0,2,false,2017-01-01,2018-08-31
0c7533c71df861ec58ad7ff999ed0e8d,SP,Sudeste,2017-07-01,2018-07-01,12,13,14,1,61,2989.2999999999997,249.10833333333332,0.9230769230769231,true,0,2,false,2017-01-01,2018-08-31
974cf2cb8f4b7add98709c30df02fe10,SP,Sudeste,2017-10-01,2018-08-01,11,11,11,0,33,2982.67,271.1518181818182,1.0,true,0,2,false,2017-01-01,2018-08-31
2156f2671501a81034d7d07f217609d0,SP,Sudeste,2017-08-01,2018-07-01,10,12,13,1,22,2981.5,298.15,0.8333333333333334,true,0,2,false,2017-01-01,2018-08-31
fce62094ffe6a4009188ec44e681dfdd,SP,Sudeste,2017-02-01,2018-03-01,4,14,19,5,4,2969.7,742.425,0.2857142857142857,false,1,2,false,2017-01-01,2018-08-31
432c37c9dfba871172ec162e20118b8c,DF,Centro-Oeste,2017-03-01,2018-04-01,14,14,18,4,46,2968.87,212.06214285714285,1.0,false,1,2,false,2017-01-01,2018-08-31
b494891378bd8f4560abe576c52deacd,SP,Sudeste,2018-06-01,2018-08-01,3,3,3,0,20,2958.9000000000005,986.3000000000002,1.0,true,0,2,false,2017-01-01,2018-08-31
e908c0f3646e8b60375734a350d95d71,SP,Sudeste,2017-04-01,2017-04-01,1,1,17,16,1,2951.0,2951.0,1.0,false,1,2,false,2017-01-01,2018-08-31
dd58ee93286b0821565574c570e9e1dc,PR,Sul,2017-01-01,2017-05-01,2,5,20,15,2,2948.0,1474.0,0.4,false,1,2,false,2017-01-01,2018-08-31
1996942dc085d7773ba77a529b163cd0,SP,Sudeste,2018-05-01,2018-08-01,4,4,4,0,10,2943.51,735.8775,1.0,true,0,2,false,2017-01-01,2018-08-31
60562ab00b8054280520d390c8c0045c,SP,Sudeste,2017-10-01,2018-08-01,10,11,11,0,17,2943.0,294.3,0.9090909090909091,true,0,2,false,2017-01-01,2018-08-31
cb5df0dcb9e280b1780e9d589889f2c7,SP,Sudeste,2017-01-01,2017-06-01,5,6,20,14,16,2934.7200000000003,586.9440000000001,0.8333333333333334,false,1,2,false,2017-01-01,2018-08-31
be9a160a9011f627c3e121d076c1ec7b,SC,Sul,2017-03-01,2017-12-01,6,10,18,8,7,2934.0,489.0,0.6,false,1,2,false,2017-01-01,2018-08-31
f4aba7c0bca51484c30ab7bdc34bcdd1,SP,Sudeste,2017-01-01,2017-07-01,7,7,20,13,108,2930.3899999999994,418.62714285714276,1.0,false,1,2,false,2017-01-01,2018-08-31
f44b6f775a2b390380e0e30b5c9d3eee,SP,Sudeste,2017-06-01,2018-08-01,8,15,15,0,10,2930.0,366.25,0.5333333333333333,true,0,2,false,2017-01-01,2018-08-31
606ce7768feac12c5e8bd58db8b08f0f,SP,Sudeste,2018-04-01,2018-08-01,4,5,5,0,5,2916.6,729.15,0.8,true,0,2,false,2017-01-01,2018-08-31
a6fe7de3d16f6149ffe280349a8535a0,SP,Sudeste,2017-07-01,2018-08-01,14,14,14,0,51,2904.7999999999997,207.48571428571427,1.0,true,0,2,false,2017-01-01,2018-08-31
b1204cfda1d4948679db3cfc0d3cb95c,SP,Sudeste,2017-01-01,2018-07-01,6,19,20,1,7,2903.7,483.95,0.3157894736842105,true,0,2,false,2017-01-01,2018-08-31
20d83f3ef0e6925fd74bfd59170babf7,SP,Sudeste,2017-03-01,2018-08-01,17,18,18,0,40,2903.6,170.79999999999998,0.9444444444444444,true,0,2,false,2017-01-01,2018-08-31
d3dcf0604eabf0224fbd5948b5e02f69,SP,Sudeste,2018-02-01,2018-07-01,5,6,7,1,9,2902.2999999999997,580.4599999999999,0.8333333333333334,true,0,2,false,2017-01-01,2018-08-31
4305fe92735c8a43d154ff6dd2b8d927,MG,Sudeste,2017-07-01,2018-08-01,6,14,14,0,19,2885.9,480.98333333333335,0.42857142857142855,true,0,2,false,2017-01-01,2018-08-31
1771297ac436903d1dd6b0e9279aa505,SP,Sudeste,2017-01-01,2018-08-01,13,20,20,0,28,2881.27,221.63615384615383,0.65,true,0,2,false,2017-01-01,2018-08-31
cb3dd9ce66268c7a3ca7241ac70ab58c,SP,Sudeste,2017-02-01,2018-04-01,15,15,19,4,50,2879.76,191.984,1.0,false,1,2,false,2017-01-01,2018-08-31
1987cd4be10fe09ee50454f9c354d1c6,MG,Sudeste,2017-10-01,2018-03-01,5,6,11,5,14,2877.7,575.54,0.8333333333333334,false,1,2,false,2017-01-01,2018-08-31
4342d4b2ba6b161468c63a7e7cfce593,RJ,Sudeste,2017-12-01,2018-07-01,4,8,9,1,20,2867.1000000000004,716.7750000000001,0.5,true,0,2,false,2017-01-01,2018-08-31
977f9f63dd360c2a32ece2f93ad6d306,SP,Sudeste,2017-09-01,2018-08-01,11,12,12,0,24,2858.87,259.8972727272727,0.9166666666666666,true,0,2,false,2017-01-01,2018-08-31
2a1348e9addc1af5aaa619b1a3679d6b,MG,Sudeste,2017-01-01,2018-08-01,15,20,20,0,52,2842.9999999999995,189.5333333333333,0.75,true,0,2,false,2017-01-01,2018-08-31
491a5ada3aa1678414e990262c4bbdc1,SP,Sudeste,2017-03-01,2017-04-01,2,2,18,16,2,2840.0,1420.0,1.0,false,1,2,false,2017-01-01,2018-08-31
fec6275253471ace26d209bbaa64cd0f,RJ,Sudeste,2018-01-01,2018-07-01,5,7,8,1,9,2840.0,568.0,0.7142857142857143,true,0,2,false,2017-01-01,2018-08-31
d32e3909cfb714fb2a6cb092c85b9c5f,SP,Sudeste,2017-08-01,2018-04-01,6,9,13,4,10,2827.9000000000005,471.3166666666668,0.6666666666666666,false,1,2,false,2017-01-01,2018-08-31
730937bf88cb151eb2eb849f642fc213,SP,Sudeste,2018-04-01,2018-08-01,4,5,5,0,22,2821.2,705.3,0.8,true,0,2,false,2017-01-01,2018-08-31
1838dd9b8977065acf51d95e0053ea7a,MG,Sudeste,2017-07-01,2018-08-01,13,14,14,0,64,2820.2999999999997,216.94615384615383,0.9285714285714286,true,0,2,false,2017-01-01,2018-08-31
dd533b429f380718b70ad9922c294bae,SP,Sudeste,2017-03-01,2018-03-01,11,13,18,5,41,2819.77,256.34272727272725,0.8461538461538461,false,1,2,false,2017-01-01,2018-08-31
f593898ec748b7a8cb81fc04edafd98a,SP,Sudeste,2017-09-01,2018-02-01,6,6,12,6,20,2813.04,468.84,1.0,false,1,2,false,2017-01-01,2018-08-31
5f1dc28029d2c244352a68107ec2b542,SP,Sudeste,2017-01-01,2018-06-01,15,18,20,2,62,2807.3,187.15333333333334,0.8333333333333334,false,1,2,false,2017-01-01,2018-08-31
3fd1e727ba94cfe122d165e176ce7967,SP,Sudeste,2017-12-01,2018-04-01,5,5,9,4,37,2805.2,561.04,1.0,false,1,2,false,2017-01-01,2018-08-31
820cc752a266cdc6c1a1e61dd4583330,PR,Sul,2017-01-01,2018-04-01,11,16,20,4,15,2802.7999999999997,254.79999999999998,0.6875,false,1,2,false,2017-01-01,2018-08-31
df56d7b40d437f88407c5f78b63bc328,PR,Sul,2017-10-01,2018-03-01,5,6,11,5,22,2791.2799999999997,558.256,0.8333333333333334,false,1,2,false,2017-01-01,2018-08-31
f7ccf836d21b2fb1de37564105216cc1,SP,Sudeste,2017-12-01,2018-08-01,9,9,9,0,70,2787.4,309.7111111111111,1.0,true,0,2,false,2017-01-01,2018-08-31
ae7ab174effdead6c241e547e4ca13f0,PR,Sul,2018-06-01,2018-08-01,3,3,3,0,6,2778.6,926.1999999999999,1.0,true,0,2,false,2017-01-01,2018-08-31
a17f621c590ea0fab3d5d883e1630ec6,SP,Sudeste,2017-03-01,2018-04-01,14,14,18,4,65,2778.58,198.47,1.0,false,1,2,false,2017-01-01,2018-08-31
8d79c8a04e42d722a75097ce5cbcf2ef,CE,Nordeste,2017-01-01,2018-03-01,11,15,20,5,27,2777.7200000000003,252.52,0.7333333333333333,false,1,2,false,2017-01-01,2018-08-31
f125f3a310c2e5f822d116147de1e474,SP,Sudeste,2018-01-01,2018-08-01,8,8,8,0,16,2761.3999999999996,345.17499999999995,1.0,true,0,2,false,2017-01-01,2018-08-31
8f54d64f28a993550aa7943f12572959,MG,Sudeste,2017-11-01,2018-08-01,9,10,10,0,15,2755.5,306.1666666666667,0.9,true,0,2,false,2017-01-01,2018-08-31
a1474fd46fd3430168f7ec202da39408,SP,Sudeste,2017-02-01,2017-10-01,6,9,19,10,12,2752.5,458.75,0.6666666666666666,false,1,2,false,2017-01-01,2018-08-31
1444c08e64d55fb3c25f0f09c07ffcf2,BA,Nordeste,2018-04-01,2018-04-01,1,1,5,4,1,2749.0,2749.0,1.0,false,1,2,false,2017-01-01,2018-08-31
052577151711aec5c744fe12e66db3e1,SC,Sul,2017-10-01,2017-12-01,3,3,11,8,4,2748.0,916.0,1.0,false,1,2,false,2017-01-01,2018-08-31
f805b96fa705ba7995a221f1749dc141,PR,Sul,2017-06-01,2018-03-01,6,10,15,5,7,2744.4399999999996,457.4066666666666,0.6,false,1,2,false,2017-01-01,2018-08-31
b335c59ab742f751a85db9c411a86739,MG,Sudeste,2017-01-01,2017-12-01,8,12,20,8,31,2739.54,342.4425,0.6666666666666666,false,1,2,false,2017-01-01,2018-08-31
3b872fd4747f01cc56206f2934198618,SP,Sudeste,2017-11-01,2018-08-01,8,10,10,0,25,2726.7400000000002,340.84250000000003,0.8,true,0,2,false,2017-01-01,2018-08-31
5cbbd5a299cab112b7bf23862255e43e,PR,Sul,2017-09-01,2018-08-01,12,12,12,0,36,2726.06,227.17166666666665,1.0,true,0,2,false,2017-01-01,2018-08-31
33576ec5412fb5905d876f12f33bfde6,PR,Sul,2017-07-01,2018-06-01,9,12,14,2,31,2718.0,302.0,0.75,false,1,2,false,2017-01-01,2018-08-31
458d868c9642f55f18f04e951a3fdde6,RS,Sul,2017-05-01,2017-08-01,2,4,16,12,2,2718.0,1359.0,0.5,false,1,2,false,2017-01-01,2018-08-31
78744a20ee2f80ba64f6804c25def2b8,PE,Nordeste,2017-09-01,2018-08-01,5,12,12,0,6,2715.0,543.0,0.4166666666666667,true,0,2,false,2017-01-01,2018-08-31
fe26f3ecb51a15e6d8335cd92da42562,SP,Sudeste,2017-11-01,2018-02-01,3,4,10,6,7,2708.96,902.9866666666667,0.75,false,1,2,false,2017-01-01,2018-08-31
d93844a9c55ba7ce353388bcf849ea56,PR,Sul,2017-03-01,2018-04-01,10,14,18,4,12,2708.5,270.85,0.7142857142857143,false,1,2,false,2017-01-01,2018-08-31
51702dc2a3e106c76dbff722b5bf0726,SP,Sudeste,2017-02-01,2018-04-01,9,15,19,4,13,2705.1,300.56666666666666,0.6,false,1,2,false,2017-01-01,2018-08-31
e99e927c81e3f51739c94fcdfca9f10f,MG,Sudeste,2017-01-01,2018-03-01,12,15,20,5,22,2702.8300000000004,225.23583333333337,0.8,false,1,2,false,2017-01-01,2018-08-31
31561f325664a8a7aba4c8d0c3a9b3db,SP,Sudeste,2018-06-01,2018-08-01,3,3,3,0,36,2702.1899999999996,900.7299999999999,1.0,true,0,2,false,2017-01-01,2018-08-31
850913d59ce317156b00f3705f1c3edb,SP,Sudeste,2018-03-01,2018-07-01,5,5,6,1,32,2690.0,538.0,1.0,true,0,2,false,2017-01-01,2018-08-31
0015a82c2db000af6aaaf3ae2ecb0532,SP,Sudeste,2017-09-01,2017-10-01,2,2,12,10,3,2685.0,1342.5,1.0,false,1,2,false,2017-01-01,2018-08-31
ffa6adafb71b807dc13159e26431354c,PR,Sul,2018-03-01,2018-08-01,5,6,6,0,18,2669.9,533.98,0.8333333333333334,true,0,2,false,2017-01-01,2018-08-31
d93919c944be9cff128f6c9cb899eacb,SP,Sudeste,2017-11-01,2018-07-01,8,9,10,1,33,2666.7,333.3375,0.8888888888888888,true,0,2,false,2017-01-01,2018-08-31
9c068d10aca38e85c50202e17b4a7e88,MS,Centro-Oeste,2017-10-01,2018-07-01,6,10,11,1,17,2658.9,443.15000000000003,0.6,true,0,2,false,2017-01-01,2018-08-31
d25aa0aaacb370e912f8cf6efeba38b3,SC,Sul,2018-03-01,2018-08-01,6,6,6,0,17,2658.45,443.075,1.0,true,0,2,false,2017-01-01,2018-08-31
6f229cc508fc6915ed5c499efd93baa4,RJ,Sudeste,2017-08-01,2018-08-01,6,13,13,0,13,2654.8,442.4666666666667,0.46153846153846156,true,0,2,false,2017-01-01,2018-08-31
0885aaf116795758dfeb5f1032487bcd,SP,Sudeste,2017-12-01,2018-08-01,8,9,9,0,28,2648.0,331.0,0.8888888888888888,true,0,2,false,2017-01-01,2018-08-31
4e8dacf3d38f281ae26c3e0321d92d88,SP,Sudeste,2017-01-01,2017-06-01,5,6,20,14,10,2644.95,528.99,0.8333333333333334,false,1,2,false,2017-01-01,2018-08-31
bc302730ea8cf49b5c74f579febb5bbf,SP,Sudeste,2017-08-01,2018-08-01,8,13,13,0,11,2640.8999999999996,330.11249999999995,0.6153846153846154,true,0,2,false,2017-01-01,2018-08-31
f1b93673502375d491780bb49d615dbc,SP,Sudeste,2018-03-01,2018-08-01,5,6,6,0,8,2638.93,527.786,0.8333333333333334,true,0,2,false,2017-01-01,2018-08-31
1b7e5006cb25dd23ce8686691013b121,SP,Sudeste,2017-09-01,2018-08-01,7,12,12,0,11,2636.74,376.6771428571428,0.5833333333333334,true,0,2,false,2017-01-01,2018-08-31
ccf8813e5a7d6c84d865cd38bfc2b130,SP,Sudeste,2017-08-01,2018-08-01,10,13,13,0,26,2635.5,263.55,0.7692307692307693,true,0,2,false,2017-01-01,2018-08-31
9906e7aa42a3c067b7c9a564d01c4320,PR,Sul,2018-02-01,2018-08-01,7,7,7,0,12,2619.0,374.14285714285717,1.0,true,0,2,false,2017-01-01,2018-08-31
8ab42aa58097fd4668d60cc648225d5f,GO,Centro-Oeste,2017-10-01,2018-08-01,10,11,11,0,20,2616.75,261.675,0.9090909090909091,true,0,2,false,2017-01-01,2018-08-31
a369d693961cb93b61ca2cc518872a85,SP,Sudeste,2017-11-01,2018-07-01,8,9,10,1,11,2597.0,324.625,0.8888888888888888,true,0,2,false,2017-01-01,2018-08-31
fdaaf5bfda82b7b80535610c831b8d09,SP,Sudeste,2017-09-01,2018-05-01,6,9,12,3,10,2588.8999999999996,431.4833333333333,0.6666666666666666,false,1,2,false,2017-01-01,2018-08-31
cd06602b43d8800bd0afad514919d35c,SP,Sudeste,2017-01-01,2018-08-01,15,20,20,0,44,2588.07,172.538,0.75,true,0,2,false,2017-01-01,2018-08-31
244c2f1bff6afe1f2eaf9bfe9b2aed38,SP,Sudeste,2017-02-01,2018-02-01,9,13,19,6,23,2580.0,286.6666666666667,0.6923076923076923,false,1,2,false,2017-01-01,2018-08-31
2c4c47cb51acd5ea5db5e0ae0e26542a,SP,Sudeste,2017-09-01,2018-07-01,9,11,12,1,12,2575.9000000000005,286.21111111111117,0.8181818181818182,true,0,2,false,2017-01-01,2018-08-31
04aba03279157f6d4e0fe8ccaf21963c,RJ,Sudeste,2017-05-01,2018-08-01,11,16,16,0,16,2575.9,234.1727272727273,0.6875,true,0,2,false,2017-01-01,2018-08-31
b76dba6c951ab00dc4edf0a1aa88037e,SP,Sudeste,2017-01-01,2018-08-01,19,20,20,0,159,2574.7799999999997,135.51473684210524,0.95,true,0,2,false,2017-01-01,2018-08-31
41ab63a91b8b264e8c8780368bf1dd5b,MG,Sudeste,2017-10-01,2018-07-01,7,10,11,1,12,2571.95,367.4214285714285,0.7,true,0,2,false,2017-01-01,2018-08-31
1ce3ae5a399804d1a87e706f8a813c3e,SC,Sul,2017-08-01,2018-08-01,13,13,13,0,40,2563.0,197.15384615384616,1.0,true,0,2,false,2017-01-01,2018-08-31
f1c1ac3f3efc07e659c035008e615e66,SP,Sudeste,2017-03-01,2017-09-01,4,7,18,11,4,2561.96,640.49,0.5714285714285714,false,1,2,false,2017-01-01,2018-08-31
323ce52b5b81df2cd804b017b7f09aa7,SP,Sudeste,2018-01-01,2018-08-01,8,8,8,0,30,2554.2,319.275,1.0,true,0,2,false,2017-01-01,2018-08-31
157c3e4b42f81ac4a44e8b1ca2fe9876,SP,Sudeste,2017-10-01,2018-08-01,10,11,11,0,23,2548.5,254.85,0.9090909090909091,true,0,2,false,2017-01-01,2018-08-31
bb5bd94c8f59cc050072d2930c869cac,SP,Sudeste,2017-02-01,2018-06-01,11,17,19,2,16,2543.87,231.26090909090908,0.6470588235294118,false,1,2,false,2017-01-01,2018-08-31
4d600e08ecbe08258c79e536c5a42fee,PR,Sul,2017-01-01,2017-03-01,3,3,20,17,5,2534.0,844.6666666666666,1.0,false,1,2,false,2017-01-01,2018-08-31
fe49ee029e61e789a1f3a5525f57ba8d,SP,Sudeste,2017-11-01,2018-03-01,5,5,10,5,17,2527.59,505.51800000000003,1.0,false,1,2,false,2017-01-01,2018-08-31
cce6ab8d1682639fe45ab70234f1665f,SP,Sudeste,2017-05-01,2018-07-01,8,15,16,1,63,2522.7,315.3375,0.5333333333333333,true,0,2,false,2017-01-01,2018-08-31
47efca563408aae19bb7206c2d969ea9,PI,Nordeste,2018-01-01,2018-08-01,7,8,8,0,12,2522.0,360.2857142857143,0.875,true,0,2,false,2017-01-01,2018-08-31
ede0c03645598cdfc63ca8237acbe73d,SP,Sudeste,2018-02-01,2018-06-01,5,5,7,2,46,2518.3700000000003,503.6740000000001,1.0,false,1,2,false,2017-01-01,2018-08-31
318f287a62ab7ac10b703ac37435a231,SP,Sudeste,2017-02-01,2018-08-01,17,19,19,0,52,2517.48,148.08705882352942,0.8947368421052632,true,0,2,false,2017-01-01,2018-08-31
62c50c1af4dfdc4149d25c5222043d39,SP,Sudeste,2017-01-01,2017-09-01,5,9,20,11,12,2505.74,501.14799999999997,0.5555555555555556,false,1,2,false,2017-01-01,2018-08-31
3d39fbf22a665714baf62fae36029e23,SP,Sudeste,2017-01-01,2017-11-01,6,11,20,9,8,2504.2,417.3666666666666,0.5454545454545454,false,1,2,false,2017-01-01,2018-08-31
ea6b12bf9ffe2bac34602ec631d97a47,SP,Sudeste,2017-02-01,2017-05-01,4,4,19,15,10,2497.1,624.275,1.0,false,1,2,false,2017-01-01,2018-08-31
de0c78824586e9a5f5f04fd84e25df39,SP,Sudeste,2018-04-01,2018-08-01,5,5,5,0,14,2489.3,497.86,1.0,true,0,2,false,2017-01-01,2018-08-31
cea729054f157f5870bdd321a958d994,SP,Sudeste,2018-03-01,2018-08-01,6,6,6,0,24,2482.1,413.68333333333334,1.0,true,0,2,false,2017-01-01,2018-08-31
6989574bd97d9773f10d232b6c07da59,PR,Sul,2017-03-01,2018-07-01,6,17,18,1,7,2478.4,413.06666666666666,0.35294117647058826,true,0,2,false,2017-01-01,2018-08-31
5eeb9c756d9780b96283e5a2ac6da334,SP,Sudeste,2017-10-01,2018-07-01,7,10,11,1,9,2471.0,353.0,0.7,true,0,2,false,2017-01-01,2018-08-31
c2d70ce2c5d0a2eb75e78668236e6dc8,SP,Sudeste,2017-09-01,2018-08-01,7,12,12,0,13,2470.9,352.9857142857143,0.5833333333333334,true,0,2,false,2017-01-01,2018-08-31
3a734b715d333a2588a3d54a0c9b8746,SP,Sudeste,2017-08-01,2018-01-01,5,6,13,7,18,2463.52,492.704,0.8333333333333334,false,1,2,false,2017-01-01,2018-08-31
1c40343cc5d18c2d8248ac2f3366de34,SP,Sudeste,2018-05-01,2018-08-01,4,4,4,0,21,2461.41,615.3525,1.0,true,0,2,false,2017-01-01,2018-08-31
fa74b2f3287d296e9fbd2cc80f2d1cf1,SP,Sudeste,2017-07-01,2017-12-01,3,6,14,8,11,2459.8900000000003,819.9633333333335,0.5,false,1,2,false,2017-01-01,2018-08-31
a08692680c77d30a0b4280da5df01c5a,SP,Sudeste,2017-04-01,2018-01-01,5,10,17,7,6,2433.0,486.6,0.5,false,1,2,false,2017-01-01,2018-08-31
5160d23075764e18e07c1f4a87fad743,SP,Sudeste,2017-08-01,2017-12-01,5,5,13,8,34,2429.0,485.8,1.0,false,1,2,false,2017-01-01,2018-08-31
efcd8d2104f1a05d028af7bad20d974b,SP,Sudeste,2017-04-01,2018-08-01,16,17,17,0,47,2424.78,151.54875,0.9411764705882353,true,0,2,false,2017-01-01,2018-08-31
4b0fdb526525f9890eb145bf1534640e,SP,Sudeste,2018-02-01,2018-08-01,7,7,7,0,18,2419.0000000000005,345.5714285714286,1.0,true,0,2,false,2017-01-01,2018-08-31
888faa8bfb0b159c37de6d898b961c31,SC,Sul,2017-08-01,2018-08-01,6,13,13,0,19,2418.3,403.05,0.46153846153846156,true,0,2,false,2017-01-01,2018-08-31
d06d019f72a04e5497a0b64190af170c,SP,Sudeste,2018-03-01,2018-08-01,5,6,6,0,17,2415.93,483.186,0.8333333333333334,true,0,2,false,2017-01-01,2018-08-31
d3f39f05462b79a4562d35893a28f159,SP,Sudeste,2017-06-01,2018-06-01,10,13,15,2,34,2411.2999999999997,241.12999999999997,0.7692307692307693,false,1,2,false,2017-01-01,2018-08-31
1354d51653f645349064725ed204e85e,SP,Sudeste,2017-06-01,2018-08-01,12,15,15,0,18,2410.0,200.83333333333334,0.8,true,0,2,false,2017-01-01,2018-08-31
82bd0703a4aefd6b599e5bfdaed378fb,SP,Sudeste,2017-01-01,2017-08-01,7,8,20,12,17,2402.79,343.2557142857143,0.875,false,1,2,false,2017-01-01,2018-08-31
76833248bbc0e65a0293ec62023e4396,SP,Sudeste,2017-10-01,2017-11-01,2,2,11,9,2,2399.98,1199.99,1.0,false,1,2,false,2017-01-01,2018-08-31
0bb738e4d789e63e2267697c42d35a2d,SP,Sudeste,2017-02-01,2018-06-01,13,17,19,2,30,2388.2999999999997,183.7153846153846,0.7647058823529411,false,1,2,false,2017-01-01,2018-08-31
6bbcb8924baf70b7fe2fe2097e8cd407,SC,Sul,2017-11-01,2018-08-01,7,10,10,0,10,2382.5000000000005,340.35714285714295,0.7,true,0,2,false,2017-01-01,2018-08-31
acadd4d36859671cb635527c6c977533,SP,Sudeste,2017-12-01,2018-08-01,7,9,9,0,12,2381.0,340.14285714285717,0.7777777777777778,true,0,2,false,2017-01-01,2018-08-31
cfe94489ddd337d1e29e12f2a7205d10,SP,Sudeste,2018-02-01,2018-08-01,7,7,7,0,20,2376.0,339.42857142857144,1.0,true,0,2,false,2017-01-01,2018-08-31
8a87611c08849ffeeccab52aa798b6c7,PR,Sul,2017-01-01,2017-03-01,3,3,20,17,13,2369.8,789.9333333333334,1.0,false,1,2,false,2017-01-01,2018-08-31
120476eb7a04c149d14772edaf5d9bf2,RJ,Sudeste,2018-07-01,2018-08-01,2,2,2,0,4,2368.8,1184.4,1.0,true,0,2,false,2017-01-01,2018-08-31
f615fe7efbef0f4f08fd3086bc7a3e60,SP,Sudeste,2017-07-01,2017-10-01,4,4,14,10,23,2359.27,589.8175,1.0,false,1,2,false,2017-01-01,2018-08-31
4978a02ea9c8be7a9b5480680f40334e,SP,Sudeste,2018-03-01,2018-08-01,6,6,6,0,18,2356.61,392.7683333333334,1.0,true,0,2,false,2017-01-01,2018-08-31
8603f0038fe0e52fedd3382d266723de,SC,Sul,2017-04-01,2018-01-01,6,10,17,7,10,2355.0,392.5,0.6,false,1,2,false,2017-01-01,2018-08-31
3504c0cb71d7fa48d967e0e4c94d59d9,SP,Sudeste,2017-07-01,2017-11-01,5,5,14,9,53,2349.94,469.988,1.0,false,1,2,false,2017-01-01,2018-08-31
4391ea5c5990502176a1dcda44a2373d,RS,Sul,2017-10-01,2018-05-01,3,8,11,3,3,2349.0,783.0,0.375,false,1,2,false,2017-01-01,2018-08-31
5a93f3ab0ef4c84ed5e1b5dbf23978bc,SP,Sudeste,2017-05-01,2018-03-01,11,11,16,5,39,2338.25,212.5681818181818,1.0,false,1,2,false,2017-01-01,2018-08-31
34f563c82a85b99ae9e6d60db5fc2e28,RS,Sul,2018-04-01,2018-08-01,4,5,5,0,8,2332.3,583.075,0.8,true,0,2,false,2017-01-01,2018-08-31
8bdd8e3fd58bafa48af76b2c5fd71974,SP,Sudeste,2018-01-01,2018-08-01,5,8,8,0,11,2324.82,464.96400000000006,0.625,true,0,2,false,2017-01-01,2018-08-31
1d4587203296c8f4ad134dc286fa6db0,SP,Sudeste,2017-12-01,2018-08-01,9,9,9,0,42,2323.2999999999997,258.1444444444444,1.0,true,0,2,false,2017-01-01,2018-08-31
df91910b6a03bb2e3358fa6a35e32f6f,SP,Sudeste,2018-06-01,2018-08-01,3,3,3,0,14,2312.1000000000004,770.7000000000002,1.0,true,0,2,false,2017-01-01,2018-08-31
daeb5653dd96c1b11860f72209795012,MG,Sudeste,2017-09-01,2018-08-01,12,12,12,0,40,2305.9,192.15833333333333,1.0,true,0,2,false,2017-01-01,2018-08-31
fd386aa7bed2af3c7035c65506c9b4a3,SP,Sudeste,2018-02-01,2018-08-01,7,7,7,0,69,2304.15,329.1642857142857,1.0,true,0,2,false,2017-01-01,2018-08-31
6338ea67c41078a46ad99cc009654956,RS,Sul,2017-02-01,2018-08-01,17,19,19,0,37,2286.09,134.4758823529412,0.8947368421052632,true,0,2,false,2017-01-01,2018-08-31
9a84ba99f5367fdbd4598363496f1ea2,GO,Centro-Oeste,2017-03-01,2018-07-01,9,17,18,1,16,2284.98,253.88666666666666,0.5294117647058824,true,0,2,false,2017-01-01,2018-08-31
7238a95bb63ef7e498389fb863b834a1,SP,Sudeste,2018-04-01,2018-08-01,5,5,5,0,15,2265.7,453.14,1.0,true,0,2,false,2017-01-01,2018-08-31
8fe8786ee000001ab51d030dfd4a7bf1,SC,Sul,2017-11-01,2018-06-01,4,8,10,2,5,2255.0,563.75,0.5,false,1,2,false,2017-01-01,2018-08-31
655220df33262c7e0c4949a147366f94,SP,Sudeste,2018-01-01,2018-05-01,5,5,8,3,13,2245.0,449.0,1.0,false,1,2,false,2017-01-01,2018-08-31
7b8e8ec35bad4b0ef7e3963650b0a87b,SC,Sul,2018-04-01,2018-07-01,3,4,5,1,5,2244.2799999999997,748.0933333333332,0.75,true,0,2,false,2017-01-01,2018-08-31
1b1ae47a313a825a7ccceb8e2e30fa9d,PR,Sul,2017-10-01,2018-05-01,5,8,11,3,11,2243.9,448.78000000000003,0.625,false,1,2,false,2017-01-01,2018-08-31
3e8bd881d92466e63ba9e3e809cd3c50,RJ,Sudeste,2018-02-01,2018-04-01,3,3,7,4,9,2242.2799999999997,747.4266666666666,1.0,false,1,2,false,2017-01-01,2018-08-31
5abb8ea023c77787f2c15da891c8d384,SC,Sul,2017-02-01,2017-12-01,7,11,19,8,13,2241.0,320.14285714285717,0.6363636363636364,false,1,2,false,2017-01-01,2018-08-31
54583ab379489add547fe47b628db589,SP,Sudeste,2018-07-01,2018-08-01,2,2,2,0,10,2240.0,1120.0,1.0,true,0,2,false,2017-01-01,2018-08-31
e5f9e61ceb5f523cc966e0f34095032f,SC,Sul,2017-07-01,2018-02-01,3,8,14,6,4,2238.0,746.0,0.375,false,1,2,false,2017-01-01,2018-08-31
cac876b37d3abcd6bd76caca30277996,PR,Sul,2018-02-01,2018-07-01,6,6,7,1,27,2229.77,371.62833333333333,1.0,true,0,2,false,2017-01-01,2018-08-31
b83cedfb587e7911540e3f576d6917ce,SP,Sudeste,2017-06-01,2018-05-01,11,12,15,3,24,2224.9500000000003,202.26818181818183,0.9166666666666666,false,1,2,false,2017-01-01,2018-08-31
b74d1c09cb380e1d03a6f859c6f4224b,RJ,Sudeste,2018-02-01,2018-08-01,7,7,7,0,31,2221.6,317.37142857142857,1.0,true,0,2,false,2017-01-01,2018-08-31
fb89df7f89fd1b8f03fa2acca1ba7364,PR,Sul,2017-10-01,2018-08-01,8,11,11,0,22,2220.0,277.5,0.7272727272727273,true,0,2,false,2017-01-01,2018-08-31
3a4127e1ba7208ea37044c5092aae170,SP,Sudeste,2018-04-01,2018-08-01,5,5,5,0,6,2219.6,443.91999999999996,1.0,true,0,2,false,2017-01-01,2018-08-31
747e73c01a4593d4cf60dcf970fd2689,PE,Nordeste,2018-03-01,2018-04-01,2,2,6,4,3,2217.99,1108.995,1.0,false,1,2,false,2017-01-01,2018-08-31
77a515caa36327151d1cc6c32a9f00e1,SP,Sudeste,2018-02-01,2018-08-01,6,7,7,0,26,2217.39,369.565,0.8571428571428571,true,0,2,false,2017-01-01,2018-08-31
abbf6046bbdf1028606a5bc7f00c99e7,SC,Sul,2018-01-01,2018-05-01,5,5,8,3,7,2217.1499999999996,443.42999999999995,1.0,false,1,2,false,2017-01-01,2018-08-31
f214d28e8d8e3ef068748498ccc2f813,SP,Sudeste,2017-08-01,2018-08-01,11,13,13,0,54,2212.4100000000003,201.12818181818184,0.8461538461538461,true,0,2,false,2017-01-01,2018-08-31
4992e76a42cb3aad7a7047e0d3d7e729,SP,Sudeste,2017-05-01,2018-08-01,16,16,16,0,57,2211.1,138.19375,1.0,true,0,2,false,2017-01-01,2018-08-31
e5475dcab1e07b63d7f6e902d8f5eda8,SP,Sudeste,2017-09-01,2018-08-01,11,12,12,0,19,2192.0,199.27272727272728,0.9166666666666666,true,0,2,false,2017-01-01,2018-08-31
91f0eec23d4a61d7d7caeefa3f0ad1ca,SC,Sul,2017-02-01,2018-07-01,7,18,19,1,11,2190.8,312.9714285714286,0.3888888888888889,true,0,2,false,2017-01-01,2018-08-31
0725b8c0f3f906e58f70cbe76b7c748c,SP,Sudeste,2017-01-01,2018-08-01,7,20,20,0,17,2190.2999999999997,312.9,0.35,true,0,2,false,2017-01-01,2018-08-31
14a08204d03bb6b6bde8029f801ae0eb,SP,Sudeste,2018-03-01,2018-08-01,6,6,6,0,28,2185.4,364.23333333333335,1.0,true,0,2,false,2017-01-01,2018-08-31
30c7f28fd3a5897b2c82d152bb760c17,RJ,Sudeste,2017-04-01,2017-11-01,4,8,17,9,7,2178.27,544.5675,0.5,false,1,2,false,2017-01-01,2018-08-31
8ca1551acf9832a4cf467bbbac15851f,PR,Sul,2018-02-01,2018-08-01,5,7,7,0,11,2176.4,435.28000000000003,0.7142857142857143,true,0,2,false,2017-01-01,2018-08-31
53d00c40e32aeb924a84ce72b1af869d,SP,Sudeste,2018-01-01,2018-08-01,5,8,8,0,17,2165.8500000000004,433.1700000000001,0.625,true,0,2,false,2017-01-01,2018-08-31
2be17df1c49978426251562096c3cc09,SC,Sul,2017-01-01,2018-06-01,11,18,20,2,16,2165.0,196.8181818181818,0.6111111111111112,false,1,2,false,2017-01-01,2018-08-31
0ffa40d54288e4f3499b8780dd0f144f,SP,Sudeste,2018-01-01,2018-05-01,5,5,8,3,33,2162.8,432.56000000000006,1.0,false,1,2,false,2017-01-01,2018-08-31
7fc87cc3e89b3d1d5cabdca32f8485aa,SP,Sudeste,2018-05-01,2018-08-01,4,4,4,0,14,2153.8999999999996,538.4749999999999,1.0,true,0,2,false,2017-01-01,2018-08-31
72bc2cce903c872fe376a8faaa81d237,SP,Sudeste,2017-09-01,2018-08-01,8,12,12,0,17,2149.2000000000003,268.65000000000003,0.6666666666666666,true,0,2,false,2017-01-01,2018-08-31
373ee4a3a775a733770ca3f790b8b9ac,RJ,Sudeste,2017-02-01,2018-05-01,10,16,19,3,13,2141.4900000000002,214.14900000000003,0.625,false,1,2,false,2017-01-01,2018-08-31
0ed6ce5d87fd9c69eaacaeb778d67235,SP,Sudeste,2017-10-01,2018-08-01,11,11,11,0,43,2141.42,194.67454545454547,1.0,true,0,2,false,2017-01-01,2018-08-31
723cd880edaacdb998898b67c8f9da30,SP,Sudeste,2018-03-01,2018-08-01,5,6,6,0,11,2136.5299999999997,427.3059999999999,0.8333333333333334,true,0,2,false,2017-01-01,2018-08-31
87d30a6a0cbf89356e49324971ab1d24,SP,Sudeste,2017-12-01,2018-06-01,7,7,9,2,17,2134.13,304.8757142857143,1.0,false,1,2,false,2017-01-01,2018-08-31
9bcdfa7b615b3abb9461d9e3ad9886ae,SC,Sul,2017-01-01,2018-04-01,9,16,20,4,14,2126.07,236.23000000000002,0.5625,false,1,2,false,2017-01-01,2018-08-31
13074f016982ff2bd6c58ced8682f000,RS,Sul,2017-11-01,2018-07-01,7,9,10,1,14,2116.0,302.2857142857143,0.7777777777777778,true,0,2,false,2017-01-01,2018-08-31
8f78f0903005064036736c7173a5c2ed,MG,Sudeste,2017-04-01,2018-07-01,10,16,17,1,13,2113.7,211.36999999999998,0.625,true,0,2,false,2017-01-01,2018-08-31
cf2384dd2f1dddea3f838efed0945e65,SP,Sudeste,2017-03-01,2018-08-01,8,18,18,0,16,2101.5,262.6875,0.4444444444444444,true,0,2,false,2017-01-01,2018-08-31
ffdd9f82b9a447f6f8d4b91554cc7dd3,PR,Sul,2017-03-01,2018-08-01,11,18,18,0,18,2101.2000000000003,191.01818181818183,0.6111111111111112,true,0,2,false,2017-01-01,2018-08-31
e9511df20ccd82658a30c37b7fb343af,SP,Sudeste,2017-11-01,2018-08-01,9,10,10,0,22,2096.6,232.95555555555555,0.9,true,0,2,false,2017-01-01,2018-08-31
3bfba5a77604f6dfae7e6dd7aaf65821,PR,Sul,2018-08-01,2018-08-01,1,1,1,0,4,2095.5,2095.5,1.0,true,0,2,false,2017-01-01,2018-08-31
7f7b8245c336066a1f9933c359f11d77,SP,Sudeste,2018-04-01,2018-08-01,5,5,5,0,38,2094.3599999999997,418.87199999999996,1.0,true,0,2,false,2017-01-01,2018-08-31
8de8fe3af4449ed695d2434c933ed73e,SP,Sudeste,2018-08-01,2018-08-01,1,1,1,0,1,2090.0,2090.0,1.0,true,0,2,false,2017-01-01,2018-08-31
165b1235e9e9942cb5fae67103576fb0,SP,Sudeste,2018-05-01,2018-08-01,4,4,4,0,11,2085.15,521.2875,1.0,true,0,2,false,2017-01-01,2018-08-31
f7720c4fa8e3aba4546301ab80ea1f1b,PR,Sul,2017-03-01,2018-08-01,16,18,18,0,60,2083.45,130.215625,0.8888888888888888,true,0,2,false,2017-01-01,2018-08-31
e6a69c4a27dfdd98ffe5aa757ad744bc,SP,Sudeste,2017-02-01,2018-06-01,12,17,19,2,24,2076.2,173.01666666666665,0.7058823529411765,false,1,2,false,2017-01-01,2018-08-31
6aa3928696eab49a19a466e665a649fd,RJ,Sudeste,2018-03-01,2018-08-01,5,6,6,0,18,2075.0,415.0,0.8333333333333334,true,0,2,false,2017-01-01,2018-08-31
082e0bf4cb865a6533b1e8e498cc0255,SP,Sudeste,2017-10-01,2018-08-01,7,11,11,0,11,2073.3,296.1857142857143,0.6363636363636364,true,0,2,false,2017-01-01,2018-08-31
6b536a23086fba0d58c08d68814397f6,RJ,Sudeste,2017-10-01,2018-07-01,8,10,11,1,19,2068.8,258.6,0.8,true,0,2,false,2017-01-01,2018-08-31
e38db885400cd35c71dfd162f2c1dbcf,DF,Centro-Oeste,2017-08-01,2018-08-01,11,13,13,0,30,2066.7999999999997,187.89090909090908,0.8461538461538461,true,0,2,false,2017-01-01,2018-08-31
ea65d8b58316a6f2362f2a9e4b3e86ad,SP,Sudeste,2018-03-01,2018-08-01,4,6,6,0,9,2061.4,515.35,0.6666666666666666,true,0,2,false,2017-01-01,2018-08-31
412a4720f3e9431b4afa1476a1acddbe,SP,Sudeste,2017-09-01,2018-08-01,10,12,12,0,21,2058.1,205.81,0.8333333333333334,true,0,2,false,2017-01-01,2018-08-31
822b63912576852aea9a8436d72317b7,SP,Sudeste,2017-01-01,2017-01-01,1,1,20,19,5,2055.7200000000003,2055.7200000000003,1.0,false,1,2,false,2017-01-01,2018-08-31
9449f25aeaf531019b76999ea49a6949,RJ,Sudeste,2017-06-01,2018-04-01,5,11,15,4,10,2046.45,409.29,0.45454545454545453,false,1,2,false,2017-01-01,2018-08-31
bc2ac6b95e1accce9858528ee566c17e,SP,Sudeste,2017-08-01,2018-05-01,8,10,13,3,18,2045.0,255.625,0.8,false,1,2,false,2017-01-01,2018-08-31
c6381d2d013342748761e906d45aff76,RS,Sul,2017-10-01,2018-07-01,9,10,11,1,15,2042.98,226.99777777777777,0.9,true,0,2,false,2017-01-01,2018-08-31
78c99c6dff4eeae5be99bf635ed21e3f,SP,Sudeste,2017-02-01,2017-08-01,7,7,19,12,31,2030.8799999999999,290.12571428571425,1.0,false,1,2,false,2017-01-01,2018-08-31
71592660bbcb6a4664e97b6f8b68babc,SP,Sudeste,2018-02-01,2018-07-01,5,6,7,1,6,2027.1800000000003,405.43600000000004,0.8333333333333334,true,0,2,false,2017-01-01,2018-08-31
bf84056e679dbe9c69929847a40e338f,SP,Sudeste,2018-02-01,2018-04-01,3,3,7,4,36,2024.0400000000004,674.6800000000002,1.0,false,1,2,false,2017-01-01,2018-08-31
4c8b8048e33af2bf94f2eb547746a916,SP,Sudeste,2017-08-01,2018-08-01,7,13,13,0,23,2020.7300000000002,288.6757142857143,0.5384615384615384,true,0,2,false,2017-01-01,2018-08-31
fac1a9017ade7bdc94058fc1c969f355,SP,Sudeste,2018-05-01,2018-08-01,3,4,4,0,9,2010.8400000000001,670.2800000000001,0.75,true,0,2,false,2017-01-01,2018-08-31
1782ce2db72c3dda627d5e7c898104e1,SP,Sudeste,2017-02-01,2018-05-01,7,16,19,3,9,2010.8,287.25714285714287,0.4375,false,1,2,false,2017-01-01,2018-08-31
3a1a1fec38dd360f15fc912e821e169d,SP,Sudeste,2017-10-01,2018-05-01,7,8,11,3,15,2007.3799999999997,286.76857142857136,0.875,false,1,2,false,2017-01-01,2018-08-31
2f09f7d37a97956d11cc1a7cadd5262b,SP,Sudeste,2017-02-01,2017-09-01,6,8,19,11,11,2005.0,334.1666666666667,0.75,false,1,2,false,2017-01-01,2018-08-31
116ccb1a1604bc88e4d234a8c23f33de,SP,Sudeste,2017-11-01,2018-08-01,10,10,10,0,61,2004.8899999999999,200.48899999999998,1.0,true,0,2,false,2017-01-01,2018-08-31
d6ab728cf30867cf3f1a2e216ae2f9b7,SP,Sudeste,2018-03-01,2018-08-01,6,6,6,0,12,2002.0,333.6666666666667,1.0,true,0,2,false,2017-01-01,2018-08-31
3d2531eccfbde1d7c8db7a3a12fb267a,MG,Sudeste,2018-04-01,2018-08-01,5,5,5,0,10,1999.54,399.908,1.0,true,0,2,false,2017-01-01,2018-08-31
8ec76bb0965af3f007692b26fa9d6623,SC,Sul,2017-11-01,2017-11-01,1,1,10,9,1,1999.0,1999.0,1.0,false,1,2,false,2017-01-01,2018-08-31
17908cf9b444ee34047cadd5c0f4a516,GO,Centro-Oeste,2017-09-01,2018-08-01,7,12,12,0,11,1993.99,284.85571428571427,0.5833333333333334,true,0,2,false,2017-01-01,2018-08-31
bf100ecb7997df312b285358fb32f92c,PR,Sul,2017-01-01,2018-02-01,10,14,20,6,20,1991.9,199.19,0.7142857142857143,false,1,2,false,2017-01-01,2018-08-31
f5f2ab9bdb6b30c14c61be68c5ed37da,SP,Sudeste,2017-04-01,2017-12-01,8,9,17,8,16,1990.79,248.84875,0.8888888888888888,false,1,2,false,2017-01-01,2018-08-31
dc8798cbf453b7e0f98745e396cc5616,SP,Sudeste,2017-01-01,2017-11-01,9,11,20,9,39,1976.4999999999998,219.6111111111111,0.8181818181818182,false,1,2,false,2017-01-01,2018-08-31
f41ce2e25237f9092cd8e6e7516c7a2f,SP,Sudeste,2017-01-01,2017-12-01,10,12,20,8,26,1972.9,197.29000000000002,0.8333333333333334,false,1,2,false,2017-01-01,2018-08-31
b56906f7fd1696e043f1bcce164c487b,SP,Sudeste,2017-02-01,2018-08-01,16,19,19,0,38,1972.69,123.293125,0.8421052631578947,true,0,2,false,2017-01-01,2018-08-31
c013e57c075a06e5b5c48ee03c525719,SP,Sudeste,2018-02-01,2018-08-01,7,7,7,0,42,1971.5500000000002,281.65000000000003,1.0,true,0,2,false,2017-01-01,2018-08-31
91f5779a8731baca4809fdeade81803f,RJ,Sudeste,2017-11-01,2018-04-01,4,6,10,4,6,1971.46,492.865,0.6666666666666666,false,1,2,false,2017-01-01,2018-08-31
1690cada046eb7e92c12f98b1f8a8167,SP,Sudeste,2018-04-01,2018-08-01,4,5,5,0,11,1959.0,489.75,0.8,true,0,2,false,2017-01-01,2018-08-31
93b9a99027bd8bd6af682aff18dd19bf,SP,Sudeste,2017-01-01,2018-08-01,14,20,20,0,20,1953.0,139.5,0.7,true,0,2,false,2017-01-01,2018-08-31
6df688df543f90e9b38f4319e75a9d88,MG,Sudeste,2017-01-01,2017-11-01,11,11,20,9,40,1949.96,177.26909090909092,1.0,false,1,2,false,2017-01-01,2018-08-31
272f092de69afedd4d2969440b37f18f,SP,Sudeste,2017-02-01,2017-11-01,10,10,19,9,26,1935.33,193.533,1.0,false,1,2,false,2017-01-01,2018-08-31
4e5725ba188db8252977a4f0227bd462,SP,Sudeste,2018-02-01,2018-05-01,4,4,7,3,22,1930.5900000000001,482.64750000000004,1.0,false,1,2,false,2017-01-01,2018-08-31
cd843d4cf8ef32827de0396605163ba3,MG,Sudeste,2017-07-01,2018-08-01,5,14,14,0,5,1915.0,383.0,0.35714285714285715,true,0,2,false,2017-01-01,2018-08-31
e8f6dc8e6a1dcde89d20e3995c8d90b3,SP,Sudeste,2017-02-01,2017-11-01,8,10,19,9,31,1914.84,239.355,0.8,false,1,2,false,2017-01-01,2018-08-31
1b8b75e227c9a9c100d0c210fb6176ce,SP,Sudeste,2017-01-01,2017-11-01,6,11,20,9,19,1914.8300000000002,319.1383333333334,0.5454545454545454,false,1,2,false,2017-01-01,2018-08-31
9dda5bbacd45e18d6485fee649205d09,MG,Sudeste,2017-03-01,2018-08-01,13,18,18,0,19,1912.6,147.12307692307692,0.7222222222222222,true,0,2,false,2017-01-01,2018-08-31
f5f1f2c5f923f36ad79ea1d07185ddc9,SP,Sudeste,2018-02-01,2018-04-01,3,3,7,4,12,1912.15,637.3833333333333,1.0,false,1,2,false,2017-01-01,2018-08-31
901b460cdce0c64e471230d7f2f9f3a3,RS,Sul,2017-10-01,2018-07-01,4,10,11,1,5,1904.0,476.0,0.4,true,0,2,false,2017-01-01,2018-08-31
e2c92f9c1c7746d899d18f2e158bbff7,SP,Sudeste,2018-04-01,2018-08-01,5,5,5,0,14,1894.6999999999998,378.93999999999994,1.0,true,0,2,false,2017-01-01,2018-08-31
112453736dbe3889cfb74e1aaa0ba0c1,SP,Sudeste,2018-06-01,2018-08-01,3,3,3,0,7,1890.0,630.0,1.0,true,0,2,false,2017-01-01,2018-08-31
5ab05b6d86d417796c69ffd6774ec832,SP,Sudeste,2017-01-01,2018-08-01,9,20,20,0,10,1886.1000000000001,209.5666666666667,0.45,true,0,2,false,2017-01-01,2018-08-31
65b081a070633e057c462abdd6fb9dd8,GO,Centro-Oeste,2017-10-01,2018-05-01,8,8,11,3,19,1885.09,235.63625,1.0,false,1,2,false,2017-01-01,2018-08-31
5debea795b07621e1f90532e18f96145,PR,Sul,2017-10-01,2018-08-01,11,11,11,0,25,1883.7800000000002,171.2527272727273,1.0,true,0,2,false,2017-01-01,2018-08-31
7ade73f1b9b4e965f9009a4c3a7e2c15,SP,Sudeste,2018-04-01,2018-08-01,5,5,5,0,27,1880.3,376.06,1.0,true,0,2,false,2017-01-01,2018-08-31
e24d3429d294b2eb200b064ebb035879,SP,Sudeste,2018-06-01,2018-08-01,3,3,3,0,19,1878.58,626.1933333333333,1.0,true,0,2,false,2017-01-01,2018-08-31
5b33b527da3c5b969cc99dc435cad09a,PR,Sul,2017-01-01,2018-08-01,8,20,20,0,16,1872.79,234.09875,0.4,true,0,2,false,2017-01-01,2018-08-31
392e0502231ae2f8b29994ef6398cd77,SP,Sudeste,2017-01-01,2018-07-01,8,19,20,1,20,1871.7000000000003,233.96250000000003,0.42105263157894735,true,0,2,false,2017-01-01,2018-08-31
95ec4458365c4d11f452ccf538377619,SP,Sudeste,2018-01-01,2018-08-01,7,8,8,0,27,1866.7599999999998,266.67999999999995,0.875,true,0,2,false,2017-01-01,2018-08-31
0417b067eeab773d2f7061a726dc477f,SC,Sul,2018-03-01,2018-08-01,5,6,6,0,13,1859.18,371.836,0.8333333333333334,true,0,2,false,2017-01-01,2018-08-31
c8467937e403e76a8ee9f0ab13f6f5ef,MG,Sudeste,2017-09-01,2018-08-01,8,12,12,0,30,1853.7899999999997,231.72374999999997,0.6666666666666666,true,0,2,false,2017-01-01,2018-08-31
a4bd6e9adf39b63f43dc545d3ca1f53d,RJ,Sudeste,2017-04-01,2018-05-01,4,14,17,3,4,1848.5900000000001,462.14750000000004,0.2857142857142857,false,1,2,false,2017-01-01,2018-08-31
74bafed391319577bce6f4d2acc0589a,SP,Sudeste,2017-09-01,2018-04-01,3,8,12,4,3,1847.0,615.6666666666666,0.375,false,1,2,false,2017-01-01,2018-08-31
d97df38225e5abadaff1e72cb72b823c,SP,Sudeste,2017-11-01,2018-08-01,9,10,10,0,29,1846.0,205.11111111111111,0.9,true,0,2,false,2017-01-01,2018-08-31
ffeee66ac5d5a62fe688b9d26f83f534,SP,Sudeste,2017-09-01,2018-05-01,7,9,12,3,14,1839.8600000000001,262.83714285714285,0.7777777777777778,false,1,2,false,2017-01-01,2018-08-31
6a38087bc8ad4f89ff453561005f6dea,GO,Centro-Oeste,2018-05-01,2018-08-01,4,4,4,0,15,1833.43,458.3575,1.0,true,0,2,false,2017-01-01,2018-08-31
c679fb69a36e1d8349e8c50a217b4d58,RS,Sul,2018-07-01,2018-08-01,2,2,2,0,14,1825.6800000000003,912.8400000000001,1.0,true,0,2,false,2017-01-01,2018-08-31
5075aaa8404020ae6aa8bf4792099b41,MG,Sudeste,2017-03-01,2018-01-01,9,11,18,7,13,1822.8000000000002,202.53333333333336,0.8181818181818182,false,1,2,false,2017-01-01,2018-08-31
729b2d09b2a0bdab221076327f13d050,SP,Sudeste,2017-11-01,2018-08-01,9,10,10,0,49,1822.1100000000001,202.45666666666668,0.9,true,0,2,false,2017-01-01,2018-08-31
55bb6fe5bebe5012e2d7d9928e1128ff,SP,Sudeste,2018-01-01,2018-07-01,6,7,8,1,15,1816.5499999999997,302.75833333333327,0.8571428571428571,true,0,2,false,2017-01-01,2018-08-31
a5a1bfcf728ab0e19182959cf0771ee4,SP,Sudeste,2018-01-01,2018-08-01,7,8,8,0,21,1812.9599999999998,258.9942857142857,0.875,true,0,2,false,2017-01-01,2018-08-31
5b85809efd0d0e4dea1a9544e1280ed9,SP,Sudeste,2018-05-01,2018-08-01,4,4,4,0,12,1804.6000000000001,451.15000000000003,1.0,true,0,2,false,2017-01-01,2018-08-31
411f3b52d857390502ee4e4d5ceabc2d,SP,Sudeste,2018-04-01,2018-08-01,5,5,5,0,21,1804.01,360.802,1.0,true,0,2,false,2017-01-01,2018-08-31
7fdb0720c8d7c9075538b365dc8c3a22,PR,Sul,2018-04-01,2018-07-01,4,4,5,1,9,1804.0,451.0,1.0,true,0,2,false,2017-01-01,2018-08-31
2ff6b7bff164ef05590a52734e1296da,PR,Sul,2017-11-01,2018-05-01,5,7,10,3,7,1803.5900000000001,360.718,0.7142857142857143,false,1,2,false,2017-01-01,2018-08-31
15fa791d5e017f66402dc28c44480657,SP,Sudeste,2018-02-01,2018-06-01,3,5,7,2,8,1802.0,600.6666666666666,0.6,false,1,2,false,2017-01-01,2018-08-31
c3e1abd72a42fe690fcd89cf5720fe29,SP,Sudeste,2018-05-01,2018-08-01,4,4,4,0,13,1798.6100000000001,449.65250000000003,1.0,true,0,2,false,2017-01-01,2018-08-31
1976a05ecf2996d6ffb7b5430e635fe7,SP,Sudeste,2017-02-01,2017-09-01,5,8,19,11,8,1796.1999999999998,359.23999999999995,0.625,false,1,2,false,2017-01-01,2018-08-31
dfc475d54e1b6dbeeb7d7d9bdaa63827,PR,Sul,2018-02-01,2018-08-01,7,7,7,0,19,1793.7599999999998,256.25142857142856,1.0,true,0,2,false,2017-01-01,2018-08-31
a36b125ac6d5fdbc7f50de85c9157bdc,SP,Sudeste,2017-02-01,2018-08-01,13,19,19,0,23,1793.65,137.97307692307692,0.6842105263157895,true,0,2,false,2017-01-01,2018-08-31
5b581417df4480f632484ba681e53944,SC,Sul,2017-07-01,2018-02-01,7,8,14,6,12,1790.6,255.79999999999998,0.875,false,1,2,false,2017-01-01,2018-08-31
406740ee611378a662d274c7d8c43c4a,ES,Sudeste,2018-03-01,2018-04-01,2,2,6,4,8,1790.0,895.0,1.0,false,1,2,false,2017-01-01,2018-08-31
fa3a0b5aabb344b9a92e3524b0202123,SP,Sudeste,2018-01-01,2018-06-01,4,6,8,2,7,1789.0,447.25,0.6666666666666666,false,1,2,false,2017-01-01,2018-08-31
81783131d2a97c8d44d406a4be81b5d9,SP,Sudeste,2018-07-01,2018-08-01,2,2,2,0,13,1782.5400000000004,891.2700000000002,1.0,true,0,2,false,2017-01-01,2018-08-31
293dee954235e4e4e43f129313625ebe,DF,Centro-Oeste,2017-10-01,2018-01-01,3,4,11,7,8,1778.92,592.9733333333334,0.75,false,1,2,false,2017-01-01,2018-08-31
07bf9669d84d1f11be443a9dd938f698,SP,Sudeste,2017-03-01,2018-06-01,10,16,18,2,18,1776.0,177.6,0.625,false,1,2,false,2017-01-01,2018-08-31
ca4b77513ac2040591b0d8fae6958380,SP,Sudeste,2018-07-01,2018-08-01,2,2,2,0,14,1772.4499999999998,886.2249999999999,1.0,true,0,2,false,2017-01-01,2018-08-31
d5b9a084373da994a6e37f732169a853,SP,Sudeste,2018-01-01,2018-05-01,4,5,8,3,7,1769.0,442.25,0.8,false,1,2,false,2017-01-01,2018-08-31
3ca08eeb8d5595949fed424bd3677742,PR,Sul,2017-05-01,2018-01-01,8,9,16,7,14,1768.87,221.10875,0.8888888888888888,false,1,2,false,2017-01-01,2018-08-31
c8417879a15366a17c30af34c798c332,SP,Sudeste,2017-02-01,2017-09-01,8,8,19,11,26,1767.9,220.9875,1.0,false,1,2,false,2017-01-01,2018-08-31
f63d8f293af3a6454377546bd9dd19ff,SP,Sudeste,2017-05-01,2018-02-01,9,10,16,6,17,1751.8200000000002,194.64666666666668,0.9,false,1,2,false,2017-01-01,2018-08-31
cb810bd318f51b3dc3c753944d61a1fa,RJ,Sudeste,2018-08-01,2018-08-01,1,1,1,0,1,1750.0,1750.0,1.0,true,0,2,false,2017-01-01,2018-08-31
dd4d95ba2d15c071e6c695e2ef6ce169,ES,Sudeste,2018-07-01,2018-08-01,2,2,2,0,4,1748.0,874.0,1.0,true,0,2,false,2017-01-01,2018-08-31
4bf658053d453036c70976bccb2c31b2,SP,Sudeste,2017-04-01,2017-05-01,2,2,17,15,2,1742.99,871.495,1.0,false,1,2,false,2017-01-01,2018-08-31
198c7ea11960a9844b544d9bcdca860c,MG,Sudeste,2017-01-01,2017-08-01,7,8,20,12,25,1733.7500000000002,247.67857142857147,0.875,false,1,2,false,2017-01-01,2018-08-31
6ddc28b61be28373b4503a1f61cf98a9,SP,Sudeste,2018-06-01,2018-08-01,3,3,3,0,11,1732.9,577.6333333333333,1.0,true,0,2,false,2017-01-01,2018-08-31
c5f7feb04a6a1fb3596322bfc3cf1917,SP,Sudeste,2018-06-01,2018-08-01,3,3,3,0,11,1720.6,573.5333333333333,1.0,true,0,2,false,2017-01-01,2018-08-31
d3674f271c91f824f82d24d92011f669,DF,Centro-Oeste,2017-07-01,2018-08-01,11,14,14,0,20,1718.3,156.20909090909092,0.7857142857142857,true,0,2,false,2017-01-01,2018-08-31
a70e9066dbfd10b6b97a3f54a1356762,PR,Sul,2017-04-01,2017-11-01,2,8,17,9,2,1716.0,858.0,0.25,false,1,2,false,2017-01-01,2018-08-31
8378eb36b6b70c5734e83ad7b8cdc3b7,SC,Sul,2017-12-01,2018-07-01,5,8,9,1,7,1714.8,342.96,0.625,true,0,2,false,2017-01-01,2018-08-31
7139dc5186aa238b006e066d8fbab2e4,SP,Sudeste,2018-01-01,2018-08-01,8,8,8,0,22,1712.0,214.0,1.0,true,0,2,false,2017-01-01,2018-08-31
656591be56071d4c9ef4e5fee78a578a,SP,Sudeste,2017-03-01,2017-05-01,3,3,18,15,7,1702.0,567.3333333333334,1.0,false,1,2,false,2017-01-01,2018-08-31
6b1c4d4d9ccf0be3d8544eb0e71e5318,RS,Sul,2018-03-01,2018-03-01,1,1,6,5,1,1699.0,1699.0,1.0,false,1,2,false,2017-01-01,2018-08-31
f235413f677777a0738ff215d0184901,SP,Sudeste,2017-01-01,2017-02-01,2,2,20,18,3,1696.7,848.35,1.0,false,1,2,false,2017-01-01,2018-08-31
1dfe5347016252a7884b694d4f10f5c4,SP,Sudeste,2017-10-01,2018-04-01,6,7,11,4,21,1693.5,282.25,0.8571428571428571,false,1,2,false,2017-01-01,2018-08-31
731ef20c231d9a7103a425e83fd91271,SC,Sul,2017-10-01,2017-10-01,1,1,11,10,2,1692.0,1692.0,1.0,false,1,2,false,2017-01-01,2018-08-31
f9903dd0f812c7e771fcad47b6fff231,SC,Sul,2017-11-01,2018-08-01,7,10,10,0,10,1684.8500000000001,240.69285714285715,0.7,true,0,2,false,2017-01-01,2018-08-31
3935fe5fe0f82787a9dcb8deb62be09d,SP,Sudeste,2018-04-01,2018-08-01,5,5,5,0,16,1681.69,336.338,1.0,true,0,2,false,2017-01-01,2018-08-31
44f091b5abab8018f682fce8124b85e5,SP,Sudeste,2017-09-01,2017-11-01,3,3,12,9,6,1680.1,560.0333333333333,1.0,false,1,2,false,2017-01-01,2018-08-31
bafc5aa11e413978be29040f51342e70,MG,Sudeste,2017-12-01,2018-01-01,2,2,9,7,9,1679.55,839.775,1.0,false,1,2,false,2017-01-01,2018-08-31
e64d65bc8dbec2accda90c58de5d1246,SP,Sudeste,2017-11-01,2018-03-01,3,5,10,5,12,1678.8000000000002,559.6,0.6,false,1,2,false,2017-01-01,2018-08-31
0b18d63d0cd1d723567903fd34a07df2,SP,Sudeste,2017-04-01,2018-06-01,6,15,17,2,9,1678.1399999999999,279.69,0.4,false,1,2,false,2017-01-01,2018-08-31
0ac4201fda2c68ebc0e47cb9423cf3c9,SP,Sudeste,2017-06-01,2018-06-01,8,13,15,2,13,1676.88,209.61,0.6153846153846154,false,1,2,false,2017-01-01,2018-08-31
1dc2de47ee26a0a5b12dc14fd6dc0dea,SP,Sudeste,2018-02-01,2018-08-01,7,7,7,0,25,1670.3000000000002,238.61428571428573,1.0,true,0,2,false,2017-01-01,2018-08-31
77fccaae319668a8ab6cd0fd16aec48c,RJ,Sudeste,2018-05-01,2018-07-01,2,3,4,1,11,1667.0,833.5,0.6666666666666666,true,0,2,false,2017-01-01,2018-08-31
7586919161935337bf6b6d7ff5779648,RJ,Sudeste,2017-06-01,2018-03-01,6,10,15,5,11,1664.71,277.45166666666665,0.6,false,1,2,false,2017-01-01,2018-08-31
3481aa57cd91f9f9d3fa1fa12d9a3bf7,SP,Sudeste,2017-01-01,2017-08-01,6,8,20,12,23,1663.14,277.19,0.75,false,1,2,false,2017-01-01,2018-08-31
5f67c6082caacb26e431a7b17940cece,PR,Sul,2018-02-01,2018-08-01,4,7,7,0,13,1662.5999999999997,415.6499999999999,0.5714285714285714,true,0,2,false,2017-01-01,2018-08-31
53b0300ca793f9834cd69c0678d35ee8,SP,Sudeste,2017-11-01,2018-07-01,5,9,10,1,5,1662.15,332.43,0.5555555555555556,true,0,2,false,2017-01-01,2018-08-31
a1040efe9ff4a6f93c28b0499eada8f5,SP,Sudeste,2018-02-01,2018-02-01,1,1,7,6,1,1658.83,1658.83,1.0,false,1,2,false,2017-01-01,2018-08-31
25cf099de44674fde97473224f9d59ab,SP,Sudeste,2017-06-01,2018-08-01,14,15,15,0,50,1654.3600000000001,118.16857142857144,0.9333333333333333,true,0,2,false,2017-01-01,2018-08-31
df0f42bc4c2142eacf0eaf2cffd0cfbb,SC,Sul,2017-11-01,2018-07-01,7,9,10,1,14,1654.0,236.28571428571428,0.7777777777777778,true,0,2,false,2017-01-01,2018-08-31
b2a6d334e2833acea353624840e25a0e,SP,Sudeste,2017-08-01,2018-06-01,6,11,13,2,25,1650.98,275.16333333333336,0.5454545454545454,false,1,2,false,2017-01-01,2018-08-31
26e2c91ef821e1ff8985f408788fe35b,SP,Sudeste,2018-02-01,2018-07-01,6,6,7,1,12,1649.3999999999999,274.9,1.0,true,0,2,false,2017-01-01,2018-08-31
ffc470761de7d0232558ba5e786e57b7,SP,Sudeste,2018-02-01,2018-08-01,7,7,7,0,28,1649.01,235.57285714285715,1.0,true,0,2,false,2017-01-01,2018-08-31
edc518ba25576a0188a0e8f2c3af186f,SP,Sudeste,2018-06-01,2018-08-01,3,3,3,0,6,1647.3899999999999,549.13,1.0,true,0,2,false,2017-01-01,2018-08-31
0887a9f087bcd5d9f6642b52f897fc6c,SP,Sudeste,2017-02-01,2017-08-01,7,7,19,12,12,1642.0,234.57142857142858,1.0,false,1,2,false,2017-01-01,2018-08-31
7a2d2949aea47fab95fd98d6c9f618b1,PR,Sul,2017-02-01,2018-06-01,9,17,19,2,11,1638.99,182.11,0.5294117647058824,false,1,2,false,2017-01-01,2018-08-31
2a6fbeaa7ab9e5d59a35841a8da71ce4,SC,Sul,2017-03-01,2018-07-01,13,17,18,1,30,1632.79,125.59923076923077,0.7647058823529411,true,0,2,false,2017-01-01,2018-08-31
9b00ed88b7fdb95d6ff76e27c1b52d16,SP,Sudeste,2017-08-01,2018-08-01,12,13,13,0,47,1627.88,135.65666666666667,0.9230769230769231,true,0,2,false,2017-01-01,2018-08-31
4b1eaadf791bdbbad8c4a35b65236d52,SP,Sudeste,2017-03-01,2017-03-01,1,1,18,17,6,1627.4,1627.4,1.0,false,1,2,false,2017-01-01,2018-08-31
3092c0b297aacfb4bb6e056ebe13b9b8,SP,Sudeste,2018-01-01,2018-06-01,5,6,8,2,19,1623.8999999999999,324.78,0.8333333333333334,false,1,2,false,2017-01-01,2018-08-31
f1ed6bd0a9b11b581f16c851c6a5a527,RS,Sul,2017-03-01,2018-05-01,11,15,18,3,17,1622.77,147.52454545454546,0.7333333333333333,false,1,2,false,2017-01-01,2018-08-31
15cd6eefe58588619aaed41dfa6621b1,MG,Sudeste,2017-07-01,2018-05-01,6,11,14,3,16,1622.7399999999998,270.45666666666665,0.5454545454545454,false,1,2,false,2017-01-01,2018-08-31
b0f2a6122a90a93eb03e68653dd960e3,PR,Sul,2018-04-01,2018-08-01,4,5,5,0,6,1620.2999999999997,405.07499999999993,0.8,true,0,2,false,2017-01-01,2018-08-31
013900e863eace745d3ec7614cab5b1a,PR,Sul,2017-03-01,2018-04-01,7,14,18,4,23,1619.7,231.3857142857143,0.5,false,1,2,false,2017-01-01,2018-08-31
02c988090b766852e088c69d7fb3b551,SP,Sudeste,2017-07-01,2018-08-01,12,14,14,0,13,1618.65,134.88750000000002,0.8571428571428571,true,0,2,false,2017-01-01,2018-08-31
d354c38a7182125a748cb10474fe963b,RJ,Sudeste,2017-05-01,2018-03-01,9,11,16,5,18,1610.3300000000002,178.92555555555558,0.8181818181818182,false,1,2,false,2017-01-01,2018-08-31
8daab2245ebdc277c51098d01c5ad8ef,SP,Sudeste,2018-04-01,2018-08-01,5,5,5,0,16,1604.5900000000001,320.918,1.0,true,0,2,false,2017-01-01,2018-08-31
427165bf50f8ca07efc7bdc2bfcf1688,SP,Sudeste,2018-04-01,2018-04-01,1,1,5,4,5,1603.5,1603.5,1.0,false,1,2,false,2017-01-01,2018-08-31
7813ea3ebd9411dc600b4dd01f7a97b9,SP,Sudeste,2017-08-01,2018-06-01,5,11,13,2,9,1599.4,319.88,0.45454545454545453,false,1,2,false,2017-01-01,2018-08-31
850857dfac77488c307e2b1cbd84ab5a,PR,Sul,2018-06-01,2018-06-01,1,1,3,2,1,1599.0,1599.0,1.0,false,1,2,false,2017-01-01,2018-08-31
8a1ff5c35f6595a73fef4c7b96e4908a,PR,Sul,2018-06-01,2018-08-01,2,3,3,0,2,1598.0,799.0,0.6666666666666666,true,0,2,false,2017-01-01,2018-08-31
081acf3de680d554796c9cf041be7bc2,MG,Sudeste,2017-11-01,2018-05-01,4,7,10,3,4,1597.3,399.325,0.5714285714285714,false,1,2,false,2017-01-01,2018-08-31
41b86b552e54e3a7009596125aa8b167,SP,Sudeste,2017-03-01,2017-04-01,2,2,18,16,10,1595.3,797.65,1.0,false,1,2,false,2017-01-01,2018-08-31
8a2d12a90e92f012ce5226fc6592b653,PR,Sul,2017-12-01,2018-08-01,9,9,9,0,18,1594.6499999999999,177.1833333333333,1.0,true,0,2,false,2017-01-01,2018-08-31
39d54ff918774174706fb065d7f9dc07,SP,Sudeste,2017-11-01,2018-07-01,8,9,10,1,23,1593.5900000000001,199.19875000000002,0.8888888888888888,true,0,2,false,2017-01-01,2018-08-31
70f84699be677ec988d1fa824aef7d90,MG,Sudeste,2017-04-01,2018-07-01,5,16,17,1,5,1588.3,317.65999999999997,0.3125,true,0,2,false,2017-01-01,2018-08-31
845e8036c3f7bf62099352f5ed910240,RJ,Sudeste,2018-05-01,2018-08-01,4,4,4,0,21,1584.6,396.15,1.0,true,0,2,false,2017-01-01,2018-08-31
f3c38ab652836d21de61fb8314b69182,SP,Sudeste,2018-04-01,2018-08-01,5,5,5,0,15,1581.0,316.2,1.0,true,0,2,false,2017-01-01,2018-08-31
134285d1f41da5c13a756ee8142c8a4e,SP,Sudeste,2018-06-01,2018-08-01,2,3,3,0,3,1572.6999999999998,786.3499999999999,0.6666666666666666,true,0,2,false,2017-01-01,2018-08-31
1660ad786c27fd935378b6192a90b417,SP,Sudeste,2017-08-01,2018-07-01,5,12,13,1,12,1570.0,314.0,0.4166666666666667,true,0,2,false,2017-01-01,2018-08-31
c4fb51fb1c5b7c07bc5e67be6e7e8f6e,PR,Sul,2017-07-01,2018-08-01,10,14,14,0,15,1567.9,156.79000000000002,0.7142857142857143,true,0,2,false,2017-01-01,2018-08-31
47648caee88ccfe951fbb27fbf7b4cbe,SP,Sudeste,2018-04-01,2018-05-01,2,2,5,3,3,1564.99,782.495,1.0,false,1,2,false,2017-01-01,2018-08-31
8b87cd0d43d49b9bdf40f56229364d59,SP,Sudeste,2017-10-01,2017-12-01,3,3,11,8,5,1552.9,517.6333333333333,1.0,false,1,2,false,2017-01-01,2018-08-31
0eaa7e33d73809f1f925f7d07c506cbd,SP,Sudeste,2017-04-01,2018-08-01,11,17,17,0,15,1552.0,141.0909090909091,0.6470588235294118,true,0,2,false,2017-01-01,2018-08-31
3785b653b1b82de85ab47dd139938091,PR,Sul,2017-08-01,2018-08-01,10,13,13,0,21,1551.9999999999998,155.2,0.7692307692307693,true,0,2,false,2017-01-01,2018-08-31
fe701d88b67eaca109dffd464d1be9f9,RJ,Sudeste,2017-11-01,2018-07-01,6,9,10,1,11,1548.9,258.15000000000003,0.6666666666666666,true,0,2,false,2017-01-01,2018-08-31
78a4d36f65a019172c6154468831a69f,SP,Sudeste,2017-10-01,2017-12-01,3,3,11,8,7,1545.5,515.1666666666666,1.0,false,1,2,false,2017-01-01,2018-08-31
49cdc90518a4f82676b38b3c1aa43ff6,SP,Sudeste,2018-06-01,2018-08-01,3,3,3,0,5,1539.5,513.1666666666666,1.0,true,0,2,false,2017-01-01,2018-08-31
06bb3a2fe5e7b7a845b13e8fb91bd944,MG,Sudeste,2017-09-01,2018-07-01,10,11,12,1,17,1536.19,153.619,0.9090909090909091,true,0,2,false,2017-01-01,2018-08-31
cbf09e831b0c11f6f23ffb51004db972,SP,Sudeste,2018-05-01,2018-08-01,4,4,4,0,10,1535.2,383.8,1.0,true,0,2,false,2017-01-01,2018-08-31
3a490ba60afa30ece0e7d50cfe74a4f0,MG,Sudeste,2017-04-01,2017-12-01,5,9,17,8,8,1529.2,305.84000000000003,0.5555555555555556,false,1,2,false,2017-01-01,2018-08-31
5bf397d04035b5f45cc41e82ec106803,SP,Sudeste,2018-05-01,2018-07-01,2,3,4,1,3,1525.0,762.5,0.6666666666666666,true,0,2,false,2017-01-01,2018-08-31
3586b8580d9c917874e053a1bb37b5ff,SP,Sudeste,2017-05-01,2018-08-01,14,16,16,0,36,1524.7,108.90714285714286,0.875,true,0,2,false,2017-01-01,2018-08-31
01bcc9d254a0143f0ce9791b960b2a47,GO,Centro-Oeste,2017-08-01,2018-02-01,5,7,13,6,11,1521.21,304.242,0.7142857142857143,false,1,2,false,2017-01-01,2018-08-31
1ca4bdb0cd7fc48e949bac066188ed26,MG,Sudeste,2018-03-01,2018-07-01,2,5,6,1,4,1520.0,760.0,0.4,true,0,2,false,2017-01-01,2018-08-31
a7c88262832dfc683781d6a421edefae,SP,Sudeste,2017-03-01,2018-02-01,3,12,18,6,5,1520.0,506.6666666666667,0.25,false,1,2,false,2017-01-01,2018-08-31
5b97c06a046398e7005b2b7c0d707a92,MG,Sudeste,2017-05-01,2017-07-01,3,3,16,13,4,1519.96,506.65333333333336,1.0,false,1,2,false,2017-01-01,2018-08-31
866558b3bccef2dbc6d29a2b5995016f,PR,Sul,2017-10-01,2018-07-01,4,10,11,1,5,1519.4,379.85,0.4,true,0,2,false,2017-01-01,2018-08-31
094ced053e257ae8cae57205592d6712,SP,Sudeste,2018-04-01,2018-07-01,4,4,5,1,19,1519.2,379.8,1.0,true,0,2,false,2017-01-01,2018-08-31
2a61c271b1ac763450d846849783e922,SP,Sudeste,2017-09-01,2018-02-01,5,6,12,6,18,1516.7599999999998,303.352,0.8333333333333334,false,1,2,false,2017-01-01,2018-08-31
1dd33b8119b3cb1056ed5dc88cd0aaf4,SP,Sudeste,2017-11-01,2018-02-01,4,4,10,6,8,1513.0,378.25,1.0,false,1,2,false,2017-01-01,2018-08-31
a23266650e7c84bb93fbbba502137478,RS,Sul,2017-08-01,2017-12-01,5,5,13,8,11,1512.4,302.48,1.0,false,1,2,false,2017-01-01,2018-08-31
6eb94e1466490d327a09abf8f3552a50,SP,Sudeste,2018-04-01,2018-08-01,4,5,5,0,10,1511.95,377.9875,0.8,true,0,2,false,2017-01-01,2018-08-31
9b522ba7eae9e1d04082f267144583cc,SP,Sudeste,2017-05-01,2018-04-01,4,12,16,4,4,1507.6,376.9,0.3333333333333333,false,1,2,false,2017-01-01,2018-08-31
b33aaadd1a8891d2dfef0c4c3bdf0371,SP,Sudeste,2018-01-01,2018-06-01,6,6,8,2,16,1504.0,250.66666666666666,1.0,false,1,2,false,2017-01-01,2018-08-31
714b9a1332840f257b49f476bea4e341,SP,Sudeste,2018-01-01,2018-03-01,3,3,8,5,6,1499.94,499.98,1.0,false,1,2,false,2017-01-01,2018-08-31
9a03a4e9eb0b947652fae4f6121a3f5e,SP,Sudeste,2018-01-01,2018-08-01,5,8,8,0,7,1497.0,299.4,0.625,true,0,2,false,2017-01-01,2018-08-31
02dcd3e8e25bee036e32512bcf175493,MG,Sudeste,2017-10-01,2018-08-01,6,11,11,0,14,1491.9,248.65,0.5454545454545454,true,0,2,false,2017-01-01,2018-08-31
c7b7db6c8f3c64a7cc1afa634db21d50,SP,Sudeste,2018-03-01,2018-03-01,1,1,6,5,1,1489.0,1489.0,1.0,false,1,2,false,2017-01-01,2018-08-31
431050a06a317f2b38168dec3dcd2b46,SP,Sudeste,2018-04-01,2018-08-01,5,5,5,0,12,1487.8,297.56,1.0,true,0,2,false,2017-01-01,2018-08-31
659e8466eb3ff1b0e8740d74fb7bbedd,BA,Nordeste,2017-05-01,2018-05-01,8,13,16,3,11,1486.8,185.85,0.6153846153846154,false,1,2,false,2017-01-01,2018-08-31
b6e1504972665f739dec4facb9943775,SP,Sudeste,2017-05-01,2018-03-01,8,11,16,5,14,1484.48,185.56,0.7272727272727273,false,1,2,false,2017-01-01,2018-08-31
9da1ca0bef29ee170e541927a5aeabdc,SP,Sudeste,2017-06-01,2017-09-01,3,4,15,11,6,1484.4,494.8,0.75,false,1,2,false,2017-01-01,2018-08-31
52f0fe436a347ddad7ed5f9aa4e27eaa,SP,Sudeste,2018-01-01,2018-05-01,5,5,8,3,21,1484.37,296.87399999999997,1.0,false,1,2,false,2017-01-01,2018-08-31
f918546be4bec7104d117789ba758b2b,SP,Sudeste,2017-12-01,2018-06-01,6,7,9,2,20,1483.0,247.16666666666666,0.8571428571428571,false,1,2,false,2017-01-01,2018-08-31
6806dad1da97bfb5a9038eac6881f706,PR,Sul,2017-12-01,2018-08-01,6,9,9,0,10,1477.0,246.16666666666666,0.6666666666666666,true,0,2,false,2017-01-01,2018-08-31
4d232b78ab7ef10393dc3807d827bc0d,MG,Sudeste,2018-07-01,2018-08-01,2,2,2,0,5,1475.0,737.5,1.0,true,0,2,false,2017-01-01,2018-08-31
e256a62e0ac58c0edfba09966142d561,PR,Sul,2018-04-01,2018-07-01,4,4,5,1,12,1474.1100000000001,368.52750000000003,1.0,true,0,2,false,2017-01-01,2018-08-31
5e105f5c9f63f5f1fd75d6cb942e55b1,SP,Sudeste,2018-05-01,2018-08-01,4,4,4,0,8,1471.9,367.975,1.0,true,0,2,false,2017-01-01,2018-08-31
e7f3bf1ecd8526eb7f3b18059e6716e5,SP,Sudeste,2017-02-01,2017-09-01,6,8,19,11,18,1471.5400000000002,245.2566666666667,0.75,false,1,2,false,2017-01-01,2018-08-31
d1ef48b38baca7e831711c4a0aeb398f,PR,Sul,2018-02-01,2018-07-01,6,6,7,1,29,1469.1200000000001,244.85333333333335,1.0,true,0,2,false,2017-01-01,2018-08-31
7ecd59e5e20407131822c1a68ac59c1f,DF,Centro-Oeste,2017-11-01,2018-08-01,10,10,10,0,24,1466.71,146.671,1.0,true,0,2,false,2017-01-01,2018-08-31
01ed254b9ff8407dfb9d99ba1e17d923,SP,Sudeste,2017-08-01,2017-11-01,4,4,13,9,5,1465.99,366.4975,1.0,false,1,2,false,2017-01-01,2018-08-31
4ba52dfeba874da5b9ee7b17c7494f04,SP,Sudeste,2017-07-01,2017-10-01,4,4,14,10,11,1463.0,365.75,1.0,false,1,2,false,2017-01-01,2018-08-31
1284de4ae8aa26997e748c851557cf0e,SP,Sudeste,2017-05-01,2017-10-01,3,6,16,10,3,1459.97,486.6566666666667,0.5,false,1,2,false,2017-01-01,2018-08-31
5145090ab595c0d0b8557199f5701fbf,PR,Sul,2018-03-01,2018-06-01,3,4,6,2,4,1459.6,486.5333333333333,0.75,false,1,2,false,2017-01-01,2018-08-31
97512d3fc193b2d1dfcdba0f9d1f0f8a,SP,Sudeste,2018-03-01,2018-08-01,6,6,6,0,12,1458.8700000000001,243.145,1.0,true,0,2,false,2017-01-01,2018-08-31
d7827b2af99326a03b0ed9c7a24db0d3,SP,Sudeste,2018-04-01,2018-04-01,1,1,5,4,1,1455.0,1455.0,1.0,false,1,2,false,2017-01-01,2018-08-31
a414555ce331b8c8aea4a9cb8395194d,SP,Sudeste,2018-03-01,2018-05-01,3,3,6,3,7,1450.95,483.65000000000003,1.0,false,1,2,false,2017-01-01,2018-08-31
0ad80de75c811326389cfb1daba7d45e,RJ,Sudeste,2017-10-01,2018-01-01,4,4,11,7,6,1449.4,362.35,1.0,false,1,2,false,2017-01-01,2018-08-31
2dcf93836ae3ce0d7c93e2f10876467a,SP,Sudeste,2018-06-01,2018-08-01,3,3,3,0,9,1443.8000000000002,481.2666666666667,1.0,true,0,2,false,2017-01-01,2018-08-31
dace965ca58120f92f8d742a9fa1864b,SP,Sudeste,2018-03-01,2018-05-01,3,3,6,3,8,1442.0,480.6666666666667,1.0,false,1,2,false,2017-01-01,2018-08-31
66fd84ee7528c0c0de85d0f44a73d5ab,RS,Sul,2017-03-01,2017-07-01,4,5,18,13,11,1438.1100000000001,359.52750000000003,0.8,false,1,2,false,2017-01-01,2018-08-31
5b0cc932433fa5184b5b94bfe6bcc256,SP,Sudeste,2018-06-01,2018-08-01,3,3,3,0,12,1437.8,479.26666666666665,1.0,true,0,2,false,2017-01-01,2018-08-31
3771c85bac139d2344864ede5d9341e3,SP,Sudeste,2017-05-01,2017-12-01,8,8,16,8,26,1433.3,179.1625,1.0,false,1,2,false,2017-01-01,2018-08-31
ec933281fb017b5020d06df29c3f77e8,SP,Sudeste,2017-10-01,2018-07-01,6,10,11,1,8,1432.0,238.66666666666666,0.6,true,0,2,false,2017-01-01,2018-08-31
c5f7e746b7e6d07def6c0dae9903279b,PR,Sul,2018-04-01,2018-08-01,4,5,5,0,10,1429.0,357.25,0.8,true,0,2,false,2017-01-01,2018-08-31
0aea4c6ae1505b3228ddf3dd7822ee5b,SP,Sudeste,2017-10-01,2018-04-01,6,7,11,4,8,1427.91,237.985,0.8571428571428571,false,1,2,false,2017-01-01,2018-08-31
d9a84e1403de8da0c3aa531d6d108ba6,SP,Sudeste,2018-02-01,2018-08-01,7,7,7,0,54,1425.2,203.6,1.0,true,0,2,false,2017-01-01,2018-08-31
adcf50477d6a1f5d91bb9d54c4903cb5,MG,Sudeste,2017-02-01,2018-06-01,6,17,19,2,19,1425.14,237.52333333333334,0.35294117647058826,false,1,2,false,2017-01-01,2018-08-31
f5f46307a4d15880ca14fab4ad9dfc9b,SC,Sul,2017-07-01,2017-11-01,4,5,14,9,9,1422.94,355.735,0.8,false,1,2,false,2017-01-01,2018-08-31
89c127985a8b130cfa45c1d36764017a,SP,Sudeste,2017-06-01,2018-02-01,6,9,15,6,7,1419.5700000000002,236.59500000000003,0.6666666666666666,false,1,2,false,2017-01-01,2018-08-31
0b0ddbc7b9d9584f442c7ac92b0ff6c9,SP,Sudeste,2018-03-01,2018-06-01,3,4,6,2,3,1416.76,472.25333333333333,0.75,false,1,2,false,2017-01-01,2018-08-31
010543a62bd80aa422851e79a3bc7540,SP,Sudeste,2017-07-01,2017-08-01,2,2,14,12,2,1416.0,708.0,1.0,false,1,2,false,2017-01-01,2018-08-31
17eea220a40cc0d2c0c5346379682398,SP,Sudeste,2017-09-01,2017-10-01,2,2,12,10,4,1414.98,707.49,1.0,false,1,2,false,2017-01-01,2018-08-31
af3ef48d0e13835e529c29ac573c63e5,SP,Sudeste,2018-05-01,2018-08-01,4,4,4,0,21,1405.6299999999999,351.40749999999997,1.0,true,0,2,false,2017-01-01,2018-08-31
921323538c9f1c4e816f2720eac02bea,SP,Sudeste,2017-11-01,2018-08-01,6,10,10,0,15,1401.8400000000001,233.64000000000001,0.6,true,0,2,false,2017-01-01,2018-08-31
8ff1a9df749e454105c55cda13e79143,SP,Sudeste,2017-11-01,2018-06-01,6,8,10,2,13,1400.6000000000004,233.4333333333334,0.75,false,1,2,false,2017-01-01,2018-08-31
d4ffeb15b67e81ff9af2b4252d99fb7e,SP,Sudeste,2018-04-01,2018-07-01,4,4,5,1,11,1400.3999999999999,350.09999999999997,1.0,true,0,2,false,2017-01-01,2018-08-31
04843805947f0fc584fc1969b6e50fe7,RS,Sul,2018-08-01,2018-08-01,1,1,1,0,1,1400.0,1400.0,1.0,true,0,2,false,2017-01-01,2018-08-31
d4e12e7884759a14fa0f5f896c791cae,SP,Sudeste,2017-09-01,2018-07-01,11,11,12,1,29,1400.0,127.27272727272727,1.0,true,0,2,false,2017-01-01,2018-08-31
b8114f2f589a6804810f04f99b36b498,SP,Sudeste,2018-04-01,2018-08-01,5,5,5,0,8,1399.62,279.924,1.0,true,0,2,false,2017-01-01,2018-08-31
2e1a7d075abe038c1b2743005fe42ff1,SP,Sudeste,2017-08-01,2018-08-01,8,13,13,0,19,1396.7,174.5875,0.6153846153846154,true,0,2,false,2017-01-01,2018-08-31
8e2b3afb420011ef0c88c9d5f11ea526,SP,Sudeste,2017-11-01,2018-01-01,2,3,10,7,11,1384.5000000000002,692.2500000000001,0.6666666666666666,false,1,2,false,2017-01-01,2018-08-31
863d2ebcd347ce4922de7a0f9a5581d6,RJ,Sudeste,2017-07-01,2018-08-01,9,14,14,0,18,1382.36,153.59555555555553,0.6428571428571429,true,0,2,false,2017-01-01,2018-08-31
81336a0f57a33776419727a300249e90,SP,Sudeste,2017-07-01,2018-04-01,9,10,14,4,16,1374.8500000000001,152.76111111111112,0.9,false,1,2,false,2017-01-01,2018-08-31
88cf19ec1fc2c58f161aee259d57142c,SP,Sudeste,2018-05-01,2018-08-01,3,4,4,0,14,1372.97,457.6566666666667,0.75,true,0,2,false,2017-01-01,2018-08-31
8185694b58b2ba6de20fd41ae608bbea,SP,Sudeste,2018-03-01,2018-08-01,4,6,6,0,8,1372.3,343.075,0.6666666666666666,true,0,2,false,2017-01-01,2018-08-31
985c92cc412091f8529c12d7f23d3fef,MG,Sudeste,2018-05-01,2018-08-01,3,4,4,0,12,1368.5,456.1666666666667,0.75,true,0,2,false,2017-01-01,2018-08-31
0bebbb2cea103a4a020c95d43fd7d754,SP,Sudeste,2018-06-01,2018-08-01,3,3,3,0,9,1367.2,455.73333333333335,1.0,true,0,2,false,2017-01-01,2018-08-31
556a6409838156ea299c9d1f9e2dde43,PR,Sul,2018-06-01,2018-08-01,2,3,3,0,4,1362.8,681.4,0.6666666666666666,true,0,2,false,2017-01-01,2018-08-31
36890be00bbfc1cdb9a4a38a6af05a69,SP,Sudeste,2018-06-01,2018-08-01,3,3,3,0,13,1361.3000000000002,453.7666666666667,1.0,true,0,2,false,2017-01-01,2018-08-31
5a425cc503b39b262a847fd6212bf53b,PR,Sul,2018-04-01,2018-08-01,5,5,5,0,15,1360.5900000000001,272.11800000000005,1.0,true,0,2,false,2017-01-01,2018-08-31
a36ac007a4d18f865c8d32c3b2402c2d,SP,Sudeste,2017-01-01,2017-09-01,4,9,20,11,9,1359.7800000000002,339.94500000000005,0.4444444444444444,false,1,2,false,2017-01-01,2018-08-31
091065b789659bc3cd9af9cb3a6253ff,RS,Sul,2017-10-01,2018-01-01,2,4,11,7,2,1359.0,679.5,0.5,false,1,2,false,2017-01-01,2018-08-31
2f73e04d12cdf0c945ded66bb3fcf6c7,ES,Sudeste,2017-02-01,2018-08-01,3,19,19,0,3,1359.0,453.0,0.15789473684210525,true,0,2,false,2017-01-01,2018-08-31
42ef3192a9ff87a22d1867b74b3ee205,SP,Sudeste,2018-01-01,2018-08-01,7,8,8,0,23,1354.0900000000001,193.4414285714286,0.875,true,0,2,false,2017-01-01,2018-08-31
9f50216bfd01913736a55a11b55ea842,SP,Sudeste,2018-06-01,2018-08-01,3,3,3,0,17,1354.0,451.3333333333333,1.0,true,0,2,false,2017-01-01,2018-08-31
04e38a233f726ef161074ab1c9b0399a,SP,Sudeste,2017-09-01,2018-05-01,7,9,12,3,23,1352.2,193.17142857142858,0.7777777777777778,false,1,2,false,2017-01-01,2018-08-31
b9a03475e6447e631b6799ec8274800f,PR,Sul,2017-11-01,2018-07-01,5,9,10,1,10,1349.1000000000001,269.82000000000005,0.5555555555555556,true,0,2,false,2017-01-01,2018-08-31
e439f7176d763f92de325271111b2fd5,SC,Sul,2018-05-01,2018-08-01,3,4,4,0,7,1348.4,449.4666666666667,0.75,true,0,2,false,2017-01-01,2018-08-31
c3ee2331a724e6fc02c4b698b57a73f3,SP,Sudeste,2017-11-01,2017-12-01,2,2,10,8,2,1347.0,673.5,1.0,false,1,2,false,2017-01-01,2018-08-31
7e26c750b4cb9f6766f58265ff9ebe95,MG,Sudeste,2017-02-01,2017-10-01,9,9,19,10,23,1344.3,149.36666666666667,1.0,false,1,2,false,2017-01-01,2018-08-31
20b54c376b794ed028df09a3cd88e8dc,SP,Sudeste,2017-09-01,2018-07-01,8,11,12,1,11,1342.9499999999998,167.86874999999998,0.7272727272727273,true,0,2,false,2017-01-01,2018-08-31
b43d8b707f887a30f4675391098354a0,SP,Sudeste,2018-04-01,2018-07-01,2,4,5,1,3,1342.0,671.0,0.5,true,0,2,false,2017-01-01,2018-08-31
186cdd1b2df32caa72cfb410bba768d3,SC,Sul,2018-05-01,2018-08-01,3,4,4,0,6,1341.45,447.15000000000003,0.75,true,0,2,false,2017-01-01,2018-08-31
8ea394aed8138685abe1eb9f25e1021d,SP,Sudeste,2017-12-01,2018-06-01,2,7,9,2,2,1340.0,670.0,0.2857142857142857,false,1,2,false,2017-01-01,2018-08-31
7357b52d27cbaa90f81a96cbc1279396,MG,Sudeste,2018-05-01,2018-08-01,4,4,4,0,12,1328.02,332.005,1.0,true,0,2,false,2017-01-01,2018-08-31
058cb5aeb36d7c0fcae20fc85d5e0a59,RJ,Sudeste,2017-09-01,2018-08-01,7,12,12,0,12,1328.0,189.71428571428572,0.5833333333333334,true,0,2,false,2017-01-01,2018-08-31
3faf68a3b0af94b10bac70d86077be49,SP,Sudeste,2017-02-01,2017-05-01,4,4,19,15,7,1322.93,330.7325,1.0,false,1,2,false,2017-01-01,2018-08-31
5d9f3746e112e696f98ea22c56b3e912,SP,Sudeste,2018-07-01,2018-07-01,1,1,2,1,1,1322.64,1322.64,1.0,true,0,2,false,2017-01-01,2018-08-31
d2e753bb80b7d4faa77483ed00edc8ca,BA,Nordeste,2017-10-01,2018-05-01,6,8,11,3,14,1320.7,220.11666666666667,0.75,false,1,2,false,2017-01-01,2018-08-31
718539d38d07dd351c76db862760e2e2,SP,Sudeste,2017-04-01,2018-02-01,8,11,17,6,37,1318.9,164.8625,0.7272727272727273,false,1,2,false,2017-01-01,2018-08-31
2bd05d410a8fd26dc4184a15f4f2f588,MG,Sudeste,2017-01-01,2017-10-01,5,10,20,10,6,1316.73,263.346,0.5,false,1,2,false,2017-01-01,2018-08-31
5151aea44289d6c6b090ee31c2132508,SP,Sudeste,2017-02-01,2017-02-01,1,1,19,18,7,1315.3000000000002,1315.3000000000002,1.0,false,1,2,false,2017-01-01,2018-08-31
3f8034bfc6b8b4135534975d49f04c63,PR,Sul,2017-01-01,2017-05-01,5,5,20,15,12,1313.9,262.78000000000003,1.0,false,1,2,false,2017-01-01,2018-08-31
4eb61f060e7dcc1d5a80d806c35cc541,SP,Sudeste,2018-03-01,2018-08-01,4,6,6,0,8,1313.0,328.25,0.6666666666666666,true,0,2,false,2017-01-01,2018-08-31
c794dab4928dd97beb41d05514441e86,SP,Sudeste,2017-12-01,2018-06-01,7,7,9,2,16,1312.4,187.4857142857143,1.0,false,1,2,false,2017-01-01,2018-08-31
f4a04f7be452aa3bb31760bf00055dd0,SP,Sudeste,2017-10-01,2018-08-01,6,11,11,0,18,1312.1,218.6833333333333,0.5454545454545454,true,0,2,false,2017-01-01,2018-08-31
e63e8bfa530fb16910dd6956e592bb81,SP,Sudeste,2017-08-01,2018-08-01,12,13,13,0,42,1311.6999999999998,109.30833333333332,0.9230769230769231,true,0,2,false,2017-01-01,2018-08-31
626ab1cd96932367f0eeec2e47046c12,SP,Sudeste,2018-01-01,2018-07-01,2,7,8,1,3,1310.0,655.0,0.2857142857142857,true,0,2,false,2017-01-01,2018-08-31
7f40d06aa0b5f1aa4f41af8c0480e2ef,SP,Sudeste,2018-08-01,2018-08-01,1,1,1,0,6,1309.94,1309.94,1.0,true,0,2,false,2017-01-01,2018-08-31
9a1aea68d3efa00862ec88c0768037d0,SP,Sudeste,2018-02-01,2018-07-01,3,6,7,1,7,1309.2,436.40000000000003,0.5,true,0,2,false,2017-01-01,2018-08-31
0e982cff76cc0579f632cea8a0e38c9d,SC,Sul,2017-09-01,2018-04-01,5,8,12,4,7,1307.3400000000001,261.468,0.625,false,1,2,false,2017-01-01,2018-08-31
ffff564a4f9085cd26170f4732393726,SP,Sudeste,2017-01-01,2017-04-01,3,4,20,16,18,1305.8000000000002,435.2666666666667,0.75,false,1,2,false,2017-01-01,2018-08-31
a13580f0e8f782b7a543885a0ef99f08,RJ,Sudeste,2017-08-01,2018-05-01,4,10,13,3,10,1304.9,326.225,0.4,false,1,2,false,2017-01-01,2018-08-31
4dbd95a08b31ede5c82d3f861cb1ce1a,PR,Sul,2017-05-01,2017-11-01,4,7,16,9,6,1304.67,326.1675,0.5714285714285714,false,1,2,false,2017-01-01,2018-08-31
83b08de96980757220871b31bf6cffca,RJ,Sudeste,2017-10-01,2018-05-01,4,8,11,3,5,1304.17,326.0425,0.5,false,1,2,false,2017-01-01,2018-08-31
542917da124346b47ea1ac79a93ce454,PR,Sul,2017-03-01,2017-08-01,5,6,18,12,20,1303.8999999999999,260.78,0.8333333333333334,false,1,2,false,2017-01-01,2018-08-31
90d4125885ab6c86e8820a722be71974,SP,Sudeste,2018-04-01,2018-04-01,1,1,5,4,3,1299.5500000000002,1299.5500000000002,1.0,false,1,2,false,2017-01-01,2018-08-31
45a3d05fb00435e52a28859dd03703b3,SP,Sudeste,2017-02-01,2017-02-01,1,1,19,18,1,1299.0,1299.0,1.0,false,1,2,false,2017-01-01,2018-08-31
56e361f411e38dcef17cdc2a3d99628b,SP,Sudeste,2018-07-01,2018-08-01,2,2,2,0,5,1298.0,649.0,1.0,true,0,2,false,2017-01-01,2018-08-31
10ff823eda2b032e2c93d17a7d294736,SP,Sudeste,2017-06-01,2018-04-01,8,11,15,4,9,1294.9699999999998,161.87124999999997,0.7272727272727273,false,1,2,false,2017-01-01,2018-08-31
51ed72984a04e5dd35c2b27e77179038,SP,Sudeste,2017-11-01,2018-04-01,3,6,10,4,7,1294.3000000000002,431.4333333333334,0.5,false,1,2,false,2017-01-01,2018-08-31
f08c008c8a8d31417763738a1788a2a8,PR,Sul,2017-10-01,2018-01-01,4,4,11,7,22,1291.7199999999998,322.92999999999995,1.0,false,1,2,false,2017-01-01,2018-08-31
b9ca8e8baa5d4aa038394a700f63e69f,SP,Sudeste,2018-04-01,2018-08-01,5,5,5,0,14,1289.77,257.954,1.0,true,0,2,false,2017-01-01,2018-08-31
25e47381a6c510ddeb36084e33b89f0c,SP,Sudeste,2017-05-01,2017-06-01,2,2,16,14,16,1289.6,644.8,1.0,false,1,2,false,2017-01-01,2018-08-31
141440cad9341e553f8401c574a2aa38,PR,Sul,2018-05-01,2018-08-01,4,4,4,0,11,1288.2,322.05,1.0,true,0,2,false,2017-01-01,2018-08-31
bc07d855eac23aab5ac8a120f21d16b2,SP,Sudeste,2018-03-01,2018-08-01,5,6,6,0,12,1283.1100000000001,256.622,0.8333333333333334,true,0,2,false,2017-01-01,2018-08-31
e3d3b3efac954a60d61be70b7e05b49b,SP,Sudeste,2018-06-01,2018-06-01,1,1,3,2,3,1282.05,1282.05,1.0,false,1,2,false,2017-01-01,2018-08-31
4eeb99008a0f59d2c7759c59f9a346eb,SP,Sudeste,2018-04-01,2018-06-01,2,3,5,2,2,1282.0,641.0,0.6666666666666666,false,1,2,false,2017-01-01,2018-08-31
269cff2d3c8d205c11f37a52402ea93b,SP,Sudeste,2018-06-01,2018-08-01,3,3,3,0,4,1281.5900000000001,427.1966666666667,1.0,true,0,2,false,2017-01-01,2018-08-31
a478c7961d6a992065b24e63b366f90b,SC,Sul,2017-02-01,2018-02-01,5,13,19,6,8,1281.5,256.3,0.38461538461538464,false,1,2,false,2017-01-01,2018-08-31
5795aebfe331fbcd02a2c4b679fb7952,SC,Sul,2018-02-01,2018-08-01,3,7,7,0,6,1280.0,426.6666666666667,0.42857142857142855,true,0,2,false,2017-01-01,2018-08-31
fec8cd45395b3cb0c2b173d7739706a1,SP,Sudeste,2018-01-01,2018-04-01,3,4,8,4,4,1280.0,426.6666666666667,0.75,false,1,2,false,2017-01-01,2018-08-31
2709af9587499e95e803a6498a5a56e9,SP,Sudeste,2017-02-01,2018-08-01,13,19,19,0,26,1279.56,98.4276923076923,0.6842105263157895,true,0,2,false,2017-01-01,2018-08-31
1dcfa3835714681d4ba4a93bc1e0fd41,SP,Sudeste,2017-07-01,2018-04-01,6,10,14,4,13,1278.5,213.08333333333334,0.6,false,1,2,false,2017-01-01,2018-08-31
bb5d956dece964a06c12bceb66b923ae,RJ,Sudeste,2018-01-01,2018-02-01,2,2,8,6,2,1278.36,639.18,1.0,false,1,2,false,2017-01-01,2018-08-31
128f9bfbe4c7d5185033914b1de3d39a,SP,Sudeste,2017-09-01,2018-06-01,9,10,12,2,14,1277.29,141.92111111111112,0.9,false,1,2,false,2017-01-01,2018-08-31
52f9db5cfb423382a2fa5c9e39303202,SP,Sudeste,2017-11-01,2018-08-01,9,10,10,0,22,1269.7700000000002,141.08555555555557,0.9,true,0,2,false,2017-01-01,2018-08-31
c8c1bea22194a4eefa2dc9a9fa89f536,SC,Sul,2018-06-01,2018-08-01,2,3,3,0,7,1266.0,633.0,0.6666666666666666,true,0,2,false,2017-01-01,2018-08-31
2646baaf662d4d92ac48f047e35db92d,SP,Sudeste,2018-04-01,2018-08-01,5,5,5,0,15,1263.05,252.60999999999999,1.0,true,0,2,false,2017-01-01,2018-08-31
9ed65337433adfbedefd23dd76eaa494,SP,Sudeste,2017-12-01,2018-08-01,5,9,9,0,6,1262.6,252.51999999999998,0.5555555555555556,true,0,2,false,2017-01-01,2018-08-31
da7039f29f90ce5b4846ffc0fcc93beb,SP,Sudeste,2018-04-01,2018-08-01,5,5,5,0,17,1259.1000000000001,251.82000000000002,1.0,true,0,2,false,2017-01-01,2018-08-31
9140bd1d9de28b197dce077bdd687438,SP,Sudeste,2018-05-01,2018-08-01,4,4,4,0,6,1258.87,314.7175,1.0,true,0,2,false,2017-01-01,2018-08-31
8a9260f2b0340411d6d2a56bcf4f7378,MG,Sudeste,2018-02-01,2018-08-01,4,7,7,0,8,1256.0,314.0,0.5714285714285714,true,0,2,false,2017-01-01,2018-08-31
b8578d2d823bd8e251f6fdd02b40902d,SC,Sul,2018-04-01,2018-07-01,4,4,5,1,9,1255.6,313.9,1.0,true,0,2,false,2017-01-01,2018-08-31
4cf490a58259286ada5ba8525ba9e84a,SP,Sudeste,2017-03-01,2017-11-01,5,9,18,9,8,1254.2000000000003,250.84000000000006,0.5555555555555556,false,1,2,false,2017-01-01,2018-08-31
734def04b237117a09321dd6d8f3f2a2,SP,Sudeste,2018-04-01,2018-06-01,2,3,5,2,2,1252.43,626.215,0.6666666666666666,false,1,2,false,2017-01-01,2018-08-31
402916f742e5c740cc751493d9cf5053,MG,Sudeste,2018-08-01,2018-08-01,1,1,1,0,9,1252.0,1252.0,1.0,true,0,2,false,2017-01-01,2018-08-31
b5abf4f36adc043117b4fca82c22984c,DF,Centro-Oeste,2017-04-01,2018-08-01,8,17,17,0,11,1247.8,155.975,0.47058823529411764,true,0,2,false,2017-01-01,2018-08-31
30a81d8cf85fb2ada1b1b094c9583a95,SP,Sudeste,2018-02-01,2018-08-01,5,7,7,0,17,1245.42,249.084,0.7142857142857143,true,0,2,false,2017-01-01,2018-08-31
3fac58ce0ad699020c7944d53c41329c,SP,Sudeste,2018-05-01,2018-08-01,4,4,4,0,10,1244.9500000000003,311.23750000000007,1.0,true,0,2,false,2017-01-01,2018-08-31
671585f5a2af58b6e276bc01003c0d2b,PR,Sul,2018-07-01,2018-08-01,2,2,2,0,27,1244.0,622.0,1.0,true,0,2,false,2017-01-01,2018-08-31
5d76d80a2f5f39c891b996a1bf4c9853,SP,Sudeste,2018-07-01,2018-08-01,2,2,2,0,6,1238.5,619.25,1.0,true,0,2,false,2017-01-01,2018-08-31
67225bff54a172ff67579aaf583efd78,PA,Norte,2017-09-01,2018-02-01,5,6,12,6,8,1238.0,247.6,0.8333333333333334,false,1,2,false,2017-01-01,2018-08-31
002100f778ceb8431b7a1020ff7ab48f,SP,Sudeste,2017-09-01,2018-04-01,8,8,12,4,51,1234.5000000000002,154.31250000000003,1.0,false,1,2,false,2017-01-01,2018-08-31
4fb41dff7c50136976d1a5cf004a42e2,BA,Nordeste,2017-11-01,2018-02-01,3,4,10,6,3,1230.0,410.0,0.75,false,1,2,false,2017-01-01,2018-08-31
7daca0837f033a41a6f3428c18657533,SP,Sudeste,2018-04-01,2018-06-01,3,3,5,2,7,1228.98,409.66,1.0,false,1,2,false,2017-01-01,2018-08-31
0afccdb8a34ee5c79f7c06faf2b4d56e,MG,Sudeste,2017-04-01,2018-04-01,10,13,17,4,25,1225.5,122.55,0.7692307692307693,false,1,2,false,2017-01-01,2018-08-31
2d518637f53161b973e01f56ea4bb88e,SP,Sudeste,2018-04-01,2018-07-01,4,4,5,1,13,1219.89,304.9725,1.0,true,0,2,false,2017-01-01,2018-08-31
9c4d31c7e46ab03a43fc06e3142afd4e,RJ,Sudeste,2018-08-01,2018-08-01,1,1,1,0,2,1218.9,1218.9,1.0,true,0,2,false,2017-01-01,2018-08-31
7a425d299613df3e613bcf9d2eaf5c49,RJ,Sudeste,2017-11-01,2018-08-01,7,10,10,0,18,1218.8,174.1142857142857,0.7,true,0,2,false,2017-01-01,2018-08-31
2cb6eb1b7185064167657fa09f541105,MG,Sudeste,2018-02-01,2018-08-01,5,7,7,0,6,1217.9,243.58,0.7142857142857143,true,0,2,false,2017-01-01,2018-08-31
093805f8f2aeb63881444571e1f48f30,SP,Sudeste,2017-08-01,2018-01-01,6,6,13,7,22,1215.79,202.63166666666666,1.0,false,1,2,false,2017-01-01,2018-08-31
f9d010e39375d9c91dce3f40b73a2f84,SP,Sudeste,2018-02-01,2018-07-01,4,6,7,1,4,1212.0,303.0,0.6666666666666666,true,0,2,false,2017-01-01,2018-08-31
57c764b4a836300be881e2ff86e449f9,SP,Sudeste,2017-02-01,2018-08-01,14,19,19,0,29,1211.0,86.5,0.7368421052631579,true,0,2,false,2017-01-01,2018-08-31
788e857f317e53de488d393e65a80f45,SP,Sudeste,2018-05-01,2018-08-01,3,4,4,0,11,1210.0,403.3333333333333,0.75,true,0,2,false,2017-01-01,2018-08-31
6426d21aca402a131fc0a5d0960a3c90,SP,Sudeste,2017-05-01,2017-10-01,6,6,16,10,23,1209.6399999999999,201.60666666666665,1.0,false,1,2,false,2017-01-01,2018-08-31
01fd077212124329bac32490e8ef80d9,SP,Sudeste,2018-04-01,2018-08-01,5,5,5,0,31,1208.0,241.6,1.0,true,0,2,false,2017-01-01,2018-08-31
b566ab0ef88016e00422755e305103c6,MG,Sudeste,2018-03-01,2018-07-01,4,5,6,1,5,1208.0,302.0,0.8,true,0,2,false,2017-01-01,2018-08-31
7238f877570096ae403c51898fa64566,SP,Sudeste,2018-04-01,2018-05-01,2,2,5,3,3,1200.0,600.0,1.0,false,1,2,false,2017-01-01,2018-08-31
6bef34c5be6f2bbd70aa5165f6df94b1,SC,Sul,2018-07-01,2018-07-01,1,1,2,1,2,1198.0,1198.0,1.0,true,0,2,false,2017-01-01,2018-08-31
11fb6f6d341adbe19e81733701704635,SP,Sudeste,2018-08-01,2018-08-01,1,1,1,0,3,1197.0,1197.0,1.0,true,0,2,false,2017-01-01,2018-08-31
a20d8058c866dbaeca014d2cd20ac62e,SP,Sudeste,2017-12-01,2018-05-01,2,6,9,3,2,1194.0,597.0,0.3333333333333333,false,1,2,false,2017-01-01,2018-08-31
d8c7ba53e7e38711eaef8c2849d6d2e1,PR,Sul,2018-05-01,2018-08-01,4,4,4,0,22,1190.8700000000001,297.71750000000003,1.0,true,0,2,false,2017-01-01,2018-08-31
c0098efcf800861dcae589affca31408,SP,Sudeste,2017-12-01,2018-07-01,5,8,9,1,9,1189.28,237.856,0.625,true,0,2,false,2017-01-01,2018-08-31
1710c3aaa9c6b44ec3883ee0fe300e21,SP,Sudeste,2018-04-01,2018-05-01,2,2,5,3,2,1188.9,594.45,1.0,false,1,2,false,2017-01-01,2018-08-31
e504a4e2efaa45cbff7e268a2c58c956,SP,Sudeste,2018-05-01,2018-08-01,4,4,4,0,11,1188.8,297.2,1.0,true,0,2,false,2017-01-01,2018-08-31
c273175f7c6c80fb02f051e2fc6d0d72,SP,Sudeste,2017-01-01,2017-07-01,4,7,20,13,14,1188.23,297.0575,0.5714285714285714,false,1,2,false,2017-01-01,2018-08-31
439a47cc365d6e3bd526812ea9de3c29,SP,Sudeste,2017-08-01,2018-07-01,6,12,13,1,8,1186.5,197.75,0.5,true,0,2,false,2017-01-01,2018-08-31
a5259c149128e82c9d6d46e0c1c812bb,RO,Norte,2017-07-01,2018-03-01,5,9,14,5,8,1182.26,236.452,0.5555555555555556,false,1,2,false,2017-01-01,2018-08-31
7ff588a03c2aeae4fbd23f9ae64b760d,SP,Sudeste,2018-06-01,2018-08-01,3,3,3,0,14,1182.2,394.06666666666666,1.0,true,0,2,false,2017-01-01,2018-08-31
ec4608a1f76453166bb312b2968aeaf4,SP,Sudeste,2017-02-01,2018-08-01,10,19,19,0,18,1181.75,118.175,0.5263157894736842,true,0,2,false,2017-01-01,2018-08-31
725af026f869236a8dd0ceb98564d156,MG,Sudeste,2017-10-01,2018-08-01,6,11,11,0,7,1177.71,196.285,0.5454545454545454,true,0,2,false,2017-01-01,2018-08-31
327b89b872c14d1c0be7235ef4871685,AM,Norte,2017-02-01,2017-03-01,2,2,19,17,3,1177.0,588.5,1.0,false,1,2,false,2017-01-01,2018-08-31
b1aaae6b66ad3c40f54b389d7ea4bee0,SP,Sudeste,2017-01-01,2017-05-01,5,5,20,15,15,1176.5,235.3,1.0,false,1,2,false,2017-01-01,2018-08-31
dbec9a0a7efeff029d4d9dce7dc4cc95,MG,Sudeste,2018-06-01,2018-08-01,2,3,3,0,3,1170.0,585.0,0.6666666666666666,true,0,2,false,2017-01-01,2018-08-31
f1b854361f4e15d5851b494df66f22b2,RJ,Sudeste,2018-04-01,2018-07-01,2,4,5,1,3,1168.8,584.4,0.5,true,0,2,false,2017-01-01,2018-08-31
8629c241b3622ac12cd4118afdc8d394,SP,Sudeste,2018-03-01,2018-07-01,5,5,6,1,13,1167.6600000000003,233.53200000000007,1.0,true,0,2,false,2017-01-01,2018-08-31
5ee7fd217d08dfe5d3e2f51f96a12c9a,SP,Sudeste,2017-06-01,2018-08-01,7,15,15,0,9,1165.5,166.5,0.4666666666666667,true,0,2,false,2017-01-01,2018-08-31
c8e135e7b21ecbc36c1153a29d2f5a06,SP,Sudeste,2017-02-01,2017-05-01,3,4,19,15,7,1165.5,388.5,0.75,false,1,2,false,2017-01-01,2018-08-31
5f3ae9136c875522250f8184f253413a,SP,Sudeste,2018-01-01,2018-08-01,8,8,8,0,43,1158.0,144.75,1.0,true,0,2,false,2017-01-01,2018-08-31
d1c7fa84e48cfa21a0e595167c1c500e,RS,Sul,2018-03-01,2018-07-01,5,5,6,1,12,1156.03,231.206,1.0,true,0,2,false,2017-01-01,2018-08-31
d1b9d4be4b6f9ebd85f8acd6745ba612,MG,Sudeste,2017-10-01,2018-08-01,8,11,11,0,11,1154.3500000000001,144.29375000000002,0.7272727272727273,true,0,2,false,2017-01-01,2018-08-31
2d378dbb39815785238c0139c7647fb7,SC,Sul,2017-04-01,2017-05-01,2,2,17,15,2,1154.0,577.0,1.0,false,1,2,false,2017-01-01,2018-08-31
c35672b10ad50968f567ea3f4b91e877,RJ,Sudeste,2017-08-01,2018-08-01,9,13,13,0,18,1150.57,127.8411111111111,0.6923076923076923,true,0,2,false,2017-01-01,2018-08-31
5fd924b4836098a5be0ecf81ba054ce0,SP,Sudeste,2017-01-01,2017-03-01,3,3,20,17,7,1148.8,382.93333333333334,1.0,false,1,2,false,2017-01-01,2018-08-31
1d2732ef8321502ee8488e8bed1ab8cd,RJ,Sudeste,2017-04-01,2018-05-01,4,14,17,3,4,1148.0,287.0,0.2857142857142857,false,1,2,false,2017-01-01,2018-08-31
d4910f1cdcfdabd48d6b316e395d4a23,SP,Sudeste,2018-07-01,2018-08-01,2,2,2,0,11,1146.8799999999999,573.4399999999999,1.0,true,0,2,false,2017-01-01,2018-08-31
10089e9f2fd0c668a8fd4e52e1698888,SP,Sudeste,2017-03-01,2017-11-01,2,9,18,9,3,1139.9,569.95,0.2222222222222222,false,1,2,false,2017-01-01,2018-08-31
5f26c1408a65b42a7224cd463bdf3292,PR,Sul,2018-06-01,2018-08-01,3,3,3,0,10,1139.8000000000002,379.9333333333334,1.0,true,0,2,false,2017-01-01,2018-08-31
6562efe88ce0826a4ca4f189f03b4b84,PR,Sul,2017-03-01,2018-01-01,5,11,18,7,9,1135.8999999999999,227.17999999999998,0.45454545454545453,false,1,2,false,2017-01-01,2018-08-31
6b89abe95848c850399130d149a39b63,GO,Centro-Oeste,2018-02-01,2018-04-01,3,3,7,4,8,1135.2,378.40000000000003,1.0,false,1,2,false,2017-01-01,2018-08-31
5b07547f10dd980738a1a27f685af669,SP,Sudeste,2018-08-01,2018-08-01,1,1,1,0,13,1134.6,1134.6,1.0,true,0,2,false,2017-01-01,2018-08-31
75fbb52eda0cbc24f479d3b2fbfa8d3e,GO,Centro-Oeste,2017-01-01,2018-06-01,17,18,20,2,40,1130.9899999999998,66.52882352941175,0.9444444444444444,false,1,2,false,2017-01-01,2018-08-31
9485a23c0430ba1d58d359391606fce6,SP,Sudeste,2017-03-01,2017-12-01,4,10,18,8,5,1129.9,282.475,0.4,false,1,2,false,2017-01-01,2018-08-31
713e3a23ca5e47786eb6f0d99f94cfac,PR,Sul,2018-02-01,2018-06-01,3,5,7,2,4,1126.0,375.3333333333333,0.6,false,1,2,false,2017-01-01,2018-08-31
138dbe45fc62f1e244378131a6801526,SP,Sudeste,2018-05-01,2018-08-01,4,4,4,0,49,1125.56,281.39,1.0,true,0,2,false,2017-01-01,2018-08-31
9bc484c87d79cd4874e05ca182658045,SP,Sudeste,2017-11-01,2018-05-01,5,7,10,3,9,1120.0,224.0,0.7142857142857143,false,1,2,false,2017-01-01,2018-08-31
c878515173c84a492ebe50d6b493230b,PR,Sul,2017-03-01,2017-11-01,5,9,18,9,9,1118.8400000000001,223.76800000000003,0.5555555555555556,false,1,2,false,2017-01-01,2018-08-31
cda598c48d7c614bc1cad7d8ff6f0010,SP,Sudeste,2018-03-01,2018-08-01,6,6,6,0,17,1118.6,186.4333333333333,1.0,true,0,2,false,2017-01-01,2018-08-31
365e445f796710c3431557e85caa25db,SP,Sudeste,2017-02-01,2017-06-01,3,5,19,14,4,1115.0,371.6666666666667,0.6,false,1,2,false,2017-01-01,2018-08-31
1b65c144b17e607c0f37f10bb7dfec8d,SC,Sul,2018-04-01,2018-06-01,3,3,5,2,5,1109.5,369.8333333333333,1.0,false,1,2,false,2017-01-01,2018-08-31
b586cd24c010a13916af621b0325fbba,SC,Sul,2018-06-01,2018-08-01,3,3,3,0,6,1108.94,369.6466666666667,1.0,true,0,2,false,2017-01-01,2018-08-31
6c6cc59a5c00cacc5054ca06d65cc282,RS,Sul,2018-08-01,2018-08-01,1,1,1,0,1,1107.0,1107.0,1.0,true,0,2,false,2017-01-01,2018-08-31
abc015ebac1d283a323ca9db35ede4b9,SP,Sudeste,2017-02-01,2017-12-01,8,11,19,8,12,1106.8,138.35,0.7272727272727273,false,1,2,false,2017-01-01,2018-08-31
a425f92c199eb576938df686728acd20,PR,Sul,2017-10-01,2018-07-01,7,10,11,1,16,1106.3,158.04285714285714,0.7,true,0,2,false,2017-01-01,2018-08-31
457fe919b032a3f7dadba6fb92cf7855,SP,Sudeste,2018-05-01,2018-08-01,3,4,4,0,9,1104.89,368.2966666666667,0.75,true,0,2,false,2017-01-01,2018-08-31
596849622429351f47b32e6cae1055ff,SP,Sudeste,2018-06-01,2018-08-01,3,3,3,0,14,1104.7,368.23333333333335,1.0,true,0,2,false,2017-01-01,2018-08-31
48328ec9a579151d9cc6a86d4a59336c,RS,Sul,2017-09-01,2017-09-01,1,1,12,11,1,1099.0,1099.0,1.0,false,1,2,false,2017-01-01,2018-08-31
c88f62b4c386a59281014d677864d016,PR,Sul,2017-03-01,2017-03-01,1,1,18,17,1,1099.0,1099.0,1.0,false,1,2,false,2017-01-01,2018-08-31
4b39558c138930b9e5489c93b6df5fe3,SE,Nordeste,2017-11-01,2018-01-01,2,3,10,7,4,1096.7,548.35,0.6666666666666666,false,1,2,false,2017-01-01,2018-08-31
b55638ad525e906c698fa2ce742c1742,SC,Sul,2017-11-01,2018-08-01,6,10,10,0,11,1094.8,182.46666666666667,0.6,true,0,2,false,2017-01-01,2018-08-31
119d1aef1b4144adba89163f6cd9f5d4,SP,Sudeste,2017-05-01,2017-11-01,3,7,16,9,4,1094.0,364.6666666666667,0.42857142857142855,false,1,2,false,2017-01-01,2018-08-31
8b655f0855926bcb49f5835d38dfddf6,SP,Sudeste,2018-05-01,2018-08-01,3,4,4,0,5,1089.5,363.1666666666667,0.75,true,0,2,false,2017-01-01,2018-08-31
f205b1a3ca9a34e0f8a228bae6e4c7b3,RS,Sul,2018-07-01,2018-08-01,2,2,2,0,8,1088.0,544.0,1.0,true,0,2,false,2017-01-01,2018-08-31
76ea5315acb3f5f7ade3cd261faf922a,SP,Sudeste,2018-05-01,2018-08-01,4,4,4,0,15,1087.06,271.765,1.0,true,0,2,false,2017-01-01,2018-08-31
fe87f472055fbcf1d7e691c00b1560dc,SP,Sudeste,2018-05-01,2018-08-01,2,4,4,0,6,1085.8,542.9,0.5,true,0,2,false,2017-01-01,2018-08-31
e48cc16ab70bfa09e1401740dce0b3d7,SP,Sudeste,2017-05-01,2018-06-01,10,14,16,2,14,1084.8300000000002,108.48300000000002,0.7142857142857143,false,1,2,false,2017-01-01,2018-08-31
39f776d2974049026ff531fc42ef2a3e,GO,Centro-Oeste,2018-01-01,2018-04-01,2,4,8,4,3,1084.04,542.02,0.5,false,1,2,false,2017-01-01,2018-08-31
71dc18fd8cbf5fd77f45dd8b427abb34,PR,Sul,2017-02-01,2017-12-01,3,11,19,8,4,1080.0,360.0,0.2727272727272727,false,1,2,false,2017-01-01,2018-08-31
4091f77d8c768fc3e81c20761471761d,SP,Sudeste,2018-01-01,2018-08-01,4,8,8,0,8,1079.0,269.75,0.5,true,0,2,false,2017-01-01,2018-08-31
4736e9d642ef4257cd7622516931eb51,SP,Sudeste,2017-11-01,2018-08-01,7,10,10,0,16,1078.87,154.1242857142857,0.7,true,0,2,false,2017-01-01,2018-08-31
03a2a6dcbe45d639c4dc2a0d24769c40,SP,Sudeste,2018-03-01,2018-08-01,4,6,6,0,9,1078.41,269.6025,0.6666666666666666,true,0,2,false,2017-01-01,2018-08-31
a066df7361163e7ddc5d7452dd17448b,SP,Sudeste,2017-12-01,2018-05-01,6,6,9,3,15,1078.3,179.71666666666667,1.0,false,1,2,false,2017-01-01,2018-08-31
278b6e0b20c4f61fefaa0577943d7a35,SC,Sul,2018-05-01,2018-05-01,1,1,4,3,1,1078.0,1078.0,1.0,false,1,2,false,2017-01-01,2018-08-31
577719699805dd125d5b6fdde5943bba,RS,Sul,2018-04-01,2018-08-01,5,5,5,0,8,1077.8000000000002,215.56000000000003,1.0,true,0,2,false,2017-01-01,2018-08-31
167fd940acebc789debd6eb418c46e38,SP,Sudeste,2017-11-01,2018-06-01,5,8,10,2,5,1077.58,215.516,0.625,false,1,2,false,2017-01-01,2018-08-31
3d4b1ae7539303b5704493798893e82c,SP,Sudeste,2017-12-01,2018-02-01,2,3,9,6,6,1076.0,538.0,0.6666666666666666,false,1,2,false,2017-01-01,2018-08-31
334cab711dee080b079fa5779b584783,SP,Sudeste,2018-04-01,2018-08-01,5,5,5,0,11,1069.6999999999998,213.93999999999997,1.0,true,0,2,false,2017-01-01,2018-08-31
b18871c324516afa228a13e8f1ef0ae9,SP,Sudeste,2018-02-01,2018-06-01,5,5,7,2,9,1064.6,212.92,1.0,false,1,2,false,2017-01-01,2018-08-31
eb72802c83dc7547529c9546d1a9b8ef,SP,Sudeste,2018-05-01,2018-07-01,3,3,4,1,8,1063.92,354.64000000000004,1.0,true,0,2,false,2017-01-01,2018-08-31
8fbd63429be6d3e5e6d1a709b6464802,SP,Sudeste,2018-04-01,2018-06-01,3,3,5,2,6,1061.4,353.8,1.0,false,1,2,false,2017-01-01,2018-08-31
b2eecf5ea250510da76590ca79d60e5d,SP,Sudeste,2017-03-01,2017-11-01,7,9,18,9,9,1060.0,151.42857142857142,0.7777777777777778,false,1,2,false,2017-01-01,2018-08-31
f5fea3ffed6c2e889bab72705557c63a,RJ,Sudeste,2017-02-01,2017-04-01,2,3,19,16,3,1059.9,529.95,0.6666666666666666,false,1,2,false,2017-01-01,2018-08-31
1464afc72f696af775557a821c2e253f,RJ,Sudeste,2017-04-01,2018-08-01,14,17,17,0,29,1059.36,75.66857142857143,0.8235294117647058,true,0,2,false,2017-01-01,2018-08-31
de9727ca376d1be6ec121b110aa7954c,PR,Sul,2018-05-01,2018-08-01,4,4,4,0,10,1058.7,264.675,1.0,true,0,2,false,2017-01-01,2018-08-31
226b05fe067266c59c15dae208213d06,PR,Sul,2018-03-01,2018-04-01,2,2,6,4,10,1056.8999999999999,528.4499999999999,1.0,false,1,2,false,2017-01-01,2018-08-31
55dedd83e501d8248880557d9073cbfd,RJ,Sudeste,2018-08-01,2018-08-01,1,1,1,0,8,1055.3,1055.3,1.0,true,0,2,false,2017-01-01,2018-08-31
04fdea0c111866e6cf812f1570d6b5bd,SP,Sudeste,2017-10-01,2018-01-01,4,4,11,7,10,1055.0,263.75,1.0,false,1,2,false,2017-01-01,2018-08-31
9d7a1d34a5052409006425275ba1c2b4,SP,Sudeste,2017-07-01,2018-08-01,6,14,14,0,13,1054.8200000000002,175.80333333333337,0.42857142857142855,true,0,2,false,2017-01-01,2018-08-31
fcf16b7a8697e559f0123190bb30177d,SP,Sudeste,2018-02-01,2018-08-01,3,7,7,0,3,1052.8000000000002,350.9333333333334,0.42857142857142855,true,0,2,false,2017-01-01,2018-08-31
4324dd16853115efb0fd9d0d131ba6f4,SP,Sudeste,2017-05-01,2018-03-01,6,11,16,5,12,1052.25,175.375,0.5454545454545454,false,1,2,false,2017-01-01,2018-08-31
bb135baca94c82fcb731335ad5b04a03,SP,Sudeste,2017-01-01,2018-08-01,12,20,20,0,18,1049.8000000000002,87.48333333333335,0.6,true,0,2,false,2017-01-01,2018-08-31
b7d5b4b87af9d42b601865d3f3810bff,SC,Sul,2017-05-01,2017-11-01,2,7,16,9,2,1049.0,524.5,0.2857142857142857,false,1,2,false,2017-01-01,2018-08-31
49067458c68f7701fd334ce326accbe0,MG,Sudeste,2017-09-01,2018-08-01,8,12,12,0,17,1047.6499999999999,130.95624999999998,0.6666666666666666,true,0,2,false,2017-01-01,2018-08-31
1cbd32d00d01bb8087a5eb088612fd9c,SP,Sudeste,2018-05-01,2018-08-01,4,4,4,0,11,1045.47,261.3675,1.0,true,0,2,false,2017-01-01,2018-08-31
c03121937e54a93fcc1825c3098bbb6e,PR,Sul,2017-03-01,2018-05-01,6,15,18,3,7,1043.0,173.83333333333334,0.4,false,1,2,false,2017-01-01,2018-08-31
89f69225956f951295ca4c7fb1266553,RJ,Sudeste,2018-05-01,2018-08-01,4,4,4,0,11,1041.3,260.325,1.0,true,0,2,false,2017-01-01,2018-08-31
3d4824f20035949c710eaf111f869d39,SP,Sudeste,2018-06-01,2018-08-01,3,3,3,0,9,1041.0400000000002,347.0133333333334,1.0,true,0,2,false,2017-01-01,2018-08-31
1bc2e21de46adfea6b98cc96b00f3b40,SC,Sul,2017-02-01,2017-05-01,3,4,19,15,3,1039.95,346.65000000000003,0.75,false,1,2,false,2017-01-01,2018-08-31
7c5b05cbdb5542049f38d90d7815b97d,SP,Sudeste,2018-04-01,2018-07-01,4,4,5,1,22,1038.96,259.74,1.0,true,0,2,false,2017-01-01,2018-08-31
7df1fc11cc5cbc518b39faa60cf5d67c,MS,Centro-Oeste,2018-04-01,2018-07-01,4,4,5,1,5,1037.6000000000001,259.40000000000003,1.0,true,0,2,false,2017-01-01,2018-08-31
633ecdf879b94b5337cca303328e4a25,SP,Sudeste,2017-09-01,2017-09-01,1,1,12,11,6,1037.6,1037.6,1.0,false,1,2,false,2017-01-01,2018-08-31
c54679b132454625907c773d273d4126,SP,Sudeste,2018-03-01,2018-07-01,5,5,6,1,7,1032.0,206.4,1.0,true,0,2,false,2017-01-01,2018-08-31
8c5e007d7bd5693fa1386ffefbc99f6c,SP,Sudeste,2018-06-01,2018-08-01,3,3,3,0,9,1029.1099999999997,343.0366666666666,1.0,true,0,2,false,2017-01-01,2018-08-31
8f2b51a30523cdecddc2f179f351c7d6,SP,Sudeste,2017-04-01,2017-07-01,4,4,17,13,7,1027.9,256.975,1.0,false,1,2,false,2017-01-01,2018-08-31
76c47a299e4a8fe992316a85865acbe9,SP,Sudeste,2017-06-01,2018-06-01,4,13,15,2,6,1024.46,256.115,0.3076923076923077,false,1,2,false,2017-01-01,2018-08-31
e58a5b390e28abc0b216cfb0e07d27d7,RJ,Sudeste,2018-04-01,2018-08-01,3,5,5,0,7,1022.6,340.8666666666667,0.6,true,0,2,false,2017-01-01,2018-08-31
7994081388d55b9cf976c050653dd359,SP,Sudeste,2017-02-01,2017-11-01,2,10,19,9,2,1020.0,510.0,0.2,false,1,2,false,2017-01-01,2018-08-31
26785a546900236d66f2e4197c211158,SP,Sudeste,2017-11-01,2018-07-01,5,9,10,1,15,1019.2,203.84,0.5555555555555556,true,0,2,false,2017-01-01,2018-08-31
7aa538dd6e114e503a2e6154ea352253,SP,Sudeste,2018-04-01,2018-08-01,3,5,5,0,5,1016.6800000000001,338.8933333333334,0.6,true,0,2,false,2017-01-01,2018-08-31
a13aaf2d2886ab9fb30fb9a920160b8f,SC,Sul,2018-07-01,2018-08-01,2,2,2,0,4,1011.52,505.76,1.0,true,0,2,false,2017-01-01,2018-08-31
28872dc528e978a639754bc8c2ce5a4c,RS,Sul,2018-06-01,2018-06-01,1,1,3,2,1,1009.9,1009.9,1.0,false,1,2,false,2017-01-01,2018-08-31
5011f0d93373a4c5753adf58ca77af8d,SP,Sudeste,2017-08-01,2018-05-01,5,10,13,3,12,1009.4200000000001,201.88400000000001,0.5,false,1,2,false,2017-01-01,2018-08-31
5b664594895aefb418afaee6d40a9a23,RJ,Sudeste,2017-01-01,2018-08-01,11,20,20,0,16,1008.8,91.7090909090909,0.55,true,0,2,false,2017-01-01,2018-08-31
00720abe85ba0859807595bbf045a33b,SP,Sudeste,2018-01-01,2018-08-01,8,8,8,0,13,1007.5,125.9375,1.0,true,0,2,false,2017-01-01,2018-08-31
b45d7ebfb7378630f1bcd74b6ff86ff7,MG,Sudeste,2017-09-01,2018-02-01,3,6,12,6,5,1007.4999999999999,335.8333333333333,0.5,false,1,2,false,2017-01-01,2018-08-31
fb3cfbc8a86f5d7fbb4d36b8df63f60d,RJ,Sudeste,2018-06-01,2018-08-01,2,3,3,0,10,1007.3,503.65,0.6666666666666666,true,0,2,false,2017-01-01,2018-08-31
bc47d5d1490df2b36add65d733eafaba,SP,Sudeste,2018-01-01,2018-08-01,8,8,8,0,24,1004.8,125.6,1.0,true,0,2,false,2017-01-01,2018-08-31
980640c45d7a4635885491d077167e4d,SP,Sudeste,2018-07-01,2018-08-01,2,2,2,0,14,1004.29,502.145,1.0,true,0,2,false,2017-01-01,2018-08-31
ef9952469137ff190bacafe117f51537,MG,Sudeste,2017-03-01,2017-05-01,3,3,18,15,5,1002.6600000000001,334.22,1.0,false,1,2,false,2017-01-01,2018-08-31
2379bdc3888025689a9deb7b141507d5,SP,Sudeste,2018-01-01,2018-08-01,6,8,8,0,9,999.5,166.58333333333334,0.75,true,0,2,false,2017-01-01,2018-08-31
41c9d3997dd3c072c31139dc5bb5761f,MG,Sudeste,2017-01-01,2017-03-01,3,3,20,17,3,998.8,332.93333333333334,1.0,false,1,2,false,2017-01-01,2018-08-31
cb4a705d00e100b9732d0ca34817d441,SC,Sul,2017-11-01,2017-11-01,1,1,10,9,1,998.0,998.0,1.0,false,1,2,false,2017-01-01,2018-08-31
dff87e4de60c9736ce8df835951b09bc,SP,Sudeste,2017-11-01,2017-11-01,1,1,10,9,2,998.0,998.0,1.0,false,1,2,false,2017-01-01,2018-08-31
b5e3e38609125694d2ea2417522a60b7,SC,Sul,2017-04-01,2017-09-01,6,6,17,11,16,995.04,165.84,1.0,false,1,2,false,2017-01-01,2018-08-31
8a43128d7f9a3db592b866e6861a6cce,SP,Sudeste,2018-06-01,2018-08-01,2,3,3,0,3,990.5999999999999,495.29999999999995,0.6666666666666666,true,0,2,false,2017-01-01,2018-08-31
7ecef8194babfec876ca720714327841,SP,Sudeste,2017-10-01,2018-07-01,5,10,11,1,7,990.5,198.1,0.5,true,0,2,false,2017-01-01,2018-08-31
d1582f4043306e6b91afa6a8a884f898,SP,Sudeste,2017-11-01,2018-02-01,4,4,10,6,9,990.0,247.5,1.0,false,1,2,false,2017-01-01,2018-08-31
6025c79c035c3d772133b8b8238463b2,PR,Sul,2018-07-01,2018-08-01,2,2,2,0,2,989.74,494.87,1.0,true,0,2,false,2017-01-01,2018-08-31
edd066cd02126d7800f9b66e980e9931,DF,Centro-Oeste,2017-06-01,2018-06-01,5,13,15,2,6,987.6999999999999,197.54,0.38461538461538464,false,1,2,false,2017-01-01,2018-08-31
e84ad2127668df3aafc6b73531a0beb8,SP,Sudeste,2017-12-01,2018-08-01,7,9,9,0,19,987.0,141.0,0.7777777777777778,true,0,2,false,2017-01-01,2018-08-31
77dcbb67ccb3659bd58eaf5661560a30,RS,Sul,2017-02-01,2017-02-01,1,1,19,18,2,984.0,984.0,1.0,false,1,2,false,2017-01-01,2018-08-31
7a9c12e235c36247c3c81f50d6ea9cea,SP,Sudeste,2017-03-01,2017-05-01,3,3,18,15,5,983.9000000000001,327.9666666666667,1.0,false,1,2,false,2017-01-01,2018-08-31
325f3178fb58e2a9778334621eecdbf9,SP,Sudeste,2017-03-01,2018-01-01,11,11,18,7,36,981.7000000000002,89.24545454545456,1.0,false,1,2,false,2017-01-01,2018-08-31
83645b1645cdee8953ee54c29ceed564,PR,Sul,2017-03-01,2018-08-01,8,18,18,0,14,978.8999999999999,122.36249999999998,0.4444444444444444,true,0,2,false,2017-01-01,2018-08-31
e0eabded302882513ced4ea3eb0c7059,SP,Sudeste,2018-04-01,2018-06-01,3,3,5,2,8,978.4,326.1333333333333,1.0,false,1,2,false,2017-01-01,2018-08-31
a99504ac23ed125aaf5302af6cc30af9,SP,Sudeste,2017-10-01,2017-10-01,1,1,11,10,1,978.0,978.0,1.0,false,1,2,false,2017-01-01,2018-08-31
8e670472e453ba34a379331513d6aab1,MG,Sudeste,2017-09-01,2017-09-01,1,1,12,11,1,975.0,975.0,1.0,false,1,2,false,2017-01-01,2018-08-31
3f2af2670e104d1bcb54022274daeac5,PR,Sul,2017-09-01,2018-05-01,4,9,12,3,6,973.5999999999999,243.39999999999998,0.4444444444444444,false,1,2,false,2017-01-01,2018-08-31
c1ed9e3daf6154542826a6996af0fb8c,SC,Sul,2017-08-01,2018-03-01,7,8,13,5,9,971.25,138.75,0.875,false,1,2,false,2017-01-01,2018-08-31
ef2fbc2b607d8492bcffe657a4645434,RJ,Sudeste,2018-07-01,2018-08-01,2,2,2,0,20,970.7999999999998,485.3999999999999,1.0,true,0,2,false,2017-01-01,2018-08-31
528bcf6680c36dddf07620bd35b33a6f,SP,Sudeste,2017-06-01,2017-10-01,2,5,15,10,2,969.98,484.99,0.4,false,1,2,false,2017-01-01,2018-08-31
3c3017960b2dbd72711a61f0400aab8f,SC,Sul,2017-01-01,2017-04-01,4,4,20,16,10,968.8000000000001,242.20000000000002,1.0,false,1,2,false,2017-01-01,2018-08-31
9261d76c62caaf0b24677c2ceb7f8f20,SC,Sul,2018-07-01,2018-08-01,2,2,2,0,6,968.6999999999999,484.34999999999997,1.0,true,0,2,false,2017-01-01,2018-08-31
9e9b539eb2806acee3f5c28085c1db9f,MG,Sudeste,2017-11-01,2017-12-01,2,2,10,8,3,967.0,483.5,1.0,false,1,2,false,2017-01-01,2018-08-31
b19c48688808720822399ffa9f2dbe2f,SP,Sudeste,2018-08-01,2018-08-01,1,1,1,0,1,959.99,959.99,1.0,true,0,2,false,2017-01-01,2018-08-31
05730013efda596306417c3b09302475,SC,Sul,2018-07-01,2018-08-01,2,2,2,0,4,952.0,476.0,1.0,true,0,2,false,2017-01-01,2018-08-31
05a940b4ecae36cadfd8e93bd9c43257,GO,Centro-Oeste,2017-07-01,2018-02-01,6,8,14,6,10,951.9999999999998,158.66666666666663,0.75,false,1,2,false,2017-01-01,2018-08-31
f0e103c63864d5405b958d984b6e94c9,SP,Sudeste,2017-04-01,2017-08-01,4,5,17,12,11,951.7,237.925,0.8,false,1,2,false,2017-01-01,2018-08-31
5b2e94f2c22b39ccc24d34ad0f669672,SP,Sudeste,2018-05-01,2018-08-01,4,4,4,0,10,949.78,237.445,1.0,true,0,2,false,2017-01-01,2018-08-31
07017df32dc5f2f1d2801e579548d620,PB,Nordeste,2017-03-01,2018-07-01,3,17,18,1,8,946.49,315.49666666666667,0.17647058823529413,true,0,2,false,2017-01-01,2018-08-31
4f1f1c8666cdb6442f775c4e8caed465,MG,Sudeste,2018-07-01,2018-08-01,2,2,2,0,2,944.98,472.49,1.0,true,0,2,false,2017-01-01,2018-08-31
4e06067cc08b3f41d837768d392c3ee3,MG,Sudeste,2017-07-01,2018-08-01,10,14,14,0,31,941.72,94.172,0.7142857142857143,true,0,2,false,2017-01-01,2018-08-31
69b5eaa096c3f9d1e5c398c597f567d6,SP,Sudeste,2018-08-01,2018-08-01,1,1,1,0,2,938.0,938.0,1.0,true,0,2,false,2017-01-01,2018-08-31
79a679c36c08d606b3fd47ead9de109b,SP,Sudeste,2018-03-01,2018-05-01,3,3,6,3,3,935.0,311.6666666666667,1.0,false,1,2,false,2017-01-01,2018-08-31
db46ca7bce82b11f7e247539271fc390,RJ,Sudeste,2017-03-01,2017-07-01,5,5,18,13,16,933.97,186.794,1.0,false,1,2,false,2017-01-01,2018-08-31
3d621842b2ed28e2b474132480edac3c,SP,Sudeste,2017-05-01,2017-11-01,4,7,16,9,10,928.9100000000001,232.22750000000002,0.5714285714285714,false,1,2,false,2017-01-01,2018-08-31
4ebdc7e6cd6102a022dadc49156d4ea8,SP,Sudeste,2017-02-01,2018-07-01,18,18,19,1,29,928.7,51.59444444444445,1.0,true,0,2,false,2017-01-01,2018-08-31
c8025364abeecb115431bf95c11a747f,RS,Sul,2018-05-01,2018-08-01,2,4,4,0,2,928.0,464.0,0.5,true,0,2,false,2017-01-01,2018-08-31
bfd938b22bc99bce1ae60dc602889f52,RJ,Sudeste,2017-01-01,2017-04-01,3,4,20,16,6,922.8,307.59999999999997,0.75,false,1,2,false,2017-01-01,2018-08-31
343e716476e3748b069f980efbaa294e,SP,Sudeste,2017-04-01,2018-08-01,12,17,17,0,17,922.5999999999999,76.88333333333333,0.7058823529411765,true,0,2,false,2017-01-01,2018-08-31
2d42ebcda99fd55f6f4bc2f1ca035d50,GO,Centro-Oeste,2018-06-01,2018-08-01,3,3,3,0,10,921.5,307.1666666666667,1.0,true,0,2,false,2017-01-01,2018-08-31
670a9dda115b5a88b18cfadee8de2332,SP,Sudeste,2017-08-01,2018-08-01,6,13,13,0,11,918.9000000000001,153.15,0.46153846153846156,true,0,2,false,2017-01-01,2018-08-31
7d7d2b7a51328016102d4528c411d630,SP,Sudeste,2018-04-01,2018-08-01,3,5,5,0,7,918.8,306.26666666666665,0.6,true,0,2,false,2017-01-01,2018-08-31
1caf283236cd69af44cbc09a0a1e7d32,RJ,Sudeste,2017-04-01,2018-07-01,14,16,17,1,33,917.6,65.54285714285714,0.875,true,0,2,false,2017-01-01,2018-08-31
dc7192adf8ba09569261f4a8d576afe0,SP,Sudeste,2018-07-01,2018-08-01,2,2,2,0,7,917.0,458.5,1.0,true,0,2,false,2017-01-01,2018-08-31
e9729944ba65dc3ce425e0c5a22ae7b2,RJ,Sudeste,2018-05-01,2018-06-01,2,2,4,2,4,916.7,458.35,1.0,false,1,2,false,2017-01-01,2018-08-31
08d2d642cf72b622b14dde1d2f5eb2f5,SP,Sudeste,2017-02-01,2017-12-01,8,11,19,8,17,914.0,114.25,0.7272727272727273,false,1,2,false,2017-01-01,2018-08-31
32e5635e63cb374eb63afdd242fb6134,RJ,Sudeste,2017-08-01,2017-08-01,1,1,13,12,1,910.0,910.0,1.0,false,1,2,false,2017-01-01,2018-08-31
70849ca4f400aaabb62cb7462a6f1428,MG,Sudeste,2017-12-01,2018-08-01,7,9,9,0,12,909.5799999999999,129.94,0.7777777777777778,true,0,2,false,2017-01-01,2018-08-31
3f9c56764fabca627406093dcb3ef0b4,RJ,Sudeste,2018-01-01,2018-04-01,3,4,8,4,7,909.3,303.09999999999997,0.75,false,1,2,false,2017-01-01,2018-08-31
973f21788dfab357250f69a8dcb7ddee,MG,Sudeste,2017-01-01,2018-06-01,8,18,20,2,10,909.0,113.625,0.4444444444444444,false,1,2,false,2017-01-01,2018-08-31
e5cbe890e679490127e9a390b46bbd20,SP,Sudeste,2018-06-01,2018-08-01,2,3,3,0,2,908.99,454.495,0.6666666666666666,true,0,2,false,2017-01-01,2018-08-31
9198786624eaeb375793215cad26cfa6,SC,Sul,2017-02-01,2018-04-01,4,15,19,4,9,908.3,227.075,0.26666666666666666,false,1,2,false,2017-01-01,2018-08-31
4a1f694197d05fe70026b016a7316b41,SP,Sudeste,2018-02-01,2018-08-01,5,7,7,0,14,907.77,181.554,0.7142857142857143,true,0,2,false,2017-01-01,2018-08-31
e250d617a0ad591ba9bd663e584a895d,SP,Sudeste,2018-02-01,2018-08-01,5,7,7,0,8,904.12,180.824,0.7142857142857143,true,0,2,false,2017-01-01,2018-08-31
ae45df84722b1d15c5f32b23a095746c,SP,Sudeste,2018-02-01,2018-08-01,4,7,7,0,9,901.83,225.4575,0.5714285714285714,true,0,2,false,2017-01-01,2018-08-31
e1c76f339ebd5460999f25a2aa8c92c5,SP,Sudeste,2018-05-01,2018-05-01,1,1,4,3,1,899.9,899.9,1.0,false,1,2,false,2017-01-01,2018-08-31
7dc9a3355bae96dd82008b313d3a456c,MG,Sudeste,2018-06-01,2018-06-01,1,1,3,2,1,899.0,899.0,1.0,false,1,2,false,2017-01-01,2018-08-31
e51f22821f0c12a16ad5c020cdcd55e9,SP,Sudeste,2018-05-01,2018-08-01,3,4,4,0,4,898.71,299.57,0.75,true,0,2,false,2017-01-01,2018-08-31
1961c3e1272bfeceb05d0b78b5bbfdaf,SP,Sudeste,2018-07-01,2018-08-01,2,2,2,0,3,896.0,448.0,1.0,true,0,2,false,2017-01-01,2018-08-31
4ef4c39cf3c24f326434cf0b2e48046a,SP,Sudeste,2018-01-01,2018-08-01,6,8,8,0,8,891.0,148.5,0.75,true,0,2,false,2017-01-01,2018-08-31
f8201cab383e484733266d1906e2fdfa,SC,Sul,2017-06-01,2018-08-01,7,15,15,0,10,889.0,127.0,0.4666666666666667,true,0,2,false,2017-01-01,2018-08-31
160e4f13fd3a64b1b86807be88b5ffb0,PR,Sul,2017-11-01,2018-02-01,3,4,10,6,4,886.0,295.3333333333333,0.75,false,1,2,false,2017-01-01,2018-08-31
e1dc0754bada9ee4cfe9713f22f61292,RJ,Sudeste,2018-06-01,2018-08-01,3,3,3,0,12,885.0,295.0,1.0,true,0,2,false,2017-01-01,2018-08-31
ffad1e7127fb622cb64a900751590acd,SP,Sudeste,2018-03-01,2018-07-01,5,5,6,1,10,884.3,176.85999999999999,1.0,true,0,2,false,2017-01-01,2018-08-31
6b9b80d53ba3676eafe60268a810b5a1,SP,Sudeste,2017-02-01,2017-08-01,6,7,19,12,10,882.7,147.11666666666667,0.8571428571428571,false,1,2,false,2017-01-01,2018-08-31
8fdca8e349553f99bc738833a62c8802,SP,Sudeste,2017-02-01,2017-08-01,7,7,19,12,21,881.35,125.90714285714286,1.0,false,1,2,false,2017-01-01,2018-08-31
48985c61529077fa4f1e38bcff0f2ed3,RS,Sul,2017-01-01,2017-08-01,6,8,20,12,7,879.3,146.54999999999998,0.75,false,1,2,false,2017-01-01,2018-08-31
e644cbadf7eeb30d0d29f335ce7d52ec,SP,Sudeste,2018-07-01,2018-08-01,2,2,2,0,8,878.8999999999999,439.44999999999993,1.0,true,0,2,false,2017-01-01,2018-08-31
134a288e7de827ec5ec62e3ec9c3a295,SP,Sudeste,2017-05-01,2017-09-01,4,5,16,11,9,877.45,219.3625,0.8,false,1,2,false,2017-01-01,2018-08-31
68f86ba270525243e68ae74044f992b9,RJ,Sudeste,2017-08-01,2018-08-01,9,13,13,0,11,876.5,97.38888888888889,0.6923076923076923,true,0,2,false,2017-01-01,2018-08-31
1f867308a0ce13133a4e639ff4de0c02,PR,Sul,2017-09-01,2018-06-01,5,10,12,2,7,875.1,175.02,0.5,false,1,2,false,2017-01-01,2018-08-31
cac63f48c38cd7d002a7e846dcd99a23,SP,Sudeste,2017-11-01,2018-08-01,8,10,10,0,10,874.0000000000001,109.25000000000001,0.8,true,0,2,false,2017-01-01,2018-08-31
efff9341f3f8f5237b44ff67ed36a7bf,ES,Sudeste,2018-05-01,2018-08-01,2,4,4,0,5,872.99,436.495,0.5,true,0,2,false,2017-01-01,2018-08-31
9c690ceacd5c66731bf443ea810195cb,MG,Sudeste,2017-08-01,2018-08-01,7,13,13,0,10,871.8,124.54285714285713,0.5384615384615384,true,0,2,false,2017-01-01,2018-08-31
bf00385a5f7fc1ef39a13c2e9ee50a5f,SP,Sudeste,2018-07-01,2018-08-01,2,2,2,0,29,870.2999999999998,435.1499999999999,1.0,true,0,2,false,2017-01-01,2018-08-31
eddd1991bd6d9309995a480c39b95137,PR,Sul,2017-10-01,2017-11-01,2,2,11,9,3,866.0,433.0,1.0,false,1,2,false,2017-01-01,2018-08-31
557f22c76691849db52d2abccf0015d0,GO,Centro-Oeste,2017-05-01,2017-09-01,4,5,16,11,13,865.8599999999999,216.46499999999997,0.8,false,1,2,false,2017-01-01,2018-08-31
400f221ab83037c0ea78f1267da9624d,SP,Sudeste,2017-10-01,2017-10-01,1,1,11,10,1,865.0,865.0,1.0,false,1,2,false,2017-01-01,2018-08-31
ab3e0c171fe84a7ba7de130f19cfb485,PR,Sul,2017-04-01,2018-04-01,5,13,17,4,7,863.4200000000001,172.68400000000003,0.38461538461538464,false,1,2,false,2017-01-01,2018-08-31
a67780aba9dd436e7ac0aa1f889e73ec,SP,Sudeste,2017-11-01,2018-08-01,5,10,10,0,6,863.0,172.6,0.5,true,0,2,false,2017-01-01,2018-08-31
41da412d33e8da4f22baf55cb1bde82c,ES,Sudeste,2018-01-01,2018-06-01,6,6,8,2,15,862.9000000000001,143.8166666666667,1.0,false,1,2,false,2017-01-01,2018-08-31
20cb7c2fde3e5bf10f0bbe7394e1c6a9,PR,Sul,2017-03-01,2018-08-01,14,18,18,0,32,861.8999999999999,61.5642857142857,0.7777777777777778,true,0,2,false,2017-01-01,2018-08-31
6a8a889bde935bafa76d7848782dfaf9,SP,Sudeste,2018-03-01,2018-06-01,4,4,6,2,26,860.8200000000002,215.20500000000004,1.0,false,1,2,false,2017-01-01,2018-08-31
c4fabeea6e569d42d02993bb1f4f1cbc,CE,Nordeste,2018-01-01,2018-08-01,7,8,8,0,11,859.3000000000001,122.75714285714287,0.875,true,0,2,false,2017-01-01,2018-08-31
2c43fb513632d29b3b58df74816f1b06,MG,Sudeste,2018-06-01,2018-07-01,2,2,3,1,3,858.0,429.0,1.0,true,0,2,false,2017-01-01,2018-08-31
e8dba4d70f7f2b20e775d09cae01142d,SP,Sudeste,2018-05-01,2018-08-01,4,4,4,0,9,855.9100000000001,213.97750000000002,1.0,true,0,2,false,2017-01-01,2018-08-31
d101c6da914ae3d53f7bee42283f2fe2,SP,Sudeste,2017-05-01,2017-05-01,1,1,16,15,9,851.0999999999999,851.0999999999999,1.0,false,1,2,false,2017-01-01,2018-08-31
0aa124728afc1131dff5655f4c6f487b,MG,Sudeste,2018-07-01,2018-08-01,2,2,2,0,2,850.92,425.46,1.0,true,0,2,false,2017-01-01,2018-08-31
f783a638e9c6af4a7d0dbfde811e7a81,SP,Sudeste,2018-02-01,2018-04-01,3,3,7,4,5,849.8,283.26666666666665,1.0,false,1,2,false,2017-01-01,2018-08-31
1099a00e0ee3a50935e6c2447ca090c5,RJ,Sudeste,2017-11-01,2018-01-01,3,3,10,7,3,849.6999999999999,283.2333333333333,1.0,false,1,2,false,2017-01-01,2018-08-31
010da0602d7774602cd1b3f5fb7b709e,SP,Sudeste,2018-06-01,2018-06-01,1,1,3,2,1,849.5,849.5,1.0,false,1,2,false,2017-01-01,2018-08-31
4221a7df464f1fe2955934e30ff3a5a1,BA,Nordeste,2018-06-01,2018-08-01,3,3,3,0,5,849.5,283.1666666666667,1.0,true,0,2,false,2017-01-01,2018-08-31
a0d7fbb07bb5ebc3b05980e750db56f3,SP,Sudeste,2018-05-01,2018-08-01,2,4,4,0,3,848.99,424.495,0.5,true,0,2,false,2017-01-01,2018-08-31
3dbbce181edfaa4a597ec858c382d2ec,PR,Sul,2017-04-01,2017-12-01,7,9,17,8,17,848.3,121.18571428571428,0.7777777777777778,false,1,2,false,2017-01-01,2018-08-31
fe1b067411b8c5066e962aa146ccee03,SP,Sudeste,2018-07-01,2018-08-01,2,2,2,0,8,847.78,423.89,1.0,true,0,2,false,2017-01-01,2018-08-31
113e3a788b935f48aad63e1c41dac1bd,SP,Sudeste,2017-07-01,2018-08-01,11,14,14,0,39,847.35,77.03181818181818,0.7857142857142857,true,0,2,false,2017-01-01,2018-08-31
2dd1fb6f0e42a2243b8a01e40cd41216,PR,Sul,2017-02-01,2017-04-01,2,3,19,16,4,845.89,422.945,0.6666666666666666,false,1,2,false,2017-01-01,2018-08-31
2b03ac196f5ed62ac483960fe0fa3b65,SP,Sudeste,2017-11-01,2018-05-01,4,7,10,3,7,843.1,210.775,0.5714285714285714,false,1,2,false,2017-01-01,2018-08-31
ddd51ae8cda92f3995a51fc0f0f3eec7,RJ,Sudeste,2017-01-01,2018-01-01,5,13,20,7,8,842.6999999999998,168.53999999999996,0.38461538461538464,false,1,2,false,2017-01-01,2018-08-31
0791d9fc1e30678ecf03d3e55fa108d3,MG,Sudeste,2018-05-01,2018-07-01,3,3,4,1,5,842.0,280.6666666666667,1.0,true,0,2,false,2017-01-01,2018-08-31
a1544b9ea0b2390e020537d4daa89049,SP,Sudeste,2017-02-01,2018-08-01,8,19,19,0,8,841.2,105.15,0.42105263157894735,true,0,2,false,2017-01-01,2018-08-31
a3b42d266fa8afc874b909422ce88582,SP,Sudeste,2018-07-01,2018-07-01,1,1,2,1,1,839.4,839.4,1.0,true,0,2,false,2017-01-01,2018-08-31
c37b2059d4f90d4feead554e5246565e,SP,Sudeste,2017-11-01,2018-07-01,7,9,10,1,12,839.3,119.89999999999999,0.7777777777777778,true,0,2,false,2017-01-01,2018-08-31
6e4f5ff6b086632ba8dcb558fb10249e,RS,Sul,2018-02-01,2018-07-01,5,6,7,1,5,838.9,167.78,0.8333333333333334,true,0,2,false,2017-01-01,2018-08-31
82cb9f452fe8334df74b22d37824b431,RS,Sul,2018-04-01,2018-08-01,5,5,5,0,14,838.2,167.64000000000001,1.0,true,0,2,false,2017-01-01,2018-08-31
eba88037e1dca898cd02881f67ced679,SP,Sudeste,2017-04-01,2018-03-01,5,12,17,5,6,838.0999999999999,167.61999999999998,0.4166666666666667,false,1,2,false,2017-01-01,2018-08-31
b81e3a6c866a764974fe849821abeebd,SP,Sudeste,2018-07-01,2018-08-01,2,2,2,0,8,836.15,418.075,1.0,true,0,2,false,2017-01-01,2018-08-31
28f10b1c5e5abb9d4857745bede6147c,SP,Sudeste,2018-04-01,2018-08-01,5,5,5,0,28,835.0,167.0,1.0,true,0,2,false,2017-01-01,2018-08-31
297d5eccd19fa9a83b2630071ff105e4,PR,Sul,2018-07-01,2018-08-01,2,2,2,0,8,834.97,417.485,1.0,true,0,2,false,2017-01-01,2018-08-31
1bb3812d5f0747a3ab7348f199001a10,SP,Sudeste,2017-11-01,2018-08-01,6,10,10,0,9,834.4000000000001,139.0666666666667,0.6,true,0,2,false,2017-01-01,2018-08-31
91543f9849d68d023e17194926598543,SC,Sul,2017-08-01,2018-02-01,3,7,13,6,4,834.0,278.0,0.42857142857142855,false,1,2,false,2017-01-01,2018-08-31
c00396cbdd2e088fe4281baa5920aef1,PR,Sul,2018-04-01,2018-04-01,1,1,5,4,1,832.4100000000001,832.4100000000001,1.0,false,1,2,false,2017-01-01,2018-08-31
a2deecd5398f5df4987110c80a1972a3,SP,Sudeste,2018-04-01,2018-08-01,5,5,5,0,16,827.43,165.486,1.0,true,0,3,false,2017-01-01,2018-08-31
8602a61d680a10a82cceeeda0d99ea3d,SP,Sudeste,2017-08-01,2018-08-01,11,13,13,0,17,826.99,75.1809090909091,0.8461538461538461,true,0,3,false,2017-01-01,2018-08-31
1cd9e0cc1839d55516843def5600816d,SP,Sudeste,2018-06-01,2018-08-01,3,3,3,0,5,825.0,275.0,1.0,true,0,3,false,2017-01-01,2018-08-31
340636a908b13bbe0f4fb63fbe1d0c03,SP,Sudeste,2018-02-01,2018-05-01,3,4,7,3,5,823.2,274.40000000000003,0.75,false,1,3,false,2017-01-01,2018-08-31
51e4e89242cbb846c2deff3dc015650e,RS,Sul,2018-04-01,2018-08-01,5,5,5,0,16,822.5799999999999,164.516,1.0,true,0,3,false,2017-01-01,2018-08-31
10076e5788b8ee532724bcd460baf762,SP,Sudeste,2017-05-01,2018-07-01,11,15,16,1,23,821.48,74.68,0.7333333333333333,true,0,3,false,2017-01-01,2018-08-31
28ea411b354f14b1a494be4e79f0ce02,SP,Sudeste,2017-02-01,2018-01-01,5,12,19,7,6,820.0,164.0,0.4166666666666667,false,1,3,false,2017-01-01,2018-08-31
0aa2205ca24f113f4658a5c536667426,SP,Sudeste,2018-04-01,2018-08-01,3,5,5,0,4,815.62,271.87333333333333,0.6,true,0,3,false,2017-01-01,2018-08-31
63a79f5a7eb5cb48a7e5787b141c7993,MG,Sudeste,2018-04-01,2018-07-01,4,4,5,1,11,815.0999999999999,203.77499999999998,1.0,true,0,3,false,2017-01-01,2018-08-31
daf565f087a52def0fd5c5825b3661bc,SC,Sul,2018-06-01,2018-08-01,3,3,3,0,9,813.9,271.3,1.0,true,0,3,false,2017-01-01,2018-08-31
dc64d75cc406bb0697be983831430e60,MG,Sudeste,2018-05-01,2018-08-01,3,4,4,0,4,813.0,271.0,0.75,true,0,3,false,2017-01-01,2018-08-31
a1bea7061f61f6fdd9a85a6325ba1033,SP,Sudeste,2018-06-01,2018-08-01,3,3,3,0,9,810.95,270.31666666666666,1.0,true,0,3,false,2017-01-01,2018-08-31
5996cddab893a4652a15592fb58ab8db,SP,Sudeste,2018-07-01,2018-07-01,1,1,2,1,1,810.0,810.0,1.0,true,0,3,false,2017-01-01,2018-08-31
700f03c207639c22d933381ff60b35c2,SP,Sudeste,2017-11-01,2017-11-01,1,1,10,9,3,809.88,809.88,1.0,false,1,3,false,2017-01-01,2018-08-31
17adeba047385fb0c67d8e90b4296d21,SP,Sudeste,2017-03-01,2017-03-01,1,1,18,17,1,809.6999999999999,809.6999999999999,1.0,false,1,3,false,2017-01-01,2018-08-31
bd4431c1a8dfa744b59e1e2a8bc99b9e,RJ,Sudeste,2018-04-01,2018-08-01,3,5,5,0,7,809.5,269.8333333333333,0.6,true,0,3,false,2017-01-01,2018-08-31
14ee35374a7876217954b5fa08e50463,SP,Sudeste,2017-10-01,2018-01-01,3,4,11,7,6,809.0,269.6666666666667,0.75,false,1,3,false,2017-01-01,2018-08-31
ba5daa4041e1f15cdf34b76e3e18a450,SP,Sudeste,2018-02-01,2018-08-01,7,7,7,0,15,806.8,115.25714285714285,1.0,true,0,3,false,2017-01-01,2018-08-31
caa9bc43a9fe8cf9c564ddd8a03cc4a6,SP,Sudeste,2018-04-01,2018-08-01,4,5,5,0,13,803.8699999999999,200.96749999999997,0.8,true,0,3,false,2017-01-01,2018-08-31
a72c2f59332659e361d647515c698798,RS,Sul,2018-01-01,2018-07-01,4,7,8,1,5,802.9,200.725,0.5714285714285714,true,0,3,false,2017-01-01,2018-08-31
11eac105f3f90a9b87b19c89d91e24f3,SP,Sudeste,2017-05-01,2017-07-01,3,3,16,13,5,802.89,267.63,1.0,false,1,3,false,2017-01-01,2018-08-31
ba6b4a237f92479743cf0ca06b67a9ac,RJ,Sudeste,2018-01-01,2018-08-01,5,8,8,0,8,801.89,160.378,0.625,true,0,3,false,2017-01-01,2018-08-31
253f95b3a0e6983ae18aed49fbc2b845,SP,Sudeste,2018-03-01,2018-06-01,3,4,6,2,5,799.5,266.5,0.75,false,1,3,false,2017-01-01,2018-08-31
7a91bf945c6fae0779f1c61ce97fe45c,RJ,Sudeste,2017-07-01,2017-11-01,4,5,14,9,5,799.5,199.875,0.8,false,1,3,false,2017-01-01,2018-08-31
9c7fd21e0aa159b20da593371f08ff7c,SP,Sudeste,2018-03-01,2018-08-01,4,6,6,0,7,798.3000000000001,199.57500000000002,0.6666666666666666,true,0,3,false,2017-01-01,2018-08-31
13511db12ac61e2f89c53b72a944a60b,RS,Sul,2018-04-01,2018-08-01,5,5,5,0,6,798.0,159.6,1.0,true,0,3,false,2017-01-01,2018-08-31
a247197e2e9c19a6a53a6888cb8b660f,SP,Sudeste,2017-12-01,2017-12-01,1,1,9,8,2,798.0,798.0,1.0,false,1,3,false,2017-01-01,2018-08-31
365e4bce19bda0082c3d15d83fdb8bcd,SP,Sudeste,2018-01-01,2018-06-01,5,6,8,2,6,796.4000000000001,159.28000000000003,0.8333333333333334,false,1,3,false,2017-01-01,2018-08-31
5a05a16bb50629ee31afab8a6d4c2674,RS,Sul,2018-03-01,2018-07-01,5,5,6,1,14,794.3000000000001,158.86,1.0,true,0,3,false,2017-01-01,2018-08-31
e3a386fc36e22064434e1fa256f6a9fa,SP,Sudeste,2018-01-01,2018-08-01,6,8,8,0,16,793.9,132.31666666666666,0.75,true,0,3,false,2017-01-01,2018-08-31
0d4c8269e7f0401201794deef160edd6,SP,Sudeste,2017-10-01,2017-11-01,2,2,11,9,3,792.64,396.32,1.0,false,1,3,false,2017-01-01,2018-08-31
52956b80ae65fda598f06f6b9943e7a9,PR,Sul,2018-05-01,2018-05-01,1,1,4,3,3,792.0,792.0,1.0,false,1,3,false,2017-01-01,2018-08-31
5962468f885ea01a1b6a97a218797b0a,PR,Sul,2017-07-01,2017-12-01,5,6,14,8,8,791.0,158.2,0.8333333333333334,false,1,3,false,2017-01-01,2018-08-31
3d5d0dc7073a299e31fa718ce1bc00b6,RJ,Sudeste,2018-06-01,2018-08-01,3,3,3,0,23,790.6999999999999,263.56666666666666,1.0,true,0,3,false,2017-01-01,2018-08-31
515d781150feed28a6ac091bb0e3cb8c,MS,Centro-Oeste,2017-04-01,2017-05-01,2,2,17,15,5,789.95,394.975,1.0,false,1,3,false,2017-01-01,2018-08-31
134b867a0f7f8bbe6abf10f91874891e,SP,Sudeste,2018-04-01,2018-04-01,1,1,5,4,1,789.89,789.89,1.0,false,1,3,false,2017-01-01,2018-08-31
f9eedec3129e8cc6b6429c42d0808c5b,RJ,Sudeste,2018-07-01,2018-07-01,1,1,2,1,2,789.8,789.8,1.0,true,0,3,false,2017-01-01,2018-08-31
ac6417315ae5da8f9a38ee11de6f7780,SP,Sudeste,2017-04-01,2018-04-01,6,13,17,4,8,788.9000000000001,131.48333333333335,0.46153846153846156,false,1,3,false,2017-01-01,2018-08-31
2305ab43e846518f58dd9d59f3f54e96,SP,Sudeste,2018-04-01,2018-06-01,3,3,5,2,3,788.89,262.9633333333333,1.0,false,1,3,false,2017-01-01,2018-08-31
4c61e37f664c3c88aff092aa5ac779d7,RJ,Sudeste,2018-03-01,2018-04-01,2,2,6,4,7,788.31,394.155,1.0,false,1,3,false,2017-01-01,2018-08-31
3492e68f37fd1df87f4f2f2ea247f445,SP,Sudeste,2018-05-01,2018-08-01,3,4,4,0,8,787.86,262.62,0.75,true,0,3,false,2017-01-01,2018-08-31
da03c298e3999e9d828591fc2179d109,SP,Sudeste,2017-12-01,2018-02-01,2,3,9,6,4,787.7,393.85,0.6666666666666666,false,1,3,false,2017-01-01,2018-08-31
1cbd50a8c52e6cf8e315c5709fab386f,PR,Sul,2018-01-01,2018-07-01,5,7,8,1,9,785.9699999999999,157.194,0.7142857142857143,true,0,3,false,2017-01-01,2018-08-31
9d681c7e12db302cb261e721040dde65,PR,Sul,2018-05-01,2018-08-01,4,4,4,0,13,785.6,196.4,1.0,true,0,3,false,2017-01-01,2018-08-31
9535a841eecebed61a9fb1ac1cbb5597,SP,Sudeste,2017-01-01,2017-02-01,2,2,20,18,2,784.9,392.45,1.0,false,1,3,false,2017-01-01,2018-08-31
de09d00cfc265b8804c7df34075a68fa,SP,Sudeste,2017-10-01,2018-05-01,3,8,11,3,3,784.0,261.3333333333333,0.375,false,1,3,false,2017-01-01,2018-08-31
5f06030071324cc52bf0304014ac7234,SP,Sudeste,2017-08-01,2017-08-01,1,1,13,12,4,783.96,783.96,1.0,false,1,3,false,2017-01-01,2018-08-31
d4f117125b59ce73c3302f88ee40c458,SP,Sudeste,2017-12-01,2018-08-01,9,9,9,0,17,783.29,87.03222222222222,1.0,true,0,3,false,2017-01-01,2018-08-31
ef30892870c278497523264be1be2241,SP,Sudeste,2017-12-01,2018-01-01,2,2,9,7,9,783.2,391.6,1.0,false,1,3,false,2017-01-01,2018-08-31
52a52b9f656520e99716f5bc40f661c8,SP,Sudeste,2018-04-01,2018-07-01,4,4,5,1,7,783.1,195.775,1.0,true,0,3,false,2017-01-01,2018-08-31
41c2bad7229b0c25e6becf179ebf63ff,RN,Nordeste,2017-11-01,2018-07-01,4,9,10,1,20,782.0,195.5,0.4444444444444444,true,0,3,false,2017-01-01,2018-08-31
11742f81550ac064cc9a40f67151d9ad,SP,Sudeste,2018-08-01,2018-08-01,1,1,1,0,2,781.9,781.9,1.0,true,0,3,false,2017-01-01,2018-08-31
70bf57d811208f8923b41bbd499a67a4,SP,Sudeste,2018-06-01,2018-08-01,3,3,3,0,7,780.8,260.26666666666665,1.0,true,0,3,false,2017-01-01,2018-08-31
e560e4022d8f7aebf155db95946c5c0f,MG,Sudeste,2018-06-01,2018-07-01,2,2,3,1,2,780.0,390.0,1.0,true,0,3,false,2017-01-01,2018-08-31
cb6c9f5888a7a090c75beaf615925792,ES,Sudeste,2018-04-01,2018-08-01,5,5,5,0,11,779.8900000000001,155.978,1.0,true,0,3,false,2017-01-01,2018-08-31
6524b847b982cd56bb5d4b02b776ee42,SP,Sudeste,2018-02-01,2018-02-01,1,1,7,6,1,779.8,779.8,1.0,false,1,3,false,2017-01-01,2018-08-31
4deebb3199eeafb282ae33229144f94b,SP,Sudeste,2018-01-01,2018-07-01,3,7,8,1,4,779.6999999999999,259.9,0.42857142857142855,true,0,3,false,2017-01-01,2018-08-31
5a413ade68e8f8d93071a7f52a64cb9e,SP,Sudeste,2018-08-01,2018-08-01,1,1,1,0,14,778.9,778.9,1.0,true,0,3,false,2017-01-01,2018-08-31
817f85dbb65aa3e70831d90fe75cdf89,SP,Sudeste,2017-01-01,2017-03-01,3,3,20,17,5,778.87,259.62333333333333,1.0,false,1,3,false,2017-01-01,2018-08-31
d66c11a9572221d92fbb8c4897db5f9b,RJ,Sudeste,2018-06-01,2018-08-01,3,3,3,0,16,776.56,258.8533333333333,1.0,true,0,3,false,2017-01-01,2018-08-31
71271995e85f5b8530be99ed54a91b89,RS,Sul,2017-11-01,2018-07-01,7,9,10,1,8,776.0,110.85714285714286,0.7777777777777778,true,0,3,false,2017-01-01,2018-08-31
74636e24f01da9268b0ed88dacd8513e,SP,Sudeste,2018-04-01,2018-08-01,3,5,5,0,4,776.0,258.6666666666667,0.6,true,0,3,false,2017-01-01,2018-08-31
5c3460cd3e8a984382ae254e7dd20d9f,SP,Sudeste,2018-02-01,2018-08-01,6,7,7,0,9,775.76,129.29333333333332,0.8571428571428571,true,0,3,false,2017-01-01,2018-08-31
d9442042130b7fe579d1295f9f4a248f,SP,Sudeste,2017-04-01,2017-09-01,6,6,17,11,19,772.16,128.69333333333333,1.0,false,1,3,false,2017-01-01,2018-08-31
0ff83046c3fa22efee8ecf291888b191,RS,Sul,2017-04-01,2018-04-01,7,13,17,4,10,768.9000000000001,109.84285714285716,0.5384615384615384,false,1,3,false,2017-01-01,2018-08-31
4a1917ef994878940e1fb03eeb787ad7,DF,Centro-Oeste,2018-06-01,2018-07-01,2,2,3,1,2,768.0,384.0,1.0,true,0,3,false,2017-01-01,2018-08-31
562f8cfc51f265411f487d07e9c40e7f,MG,Sudeste,2017-10-01,2018-05-01,8,8,11,3,13,766.9200000000001,95.86500000000001,1.0,false,1,3,false,2017-01-01,2018-08-31
80f2cf9abf6b5a0e5c612b5eea6646e6,SP,Sudeste,2018-04-01,2018-07-01,3,4,5,1,7,766.0799999999999,255.35999999999999,0.75,true,0,3,false,2017-01-01,2018-08-31
6f83d9e4da896daae20b9b6b2d3ff8d2,PR,Sul,2018-03-01,2018-07-01,5,5,6,1,11,765.19,153.038,1.0,true,0,3,false,2017-01-01,2018-08-31
0b36063d5818f81ccb94b54adfaebbf5,SC,Sul,2017-01-01,2017-01-01,1,1,20,19,1,765.0,765.0,1.0,false,1,3,false,2017-01-01,2018-08-31
5acd070dd3fe441bbb2ec1f1ede515ee,SP,Sudeste,2017-11-01,2018-02-01,4,4,10,6,7,764.17,191.0425,1.0,false,1,3,false,2017-01-01,2018-08-31
2063dd1b9f568df1c16741ea7d3e6adb,PR,Sul,2017-03-01,2017-11-01,3,9,18,9,3,763.1,254.36666666666667,0.3333333333333333,false,1,3,false,2017-01-01,2018-08-31
39c763cca83e654764b7a4a650fb9b7c,GO,Centro-Oeste,2017-09-01,2018-07-01,6,11,12,1,11,761.0,126.83333333333333,0.5454545454545454,true,0,3,false,2017-01-01,2018-08-31
a56e351445e5863fc8960640ba9190c7,SC,Sul,2018-04-01,2018-04-01,1,1,5,4,3,760.9200000000001,760.9200000000001,1.0,false,1,3,false,2017-01-01,2018-08-31
ca77545ca4d2dfd1431bf61334e2fa3c,PR,Sul,2018-01-01,2018-04-01,4,4,8,4,6,760.0,190.0,1.0,false,1,3,false,2017-01-01,2018-08-31
ac51cac5e20d69ff485a54746488ef48,SP,Sudeste,2018-01-01,2018-01-01,1,1,8,7,4,759.9,759.9,1.0,false,1,3,false,2017-01-01,2018-08-31
7c51de0ab286204ce75ff42bf7c10d92,SC,Sul,2018-07-01,2018-08-01,2,2,2,0,4,759.0,379.5,1.0,true,0,3,false,2017-01-01,2018-08-31
458c6fa920810ce2492da71bc26d9eec,SP,Sudeste,2017-12-01,2017-12-01,1,1,9,8,2,756.76,756.76,1.0,false,1,3,false,2017-01-01,2018-08-31
312ba1d77e9c332ef21f9598b7f64cd7,SP,Sudeste,2018-01-01,2018-07-01,5,7,8,1,9,756.0,151.2,0.7142857142857143,true,0,3,false,2017-01-01,2018-08-31
cf654707ed6a99f112c7ec3d6f314b8b,SP,Sudeste,2018-05-01,2018-08-01,3,4,4,0,3,756.0,252.0,0.75,true,0,3,false,2017-01-01,2018-08-31
21c62b998a043ebe31161d38f84929fc,CE,Nordeste,2018-07-01,2018-08-01,2,2,2,0,4,750.49,375.245,1.0,true,0,3,false,2017-01-01,2018-08-31
61c36f0fc4a47f9532e5512b66668e62,SP,Sudeste,2018-03-01,2018-03-01,1,1,6,5,1,750.0,750.0,1.0,false,1,3,false,2017-01-01,2018-08-31
9dc79dd988ac42f4d56c340d7048420a,SP,Sudeste,2018-08-01,2018-08-01,1,1,1,0,4,749.6,749.6,1.0,true,0,3,false,2017-01-01,2018-08-31
87d3c3aeb3ead335511b3ce315eb341e,SP,Sudeste,2018-06-01,2018-08-01,3,3,3,0,15,749.3499999999999,249.7833333333333,1.0,true,0,3,false,2017-01-01,2018-08-31
fd435faa3c0422b60440ea3480d0e77c,PB,Nordeste,2018-08-01,2018-08-01,1,1,1,0,1,749.0,749.0,1.0,true,0,3,false,2017-01-01,2018-08-31
191d55f7edb8524d525ed01b20fe32e8,DF,Centro-Oeste,2017-11-01,2018-01-01,3,3,10,7,3,747.0,249.0,1.0,false,1,3,false,2017-01-01,2018-08-31
8d46553a36e68f95350a200c12f8f2e2,SP,Sudeste,2017-08-01,2018-03-01,4,8,13,5,13,746.6,186.65,0.5,false,1,3,false,2017-01-01,2018-08-31
c89cf7c468a48af70aada384e722f9e2,RJ,Sudeste,2017-06-01,2018-08-01,8,15,15,0,14,745.0,93.125,0.5333333333333333,true,0,3,false,2017-01-01,2018-08-31
ba6ce6de456f6c11d08c17701ba5c26f,SP,Sudeste,2018-02-01,2018-07-01,6,6,7,1,6,744.35,124.05833333333334,1.0,true,0,3,false,2017-01-01,2018-08-31
e8a85b5f3df47be0984c55fd4064dbb4,DF,Centro-Oeste,2018-02-01,2018-08-01,6,7,7,0,8,743.0,123.83333333333333,0.8571428571428571,true,0,3,false,2017-01-01,2018-08-31
6e864f5c4669eff3d98140a07cc50202,SP,Sudeste,2017-08-01,2018-05-01,7,10,13,3,13,740.5900000000001,105.79857142857145,0.7,false,1,3,false,2017-01-01,2018-08-31
2ba91c7ad80ff88b23b7db823b43c233,SP,Sudeste,2018-04-01,2018-08-01,4,5,5,0,6,740.4,185.1,0.8,true,0,3,false,2017-01-01,2018-08-31
c522be04e020c1e7b79f3acff36513d5,SP,Sudeste,2018-04-01,2018-08-01,5,5,5,0,7,739.9300000000001,147.98600000000002,1.0,true,0,3,false,2017-01-01,2018-08-31
8a40ae794fa3f9892cee24bd5af0488b,PR,Sul,2017-06-01,2018-06-01,5,13,15,2,6,739.85,147.97,0.38461538461538464,false,1,3,false,2017-01-01,2018-08-31
ba6b68b55fe8704377a7d43c8e5c0185,MG,Sudeste,2017-05-01,2017-06-01,2,2,16,14,5,739.77,369.885,1.0,false,1,3,false,2017-01-01,2018-08-31
6bb62a4912377c7bfe7cb17b406bc7e6,SP,Sudeste,2018-07-01,2018-08-01,2,2,2,0,4,739.52,369.76,1.0,true,0,3,false,2017-01-01,2018-08-31
8c91bfea4263b8fba54081460693e2a1,RS,Sul,2017-02-01,2017-02-01,1,1,19,18,2,739.0,739.0,1.0,false,1,3,false,2017-01-01,2018-08-31
e73bf2cea7fe4b0b4d287a7568ed1099,SC,Sul,2018-07-01,2018-08-01,2,2,2,0,4,737.6999999999999,368.84999999999997,1.0,true,0,3,false,2017-01-01,2018-08-31
89dda63a3c907c468ec88c310ed91213,SP,Sudeste,2018-04-01,2018-04-01,1,1,5,4,2,734.99,734.99,1.0,false,1,3,false,2017-01-01,2018-08-31
4200ddf1967c5e41e48db62bc6d4b5ac,SP,Sudeste,2017-08-01,2018-04-01,9,9,13,4,22,734.8,81.64444444444445,1.0,false,1,3,false,2017-01-01,2018-08-31
56db5c0782e8f7ddc9343f9576ff6d16,SC,Sul,2017-01-01,2018-08-01,2,20,20,0,2,734.8,367.4,0.1,true,0,3,false,2017-01-01,2018-08-31
6e1862e15f33d9994bc25922a85e1efc,SP,Sudeste,2018-06-01,2018-08-01,3,3,3,0,8,732.49,244.16333333333333,1.0,true,0,3,false,2017-01-01,2018-08-31
808d4348b916efa08e766ebad39f61eb,SP,Sudeste,2018-07-01,2018-08-01,2,2,2,0,21,731.1,365.55,1.0,true,0,3,false,2017-01-01,2018-08-31
33cbbec1e7e1044aaf11d152172c776f,RS,Sul,2018-04-01,2018-08-01,5,5,5,0,15,730.6700000000001,146.13400000000001,1.0,true,0,3,false,2017-01-01,2018-08-31
da4d149c0ddbac90557103ac0a0ec356,SP,Sudeste,2018-08-01,2018-08-01,1,1,1,0,1,730.0,730.0,1.0,true,0,3,false,2017-01-01,2018-08-31
014d9a685fd57276679edd00e07089e5,PR,Sul,2017-11-01,2018-08-01,5,10,10,0,11,729.8799999999999,145.97599999999997,0.5,true,0,3,false,2017-01-01,2018-08-31
7210cd29727d674c00741e5e387b3ccd,SP,Sudeste,2018-06-01,2018-08-01,3,3,3,0,9,729.0899999999999,243.02999999999997,1.0,true,0,3,false,2017-01-01,2018-08-31
da6a60cc8cc724fe51be021ff8be779c,RJ,Sudeste,2018-05-01,2018-08-01,4,4,4,0,12,728.7900000000001,182.19750000000002,1.0,true,0,3,false,2017-01-01,2018-08-31
aac51c486b672a9850d59f3e84b1cf88,SP,Sudeste,2018-08-01,2018-08-01,1,1,1,0,10,728.2799999999999,728.2799999999999,1.0,true,0,3,false,2017-01-01,2018-08-31
8132b9bd16876e1b0f8808d43825dd48,SC,Sul,2017-05-01,2017-07-01,2,3,16,13,2,727.9,363.95,0.6666666666666666,false,1,3,false,2017-01-01,2018-08-31
f19516b9ff26bfeb091b30108db4ddbd,SP,Sudeste,2017-08-01,2017-11-01,4,4,13,9,5,727.5999999999999,181.89999999999998,1.0,false,1,3,false,2017-01-01,2018-08-31
d29ba1220fb8634fa3a107e54497b8a4,SP,Sudeste,2018-04-01,2018-08-01,4,5,5,0,9,724.94,181.235,0.8,true,0,3,false,2017-01-01,2018-08-31
fe1bbc5feda5c8979a8a1b3b2512d5a6,MG,Sudeste,2017-02-01,2017-07-01,5,6,19,13,9,724.72,144.94400000000002,0.8333333333333334,false,1,3,false,2017-01-01,2018-08-31
6d22a1fcebb6dd08c9cd90b92a93e8d0,SC,Sul,2017-08-01,2018-01-01,6,6,13,7,12,723.6999999999998,120.61666666666663,1.0,false,1,3,false,2017-01-01,2018-08-31
d9e7e7778b32987280a6f2cb9a39c57d,SP,Sudeste,2018-01-01,2018-06-01,4,6,8,2,11,722.5,180.625,0.6666666666666666,false,1,3,false,2017-01-01,2018-08-31
07d75e33f2750d97d467fb57e4dfdd8a,SP,Sudeste,2018-03-01,2018-05-01,2,3,6,3,2,722.4,361.2,0.6666666666666666,false,1,3,false,2017-01-01,2018-08-31
c8cc60ffd415254af5d9b9f34f32c369,SP,Sudeste,2018-06-01,2018-08-01,3,3,3,0,8,722.2,240.73333333333335,1.0,true,0,3,false,2017-01-01,2018-08-31
b16d3dadc47d4eb18be3d88bad0775ce,RS,Sul,2018-05-01,2018-08-01,4,4,4,0,10,722.1,180.525,1.0,true,0,3,false,2017-01-01,2018-08-31
94231344608e603693b0a8891143f65d,SP,Sudeste,2018-05-01,2018-08-01,3,4,4,0,3,722.0,240.66666666666666,0.75,true,0,3,false,2017-01-01,2018-08-31
d79e8478eed9999493990b44955fb22e,RJ,Sudeste,2018-06-01,2018-08-01,3,3,3,0,5,721.89,240.63,1.0,true,0,3,false,2017-01-01,2018-08-31
ed859002ad59dbf8cf3602696a6c3000,PR,Sul,2017-01-01,2017-01-01,1,1,20,19,2,719.6999999999999,719.6999999999999,1.0,false,1,3,false,2017-01-01,2018-08-31
68ca56ce86830f3d31b1b7ec6a54da3e,PR,Sul,2018-07-01,2018-08-01,2,2,2,0,6,719.5899999999999,359.79499999999996,1.0,true,0,3,false,2017-01-01,2018-08-31
07de60b03d150fb3ea09eab5da5e4c8b,SP,Sudeste,2018-01-01,2018-08-01,5,8,8,0,9,719.1,143.82,0.625,true,0,3,false,2017-01-01,2018-08-31
75a4764c108403a7a0575140cb22287c,RS,Sul,2017-12-01,2018-04-01,3,5,9,4,5,716.9,238.96666666666667,0.6,false,1,3,false,2017-01-01,2018-08-31
d558ebe531605a1285ab2b1bc3256dfb,MG,Sudeste,2018-03-01,2018-06-01,3,4,6,2,3,709.0,236.33333333333334,0.75,false,1,3,false,2017-01-01,2018-08-31
e21a1e8be4715b0fcfd5385643bc49c4,SC,Sul,2017-04-01,2018-02-01,10,11,17,6,21,703.6,70.36,0.9090909090909091,false,1,3,false,2017-01-01,2018-08-31
18e694e0e48ed6f7aa3f24aade5fd697,SP,Sudeste,2018-06-01,2018-08-01,3,3,3,0,31,701.5399999999998,233.8466666666666,1.0,true,0,3,false,2017-01-01,2018-08-31
39d61be7a92eb77b7da367bd4845bc0e,SP,Sudeste,2018-03-01,2018-08-01,5,6,6,0,7,700.59,140.118,0.8333333333333334,true,0,3,false,2017-01-01,2018-08-31
3ef37b7ca6dd2b80bd8af81a62504996,SP,Sudeste,2017-03-01,2017-09-01,2,7,18,11,2,700.0,350.0,0.2857142857142857,false,1,3,false,2017-01-01,2018-08-31
328acb143b4a73aad6bee8e734f5d20d,PR,Sul,2017-02-01,2017-02-01,1,1,19,18,2,699.98,699.98,1.0,false,1,3,false,2017-01-01,2018-08-31
1b4b28463457a256e9a784ebe2a8f630,SP,Sudeste,2018-08-01,2018-08-01,1,1,1,0,1,699.42,699.42,1.0,true,0,3,false,2017-01-01,2018-08-31
59cea8e446d3834393058e7e0666b6fb,PR,Sul,2018-06-01,2018-08-01,3,3,3,0,10,696.6,232.20000000000002,1.0,true,0,3,false,2017-01-01,2018-08-31
c7fdb77fdbff3c41981bc52f787e959e,SP,Sudeste,2018-01-01,2018-07-01,6,7,8,1,10,696.32,116.05333333333334,0.8571428571428571,true,0,3,false,2017-01-01,2018-08-31
0d83f8e03188682112cc0d93523705cc,RS,Sul,2017-11-01,2018-01-01,3,3,10,7,4,696.26,232.08666666666667,1.0,false,1,3,false,2017-01-01,2018-08-31
1352e06ae67b410cdae0b2a22361167b,RJ,Sudeste,2017-04-01,2017-06-01,2,3,17,14,4,696.0,348.0,0.6666666666666666,false,1,3,false,2017-01-01,2018-08-31
fac35d150712afb921ec59ac5f39bb11,MG,Sudeste,2018-02-01,2018-07-01,4,6,7,1,5,696.0,174.0,0.6666666666666666,true,0,3,false,2017-01-01,2018-08-31
83d7070a0b9a8b4625fa8682b819fabb,SP,Sudeste,2018-03-01,2018-04-01,2,2,6,4,2,694.77,347.385,1.0,false,1,3,false,2017-01-01,2018-08-31
73b8eb4a9a729d4019b24ed1be748cbf,SP,Sudeste,2018-06-01,2018-08-01,3,3,3,0,8,692.41,230.8033333333333,1.0,true,0,3,false,2017-01-01,2018-08-31
b4b447d715f9ab302a188fb43d3e96b3,SP,Sudeste,2018-07-01,2018-08-01,2,2,2,0,5,685.9300000000001,342.96500000000003,1.0,true,0,3,false,2017-01-01,2018-08-31
b2c97074649f92197d9387d9033dda5f,SP,Sudeste,2018-04-01,2018-08-01,5,5,5,0,10,684.71,136.942,1.0,true,0,3,false,2017-01-01,2018-08-31
4e6015589b781adaa5ce7f1892d06bb1,SP,Sudeste,2017-10-01,2018-01-01,2,4,11,7,3,684.0,342.0,0.5,false,1,3,false,2017-01-01,2018-08-31
2fb25ab44bdbeae6a4d816e0d0c9d500,RJ,Sudeste,2017-08-01,2018-06-01,3,11,13,2,5,683.08,227.69333333333336,0.2727272727272727,false,1,3,false,2017-01-01,2018-08-31
9aa388272ee334b6ae07bc73706e254a,MG,Sudeste,2018-03-01,2018-08-01,4,6,6,0,6,678.0,169.5,0.6666666666666666,true,0,3,false,2017-01-01,2018-08-31
d9cd369bffa979d1634f8e1318bf2f1b,SP,Sudeste,2018-05-01,2018-08-01,3,4,4,0,3,678.0,226.0,0.75,true,0,3,false,2017-01-01,2018-08-31
89a51f50b8095ea78d5768f34c13a76f,DF,Centro-Oeste,2018-04-01,2018-07-01,4,4,5,1,10,677.16,169.29,1.0,true,0,3,false,2017-01-01,2018-08-31
a513150f33f99a06569e9cd5c4bb889b,SP,Sudeste,2017-11-01,2017-12-01,2,2,10,8,2,677.0,338.5,1.0,false,1,3,false,2017-01-01,2018-08-31
6861de0f40cacb0602e473c51639f980,PR,Sul,2017-11-01,2018-07-01,4,9,10,1,5,674.0,168.5,0.4444444444444444,true,0,3,false,2017-01-01,2018-08-31
c6218512d16fcac0af02fe92691cf274,MG,Sudeste,2017-04-01,2017-06-01,3,3,17,14,8,674.0,224.66666666666666,1.0,false,1,3,false,2017-01-01,2018-08-31
8c0de775f52fe41590b376a3b7c50f68,SP,Sudeste,2018-03-01,2018-07-01,4,5,6,1,9,672.7,168.175,0.8,true,0,3,false,2017-01-01,2018-08-31
7354220fb240bde543b3c40c060d41e7,DF,Centro-Oeste,2018-01-01,2018-07-01,4,7,8,1,7,672.0,168.0,0.5714285714285714,true,0,3,false,2017-01-01,2018-08-31
e4ebd3f87bf70440014f07ddda7fbe03,SP,Sudeste,2017-12-01,2018-03-01,4,4,9,5,7,671.5,167.875,1.0,false,1,3,false,2017-01-01,2018-08-31
0a85ebe4e328db81ac9109781205e2f7,SP,Sudeste,2018-05-01,2018-08-01,3,4,4,0,12,667.9,222.63333333333333,0.75,true,0,3,false,2017-01-01,2018-08-31
6824a69c9ea0313eba299dd4a2dba09a,MG,Sudeste,2018-07-01,2018-08-01,2,2,2,0,6,666.9,333.45,1.0,true,0,3,false,2017-01-01,2018-08-31
7bcd7c5f8631701474db233ccf1c094b,SP,Sudeste,2017-04-01,2017-08-01,4,5,17,12,11,666.0,166.5,0.8,false,1,3,false,2017-01-01,2018-08-31
5f7300535881cef3b625fd683cf7d145,RS,Sul,2017-10-01,2018-07-01,5,10,11,1,10,665.98,133.196,0.5,true,0,3,false,2017-01-01,2018-08-31
55c26bcb609f480eb7868594245febb5,SP,Sudeste,2018-04-01,2018-08-01,3,5,5,0,6,664.4000000000001,221.4666666666667,0.6,true,0,3,false,2017-01-01,2018-08-31
bdae679a9b282249bc23b9b69dae9a99,DF,Centro-Oeste,2018-02-01,2018-08-01,5,7,7,0,6,663.15,132.63,0.7142857142857143,true,0,3,false,2017-01-01,2018-08-31
1430239a858e7682bbc43b20758af153,SP,Sudeste,2017-08-01,2018-08-01,8,13,13,0,18,660.7899999999998,82.59874999999998,0.6153846153846154,true,0,3,false,2017-01-01,2018-08-31
49383af7ab774e4e8f3000f49c83dc4b,SP,Sudeste,2018-04-01,2018-08-01,5,5,5,0,8,660.0,132.0,1.0,true,0,3,false,2017-01-01,2018-08-31
299c89a525fee36c567f4fe72f038100,CE,Nordeste,2018-07-01,2018-08-01,2,2,2,0,2,658.0,329.0,1.0,true,0,3,false,2017-01-01,2018-08-31
525e75a6fb1454a2325ab1734bcec221,SP,Sudeste,2017-04-01,2017-10-01,5,7,17,10,10,657.0699999999999,131.414,0.7142857142857143,false,1,3,false,2017-01-01,2018-08-31
b0398568231ba5e6734af1881671a317,ES,Sudeste,2018-03-01,2018-04-01,2,2,6,4,4,656.77,328.385,1.0,false,1,3,false,2017-01-01,2018-08-31
c447f8dd3ed213f291d65ef074a268eb,SP,Sudeste,2017-02-01,2017-06-01,4,5,19,14,7,655.0,163.75,0.8,false,1,3,false,2017-01-01,2018-08-31
b7cc6c5e001441ae8cdd5c69a480cbe4,SC,Sul,2017-02-01,2018-01-01,5,12,19,7,6,651.8,130.35999999999999,0.4166666666666667,false,1,3,false,2017-01-01,2018-08-31
cd3d09fbe6e3e9ff0c0ac0c300e93ae7,SP,Sudeste,2018-06-01,2018-08-01,3,3,3,0,12,651.04,217.01333333333332,1.0,true,0,3,false,2017-01-01,2018-08-31
5d043cd5512d4bd2f88e5ccdd5736c38,SP,Sudeste,2017-03-01,2017-03-01,1,1,18,17,1,650.0,650.0,1.0,false,1,3,false,2017-01-01,2018-08-31
43402bdf22aa2310e8f99e2f94f78628,SP,Sudeste,2018-05-01,2018-06-01,2,2,4,2,4,649.95,324.975,1.0,false,1,3,false,2017-01-01,2018-08-31
f435898e493ba0356019a0b1cb8b55b1,PR,Sul,2017-02-01,2018-05-01,6,16,19,3,10,649.76,108.29333333333334,0.375,false,1,3,false,2017-01-01,2018-08-31
236585a4ddb5fea9fa40233e2249ed91,RS,Sul,2017-11-01,2018-08-01,5,10,10,0,11,649.53,129.906,0.5,true,0,3,false,2017-01-01,2018-08-31
9cad4b68bb993ee401a3c5aaa2bc26dd,SP,Sudeste,2018-01-01,2018-07-01,5,7,8,1,5,649.3000000000001,129.86,0.7142857142857143,true,0,3,false,2017-01-01,2018-08-31
95b293867b5862941c9cd74f756a3c68,SP,Sudeste,2017-11-01,2018-02-01,3,4,10,6,9,648.1,216.03333333333333,0.75,false,1,3,false,2017-01-01,2018-08-31
b26741d31a563d769b4af0465ab20c56,SC,Sul,2018-02-01,2018-03-01,2,2,7,5,2,648.0,324.0,1.0,false,1,3,false,2017-01-01,2018-08-31
72c38a04bd6a1c3dbc5298425a0db86d,PR,Sul,2018-05-01,2018-07-01,3,3,4,1,4,647.3,215.76666666666665,1.0,true,0,3,false,2017-01-01,2018-08-31
2aa3443d7bf9d9bb11133f420d75e083,RJ,Sudeste,2017-11-01,2018-08-01,5,10,10,0,10,647.0,129.4,0.5,true,0,3,false,2017-01-01,2018-08-31
13f57c12a00ed4610db646b913a7f5c6,SP,Sudeste,2017-09-01,2018-05-01,6,9,12,3,7,645.1999999999999,107.53333333333332,0.6666666666666666,false,1,3,false,2017-01-01,2018-08-31
8d899e15a5925f097cca50faa49b15e3,SP,Sudeste,2018-05-01,2018-08-01,3,4,4,0,4,645.0,215.0,0.75,true,0,3,false,2017-01-01,2018-08-31
ad273c9eb54ecb4532de4bf75bae9e4e,PR,Sul,2017-03-01,2018-08-01,9,18,18,0,10,645.0,71.66666666666667,0.5,true,0,3,false,2017-01-01,2018-08-31
f3295428338a40977a03f555246a70f4,ES,Sudeste,2017-10-01,2018-02-01,5,5,11,6,7,644.98,128.996,1.0,false,1,3,false,2017-01-01,2018-08-31
5882f40daf39bc2a465e0cb453ddc222,SP,Sudeste,2017-10-01,2017-10-01,1,1,11,10,1,640.0,640.0,1.0,false,1,3,false,2017-01-01,2018-08-31
bd1d49a326abfa9b1036772e40445430,SP,Sudeste,2017-11-01,2018-06-01,6,8,10,2,12,637.7,106.28333333333335,0.75,false,1,3,false,2017-01-01,2018-08-31
bc503e244f187939d10c92a5c8e378ce,SP,Sudeste,2017-04-01,2018-02-01,6,11,17,6,7,637.6700000000001,106.27833333333335,0.5454545454545454,false,1,3,false,2017-01-01,2018-08-31
7b98de631987e26dd6d803490c43a13c,PR,Sul,2018-05-01,2018-08-01,4,4,4,0,8,634.2,158.55,1.0,true,0,3,false,2017-01-01,2018-08-31
385799a1cddbd26dfeb9157356a42282,SP,Sudeste,2017-03-01,2017-09-01,5,7,18,11,5,633.93,126.78599999999999,0.7142857142857143,false,1,3,false,2017-01-01,2018-08-31
be8e909810184b9b19e886129149d8e5,SP,Sudeste,2017-10-01,2018-05-01,7,8,11,3,15,629.8499999999999,89.97857142857141,0.875,false,1,3,false,2017-01-01,2018-08-31
c33a5c3c983090c8b78a28e65052a20d,SC,Sul,2018-01-01,2018-06-01,5,6,8,2,9,629.1,125.82000000000001,0.8333333333333334,false,1,3,false,2017-01-01,2018-08-31
685b870da5b52a710782c9c0fefbeb5b,SP,Sudeste,2017-12-01,2018-03-01,2,4,9,5,2,627.0,313.5,0.5,false,1,3,false,2017-01-01,2018-08-31
8759e7aedd644f487315e5860962f162,SP,Sudeste,2017-11-01,2017-12-01,2,2,10,8,3,627.0,313.5,1.0,false,1,3,false,2017-01-01,2018-08-31
0570350b23eda5444f8d1d9544932058,SP,Sudeste,2018-04-01,2018-05-01,2,2,5,3,6,626.9,313.45,1.0,false,1,3,false,2017-01-01,2018-08-31
25be943a321c8938947bdaabca979a90,SP,Sudeste,2018-05-01,2018-08-01,4,4,4,0,4,624.0,156.0,1.0,true,0,3,false,2017-01-01,2018-08-31
d8cf3b6a2151949f930d0252b180ec42,PR,Sul,2018-04-01,2018-06-01,3,3,5,2,6,623.6999999999999,207.89999999999998,1.0,false,1,3,false,2017-01-01,2018-08-31
3969863bb8af7f72580b3b1ffd3a17b3,SP,Sudeste,2017-11-01,2018-08-01,7,10,10,0,12,623.15,89.02142857142857,0.7,true,0,3,false,2017-01-01,2018-08-31
26bad72add1f86e08a776ce4ffdaf1ca,SP,Sudeste,2017-09-01,2018-05-01,5,9,12,3,7,622.0,124.4,0.5555555555555556,false,1,3,false,2017-01-01,2018-08-31
b5bb2b985208834bd5bd86c7a402bbad,RS,Sul,2018-01-01,2018-04-01,2,4,8,4,2,621.06,310.53,0.5,false,1,3,false,2017-01-01,2018-08-31
6b15924333bd1a741595fe981ea04822,SP,Sudeste,2017-02-01,2017-07-01,6,6,19,13,21,614.32,102.38666666666667,1.0,false,1,3,false,2017-01-01,2018-08-31
b0b346d3a89f5eb4c2968af3f083cd43,SP,Sudeste,2017-11-01,2018-08-01,7,10,10,0,11,614.0,87.71428571428571,0.7,true,0,3,false,2017-01-01,2018-08-31
1d29dfba02015238dfbe2449a5eaa361,MG,Sudeste,2017-02-01,2018-05-01,8,16,19,3,12,612.8,76.6,0.5,false,1,3,false,2017-01-01,2018-08-31
b44dbfbf62e52125f3c15d230569ea91,SP,Sudeste,2018-04-01,2018-08-01,3,5,5,0,4,609.37,203.12333333333333,0.6,true,0,3,false,2017-01-01,2018-08-31
3d3ccf2b2f8134b10dce9dd446f0e075,SP,Sudeste,2018-06-01,2018-08-01,2,3,3,0,3,608.6,304.3,0.6666666666666666,true,0,3,false,2017-01-01,2018-08-31
c6a7539d424a8402232c2228d7a03c5e,SP,Sudeste,2017-09-01,2018-05-01,7,9,12,3,10,607.5,86.78571428571429,0.7777777777777778,false,1,3,false,2017-01-01,2018-08-31
2059c39f76271d4ca3f15b5ffaccc8b8,PR,Sul,2017-02-01,2017-09-01,6,8,19,11,12,604.9,100.81666666666666,0.75,false,1,3,false,2017-01-01,2018-08-31
aae5e7b457a3c72ee230a47d98fceda5,PR,Sul,2018-04-01,2018-08-01,4,5,5,0,5,604.8,151.2,0.8,true,0,3,false,2017-01-01,2018-08-31
5a6a02f419701fc8c605af71d4fc57a4,SP,Sudeste,2018-05-01,2018-08-01,4,4,4,0,10,600.5,150.125,1.0,true,0,3,false,2017-01-01,2018-08-31
6179a28a13a726c29b3bf54c070dccab,MG,Sudeste,2017-07-01,2017-08-01,2,2,14,12,2,600.0,300.0,1.0,false,1,3,false,2017-01-01,2018-08-31
1588ac4010787100dddef64568f0ae35,PR,Sul,2017-12-01,2018-01-01,2,2,9,7,3,599.97,299.985,1.0,false,1,3,false,2017-01-01,2018-08-31
8e29d051f810eb22959ede205b462b9f,SP,Sudeste,2018-06-01,2018-06-01,1,1,3,2,2,599.8,599.8,1.0,false,1,3,false,2017-01-01,2018-08-31
ad8ada0ffa993cb1197d102d9ab21a3e,MG,Sudeste,2018-03-01,2018-03-01,1,1,6,5,1,599.8,599.8,1.0,false,1,3,false,2017-01-01,2018-08-31
3be5841cdcc46de4ed3f9116f104b2c5,SP,Sudeste,2017-01-01,2017-02-01,2,2,20,18,4,599.6,299.8,1.0,false,1,3,false,2017-01-01,2018-08-31
53336f97ddbe53e2a617d07b17447b95,SP,Sudeste,2017-10-01,2017-10-01,1,1,11,10,1,599.5,599.5,1.0,false,1,3,false,2017-01-01,2018-08-31
262237171f48e85819065498cac80d7b,SC,Sul,2017-08-01,2018-08-01,4,13,13,0,4,599.0,149.75,0.3076923076923077,true,0,3,false,2017-01-01,2018-08-31
d94ba08b99bedd6a5f6c875ecc4a6fac,PR,Sul,2017-04-01,2017-07-01,4,4,17,13,9,598.9999999999999,149.74999999999997,1.0,false,1,3,false,2017-01-01,2018-08-31
d0d70d21e2234dd7cd3cf63fe414148a,PB,Nordeste,2018-06-01,2018-08-01,3,3,3,0,8,598.4,199.46666666666667,1.0,true,0,3,false,2017-01-01,2018-08-31
638cba8be1fb599bbb76fd6948351eb3,SP,Sudeste,2017-05-01,2017-09-01,4,5,16,11,17,598.2,149.55,0.8,false,1,3,false,2017-01-01,2018-08-31
8bd0e3abda539b9479c4b44a691be1ec,RS,Sul,2017-05-01,2018-01-01,7,9,16,7,7,596.55,85.22142857142856,0.7777777777777778,false,1,3,false,2017-01-01,2018-08-31
791cfcfe22fe4a771ece27f90017da92,SP,Sudeste,2017-06-01,2017-09-01,2,4,15,11,2,596.26,298.13,0.5,false,1,3,false,2017-01-01,2018-08-31
38e6dada03429a47197d5d584d793b41,SP,Sudeste,2017-09-01,2017-10-01,2,2,12,10,7,596.14,298.07,1.0,false,1,3,false,2017-01-01,2018-08-31
11938fcc75f6902fea1d0a6f72b54a57,SC,Sul,2018-01-01,2018-05-01,2,5,8,3,2,594.98,297.49,0.4,false,1,3,false,2017-01-01,2018-08-31
3d68c634a99a1ba46dbca3967a69c623,SC,Sul,2018-07-01,2018-08-01,2,2,2,0,2,594.0,297.0,1.0,true,0,3,false,2017-01-01,2018-08-31
eebb3372362aa9a46975164bed19a7e7,SP,Sudeste,2017-03-01,2017-05-01,3,3,18,15,7,591.92,197.30666666666664,1.0,false,1,3,false,2017-01-01,2018-08-31
6e0908ef4d4efadbc3cc2b74ea477cb0,RJ,Sudeste,2017-02-01,2017-09-01,6,8,19,11,8,589.4499999999999,98.24166666666666,0.75,false,1,3,false,2017-01-01,2018-08-31
768a86e36ad6aae3d03ee3c6433d61df,SP,Sudeste,2018-06-01,2018-08-01,3,3,3,0,17,587.46,195.82000000000002,1.0,true,0,3,false,2017-01-01,2018-08-31
6e4a902d1054e4e17aa6eab87fac1c75,SP,Sudeste,2018-08-01,2018-08-01,1,1,1,0,7,586.5699999999999,586.5699999999999,1.0,true,0,3,false,2017-01-01,2018-08-31
b274baf5bbd142410eb2958cf685d684,RS,Sul,2018-05-01,2018-07-01,3,3,4,1,7,585.9,195.29999999999998,1.0,true,0,3,false,2017-01-01,2018-08-31
bf961104a38e01b9062ee026bb657dee,SP,Sudeste,2017-02-01,2017-02-01,1,1,19,18,4,585.56,585.56,1.0,false,1,3,false,2017-01-01,2018-08-31
851773c885feb5e2da3b4f82bc2b17ce,SP,Sudeste,2018-02-01,2018-08-01,5,7,7,0,10,585.3,117.05999999999999,0.7142857142857143,true,0,3,false,2017-01-01,2018-08-31
70b52a4cfc823994561b00bad161b4ed,SP,Sudeste,2017-02-01,2018-07-01,4,18,19,1,8,585.0,146.25,0.2222222222222222,true,0,3,false,2017-01-01,2018-08-31
83353a83fd769dfafa4f21a72b15e3e5,SP,Sudeste,2017-04-01,2017-12-01,3,9,17,8,5,579.5,193.16666666666666,0.3333333333333333,false,1,3,false,2017-01-01,2018-08-31
be3b4b0f050a6aa1b2d901c4b77e979f,PR,Sul,2018-04-01,2018-06-01,3,3,5,2,3,578.1999999999999,192.73333333333332,1.0,false,1,3,false,2017-01-01,2018-08-31
f524ad65d7e0f1daab730ef2d2e86196,RS,Sul,2018-01-01,2018-01-01,1,1,8,7,1,578.0,578.0,1.0,false,1,3,false,2017-01-01,2018-08-31
01c97ebb5cdac52891c0ed1c37ba0012,SP,Sudeste,2017-04-01,2018-07-01,6,16,17,1,9,577.4999999999999,96.24999999999999,0.375,true,0,3,false,2017-01-01,2018-08-31
5ef131ac72773e5b3f6c0d63cf424657,SP,Sudeste,2018-07-01,2018-08-01,2,2,2,0,10,575.7900000000001,287.89500000000004,1.0,true,0,3,false,2017-01-01,2018-08-31
ed8cb7b190ceb6067227478e48cf8dde,SP,Sudeste,2018-07-01,2018-08-01,2,2,2,0,15,573.5,286.75,1.0,true,0,3,false,2017-01-01,2018-08-31
26af45f5dfd967225a832838aa4e24a3,PR,Sul,2018-01-01,2018-08-01,6,8,8,0,10,573.1,95.51666666666667,0.75,true,0,3,false,2017-01-01,2018-08-31
4e326052e5dbba8adcd512f3450a307e,SP,Sudeste,2018-01-01,2018-02-01,2,2,8,6,3,570.0,285.0,1.0,false,1,3,false,2017-01-01,2018-08-31
9599519be538b98748162a2b48248960,SP,Sudeste,2018-04-01,2018-04-01,1,1,5,4,1,570.0,570.0,1.0,false,1,3,false,2017-01-01,2018-08-31
a35ef466c6fd6d052f5d241240d3c5e2,RS,Sul,2017-08-01,2017-09-01,2,2,13,11,3,569.9,284.95,1.0,false,1,3,false,2017-01-01,2018-08-31
3f9be91358837bff69df67edfa3e42e8,PR,Sul,2018-03-01,2018-05-01,3,3,6,3,7,569.7,189.9,1.0,false,1,3,false,2017-01-01,2018-08-31
a254c682cc01e119f83530446f1df9a9,SP,Sudeste,2018-03-01,2018-08-01,3,6,6,0,6,569.4000000000001,189.80000000000004,0.5,true,0,3,false,2017-01-01,2018-08-31
cd2169d9f31ff6fbb9ca3373b0c9e354,RJ,Sudeste,2018-06-01,2018-06-01,1,1,3,2,1,569.0,569.0,1.0,false,1,3,false,2017-01-01,2018-08-31
4170f6a9367e6b5d6401d03ce6d54569,DF,Centro-Oeste,2017-10-01,2017-12-01,3,3,11,8,4,568.78,189.59333333333333,1.0,false,1,3,false,2017-01-01,2018-08-31
89ad3263c0931c47f976d7c5778e60f6,SP,Sudeste,2018-06-01,2018-07-01,2,2,3,1,6,568.2,284.1,1.0,true,0,3,false,2017-01-01,2018-08-31
f52c2422904463fdd7741f99045fecb6,SP,Sudeste,2018-06-01,2018-08-01,3,3,3,0,12,567.79,189.26333333333332,1.0,true,0,3,false,2017-01-01,2018-08-31
b7ed9fb14c8eadb37adb9c45d67ab0fb,SP,Sudeste,2017-07-01,2018-07-01,5,13,14,1,7,566.0,113.2,0.38461538461538464,true,0,3,false,2017-01-01,2018-08-31
2f74af7a0ee5636f12c2336f9fffed47,SP,Sudeste,2017-06-01,2017-11-01,5,6,15,9,13,560.7,112.14000000000001,0.8333333333333334,false,1,3,false,2017-01-01,2018-08-31
5f5a58930c3c35f3b5af264f34fb8c85,SP,Sudeste,2018-06-01,2018-07-01,2,2,3,1,3,560.0,280.0,1.0,true,0,3,false,2017-01-01,2018-08-31
6dc9bec584588412a6a338830946a3e4,SP,Sudeste,2017-02-01,2017-02-01,1,1,19,18,2,560.0,560.0,1.0,false,1,3,false,2017-01-01,2018-08-31
b12cfd255810394b60caef18ae163547,PR,Sul,2017-11-01,2017-11-01,1,1,10,9,2,560.0,560.0,1.0,false,1,3,false,2017-01-01,2018-08-31
820c7c9eaf76d2b226b6c242bcf3f34d,SP,Sudeste,2017-01-01,2017-01-01,1,1,20,19,1,559.0,559.0,1.0,false,1,3,false,2017-01-01,2018-08-31
35b96509602ec4b7da831b5cd73ff2c2,RS,Sul,2018-05-01,2018-08-01,2,4,4,0,2,558.9,279.45,0.5,true,0,3,false,2017-01-01,2018-08-31
6eeed17989b0ae47c9f11ece6f38ea90,SP,Sudeste,2018-07-01,2018-08-01,2,2,2,0,3,557.0,278.5,1.0,true,0,3,false,2017-01-01,2018-08-31
48fb026ed7455a42f5d3e9390ed5088e,RJ,Sudeste,2017-05-01,2017-12-01,5,8,16,8,11,555.71,111.14200000000001,0.625,false,1,3,false,2017-01-01,2018-08-31
8a207b6080964f3c1fc9d35bd6096ba4,SP,Sudeste,2017-09-01,2017-11-01,2,3,12,9,2,553.7,276.85,0.6666666666666666,false,1,3,false,2017-01-01,2018-08-31
74871d19219c7d518d0090283e03c137,SP,Sudeste,2018-04-01,2018-08-01,4,5,5,0,6,550.04,137.51,0.8,true,0,3,false,2017-01-01,2018-08-31
eb9cd5b35d95206585e2185318cb5c61,SP,Sudeste,2018-06-01,2018-07-01,2,2,3,1,2,550.0,275.0,1.0,true,0,3,false,2017-01-01,2018-08-31
bb2afe2061d53c6968aa0cffa233a8ec,SP,Sudeste,2018-05-01,2018-07-01,2,3,4,1,5,549.4000000000001,274.70000000000005,0.6666666666666666,true,0,3,false,2017-01-01,2018-08-31
e433f5fd4050e3352b5d83522b7fe24b,PR,Sul,2018-08-01,2018-08-01,1,1,1,0,1,548.06,548.06,1.0,true,0,3,false,2017-01-01,2018-08-31
0d33a55da925bbf1ff02af5f6059fc7f,SP,Sudeste,2017-11-01,2018-08-01,8,10,10,0,22,547.3,68.4125,0.8,true,0,3,false,2017-01-01,2018-08-31
6c99c983ce3b6ba0ab813e6790e81691,MG,Sudeste,2018-05-01,2018-08-01,4,4,4,0,9,546.75,136.6875,1.0,true,0,3,false,2017-01-01,2018-08-31
9c1c0c36cd23c20897e473901a8fb149,SP,Sudeste,2018-05-01,2018-08-01,3,4,4,0,6,544.97,181.65666666666667,0.75,true,0,3,false,2017-01-01,2018-08-31
af7cdac9d9897cddead9c6b08976c642,SP,Sudeste,2018-03-01,2018-08-01,4,6,6,0,6,543.54,135.885,0.6666666666666666,true,0,3,false,2017-01-01,2018-08-31
4cc4fd4fdd406a85bbdc1f824b731bd7,PR,Sul,2018-02-01,2018-02-01,1,1,7,6,1,539.98,539.98,1.0,false,1,3,false,2017-01-01,2018-08-31
228e4c1a0be164f613d41c24345f9d2c,PR,Sul,2018-05-01,2018-08-01,4,4,4,0,5,539.6999999999999,134.92499999999998,1.0,true,0,3,false,2017-01-01,2018-08-31
6c17baf138731a4aaacc3210adf2037b,SP,Sudeste,2018-08-01,2018-08-01,1,1,1,0,4,538.8,538.8,1.0,true,0,3,false,2017-01-01,2018-08-31
08d1c9478fb0d7d7fcac9c0da4e82fc7,MG,Sudeste,2018-06-01,2018-06-01,1,1,3,2,1,538.0,538.0,1.0,false,1,3,false,2017-01-01,2018-08-31
79ee721b6f766066a80264402548d359,SP,Sudeste,2017-02-01,2017-02-01,1,1,19,18,2,538.0,538.0,1.0,false,1,3,false,2017-01-01,2018-08-31
ff314fa6033cc68ec451c47aee2d6ba4,SP,Sudeste,2017-01-01,2017-05-01,2,5,20,15,2,537.9,268.95,0.4,false,1,3,false,2017-01-01,2018-08-31
1fe61aa5494bd3ae92a2c13e067c810f,SC,Sul,2017-11-01,2017-11-01,1,1,10,9,1,537.76,537.76,1.0,false,1,3,false,2017-01-01,2018-08-31
cb9fb4ca75d7ba8437480e8dde64fe98,SP,Sudeste,2017-06-01,2017-10-01,5,5,15,10,10,532.14,106.428,1.0,false,1,3,false,2017-01-01,2018-08-31
1f7fd2a6fcd5a6fa5d8a4dabc72aaae0,RS,Sul,2017-04-01,2018-05-01,3,14,17,3,3,531.8,177.26666666666665,0.21428571428571427,false,1,3,false,2017-01-01,2018-08-31
6650fcccd8cd2f7e55ffa524f30c4c59,SP,Sudeste,2017-09-01,2017-11-01,3,3,12,9,3,529.7,176.5666666666667,1.0,false,1,3,false,2017-01-01,2018-08-31
2e7ea2aafec5835e781b21d6d1faf1f1,SP,Sudeste,2018-07-01,2018-08-01,2,2,2,0,7,528.4,264.2,1.0,true,0,3,false,2017-01-01,2018-08-31
7402d13c03a7e91366337cd1de471144,PR,Sul,2017-09-01,2018-08-01,3,12,12,0,4,528.38,176.12666666666667,0.25,true,0,3,false,2017-01-01,2018-08-31
6879c4d287a8dd06b11f54ea8f78e4da,SP,Sudeste,2018-06-01,2018-08-01,3,3,3,0,6,527.67,175.89,1.0,true,0,3,false,2017-01-01,2018-08-31
979e9f8b5b39dd243a2550c8b05aecf0,SP,Sudeste,2018-01-01,2018-04-01,3,4,8,4,3,525.0,175.0,0.75,false,1,3,false,2017-01-01,2018-08-31
3968920b9aa752ab98f7d5888c9252f2,SP,Sudeste,2018-05-01,2018-08-01,4,4,4,0,8,523.3,130.825,1.0,true,0,3,false,2017-01-01,2018-08-31
02b72cdeb9cfcc429f1af6f4e3f3b737,SP,Sudeste,2018-07-01,2018-08-01,2,2,2,0,4,522.65,261.325,1.0,true,0,3,false,2017-01-01,2018-08-31
6e13dd869aa7185f601c941423abcc8f,SP,Sudeste,2018-04-01,2018-07-01,4,4,5,1,5,522.0,130.5,1.0,true,0,3,false,2017-01-01,2018-08-31
c026ef0d72e9132d9fa112308090c8dc,RJ,Sudeste,2018-08-01,2018-08-01,1,1,1,0,1,520.0,520.0,1.0,true,0,3,false,2017-01-01,2018-08-31
fc59392d66ef99377e50356ee4f3b4e1,BA,Nordeste,2018-05-01,2018-08-01,4,4,4,0,5,519.99,129.9975,1.0,true,0,3,false,2017-01-01,2018-08-31
f9ec7093df3a7b346b7bcf7864069ca3,SP,Sudeste,2018-07-01,2018-08-01,2,2,2,0,9,519.2,259.6,1.0,true,0,3,false,2017-01-01,2018-08-31
d197aa8fbc64087f61984deef05f6227,SP,Sudeste,2018-05-01,2018-08-01,3,4,4,0,6,519.0899999999999,173.02999999999997,0.75,true,0,3,false,2017-01-01,2018-08-31
b6dc74ed30f124f95227bed4e43a3bed,PR,Sul,2017-01-01,2017-12-01,9,12,20,8,11,518.96,57.662222222222226,0.75,false,1,3,false,2017-01-01,2018-08-31
ff4e2d38692ce827b1a4f4b8196e680d,SP,Sudeste,2017-08-01,2018-07-01,6,12,13,1,11,518.9,86.48333333333333,0.5,true,0,3,false,2017-01-01,2018-08-31
a7dc4098e4da6e41b426269d12ae7e91,SP,Sudeste,2018-07-01,2018-08-01,2,2,2,0,2,518.0,259.0,1.0,true,0,3,false,2017-01-01,2018-08-31
3296662b1331dea51e744505065ae889,SP,Sudeste,2018-08-01,2018-08-01,1,1,1,0,1,517.8,517.8,1.0,true,0,3,false,2017-01-01,2018-08-31
7e79d65b5c6f1f544b7daea036acf720,SP,Sudeste,2017-06-01,2017-10-01,4,5,15,10,4,517.8,129.45,0.8,false,1,3,false,2017-01-01,2018-08-31
9e6967d3cf386d284251784b18ccb485,SP,Sudeste,2018-06-01,2018-08-01,3,3,3,0,9,517.67,172.55666666666664,1.0,true,0,3,false,2017-01-01,2018-08-31
64cc804291f90c81f02bfc2bb58ff55a,PR,Sul,2018-04-01,2018-07-01,2,4,5,1,2,517.6,258.8,0.5,true,0,3,false,2017-01-01,2018-08-31
1d503743d2526f03f0c2c89540ee008c,SP,Sudeste,2018-01-01,2018-07-01,7,7,8,1,12,516.0400000000001,73.72000000000001,1.0,true,0,3,false,2017-01-01,2018-08-31
b87a7ea0c30fad2dd6781b74a0064859,SP,Sudeste,2018-01-01,2018-07-01,4,7,8,1,9,515.4,128.85,0.5714285714285714,true,0,3,false,2017-01-01,2018-08-31
a06c8ff043abea0528ee44171e2140a2,MG,Sudeste,2018-02-01,2018-08-01,6,7,7,0,8,514.5,85.75,0.8571428571428571,true,0,3,false,2017-01-01,2018-08-31
c157bdeedcbc9a8e3c8bf0d87ff24428,SP,Sudeste,2017-05-01,2017-08-01,4,4,16,12,7,514.27,128.5675,1.0,false,1,3,false,2017-01-01,2018-08-31
7e959205cebc10adefcb331f934238a4,SP,Sudeste,2017-02-01,2017-02-01,1,1,19,18,2,513.9000000000001,513.9000000000001,1.0,false,1,3,false,2017-01-01,2018-08-31
4a82168aaef173cbb6e46ae88728f919,PR,Sul,2018-07-01,2018-08-01,2,2,2,0,4,512.0,256.0,1.0,true,0,3,false,2017-01-01,2018-08-31
c84592044b180dec206770c38603814b,SP,Sudeste,2018-02-01,2018-05-01,4,4,7,3,15,511.94000000000005,127.98500000000001,1.0,false,1,3,false,2017-01-01,2018-08-31
2b2fed75b8e5ea3a052fc4c0825da485,MG,Sudeste,2017-04-01,2017-07-01,2,4,17,13,3,510.9,255.45,0.5,false,1,3,false,2017-01-01,2018-08-31
c3aad7dc65449ae90a5e9c3c6c1e78e0,SP,Sudeste,2018-08-01,2018-08-01,1,1,1,0,6,510.0,510.0,1.0,true,0,3,false,2017-01-01,2018-08-31
c53bcd3be457a342a97e39e5a9f0be22,SE,Nordeste,2017-01-01,2018-07-01,4,19,20,1,5,509.50000000000006,127.37500000000001,0.21052631578947367,true,0,3,false,2017-01-01,2018-08-31
270d3ef21830ad0ecf3a6c53d08a533a,SP,Sudeste,2017-12-01,2018-04-01,5,5,9,4,6,509.0,101.8,1.0,false,1,3,false,2017-01-01,2018-08-31
4be6b962d83299498bae2190f95d6566,SP,Sudeste,2018-03-01,2018-08-01,4,6,6,0,11,508.79999999999995,127.19999999999999,0.6666666666666666,true,0,3,false,2017-01-01,2018-08-31
f650a9708fa1bab22bdd8d3a818cc415,SC,Sul,2017-01-01,2017-08-01,3,8,20,12,5,507.75,169.25,0.375,false,1,3,false,2017-01-01,2018-08-31
33cbda8716511e27e556dff9d8418bf2,SC,Sul,2017-03-01,2018-06-01,5,16,18,2,5,507.40000000000003,101.48,0.3125,false,1,3,false,2017-01-01,2018-08-31
5e49e3a44bdeb5aab2684258bbd4f525,SC,Sul,2017-12-01,2018-03-01,3,4,9,5,3,507.0,169.0,0.75,false,1,3,false,2017-01-01,2018-08-31
3ea00e1dea2b0659dbaf654735929220,PR,Sul,2017-02-01,2018-03-01,7,14,19,5,7,505.0,72.14285714285714,0.5,false,1,3,false,2017-01-01,2018-08-31
e627629ba868740e287800f1a9be81c2,SP,Sudeste,2017-02-01,2017-07-01,5,6,19,13,13,504.5,100.9,0.8333333333333334,false,1,3,false,2017-01-01,2018-08-31
2493dc3f20131696a0ecdb9948051a8d,DF,Centro-Oeste,2017-01-01,2017-02-01,2,2,20,18,4,504.38,252.19,1.0,false,1,3,false,2017-01-01,2018-08-31
20a7efa9721046319bdde5d60b6b5365,SP,Sudeste,2018-01-01,2018-02-01,2,2,8,6,3,501.2,250.6,1.0,false,1,3,false,2017-01-01,2018-08-31
39a5005f2605cbdb4f9ac14485cabfd1,SP,Sudeste,2018-06-01,2018-08-01,3,3,3,0,3,501.06999999999994,167.0233333333333,1.0,true,0,3,false,2017-01-01,2018-08-31
28fb0829fd777877cdc350d25cb5bd5b,SP,Sudeste,2017-10-01,2018-01-01,3,4,11,7,4,499.6,166.53333333333333,0.75,false,1,3,false,2017-01-01,2018-08-31
97e995629983723d11830a829bc2b246,SP,Sudeste,2017-11-01,2018-08-01,4,10,10,0,5,499.5,124.875,0.4,true,0,3,false,2017-01-01,2018-08-31
13c2ed7698b3ca92dad49e849219da59,PR,Sul,2018-01-01,2018-08-01,5,8,8,0,8,498.61,99.72200000000001,0.625,true,0,3,false,2017-01-01,2018-08-31
265fdc289dffa9f1ad801c74f7d0de47,SP,Sudeste,2018-08-01,2018-08-01,1,1,1,0,1,495.0,495.0,1.0,true,0,3,false,2017-01-01,2018-08-31
ccbd753e6863fe7314dc6c0ca5a074e7,SC,Sul,2018-08-01,2018-08-01,1,1,1,0,1,495.0,495.0,1.0,true,0,3,false,2017-01-01,2018-08-31
e59e489e2ea74bd409b798b5daf49de3,PR,Sul,2017-09-01,2018-05-01,3,9,12,3,3,495.0,165.0,0.3333333333333333,false,1,3,false,2017-01-01,2018-08-31
c458e2045a8aa8964f8879af03fdcce6,SP,Sudeste,2017-02-01,2017-05-01,3,4,19,15,4,494.91,164.97,0.75,false,1,3,false,2017-01-01,2018-08-31
fcba71d4d5db057f43249145e4eb1e27,SP,Sudeste,2017-10-01,2018-02-01,3,5,11,6,3,494.54999999999995,164.85,0.6,false,1,3,false,2017-01-01,2018-08-31
c286ec035ee04ba81c97508f0b5df544,PR,Sul,2017-05-01,2017-09-01,2,5,16,11,2,493.0,246.5,0.4,false,1,3,false,2017-01-01,2018-08-31
0951a6e282947e09cd47969f4ed0b47f,SP,Sudeste,2018-07-01,2018-08-01,2,2,2,0,7,492.3,246.15,1.0,true,0,3,false,2017-01-01,2018-08-31
e601b04acf48b4576e73ddca9481f0dc,SP,Sudeste,2018-04-01,2018-08-01,5,5,5,0,15,491.94,98.388,1.0,true,0,3,false,2017-01-01,2018-08-31
b9c0ffa92f3ff9a5a3d45ef7213c0842,SP,Sudeste,2017-09-01,2017-12-01,3,4,12,8,3,490.0,163.33333333333334,0.75,false,1,3,false,2017-01-01,2018-08-31
64b87978a11c1ea7501a89eabe8c2c1a,SP,Sudeste,2017-01-01,2017-02-01,2,2,20,18,7,489.92999999999995,244.96499999999997,1.0,false,1,3,false,2017-01-01,2018-08-31
7816cd9c5b1238e320545f5bf7eb80e8,SP,Sudeste,2018-05-01,2018-05-01,1,1,4,3,1,489.0,489.0,1.0,false,1,3,false,2017-01-01,2018-08-31
f88adb15807168d3c43d71021090ce4a,SP,Sudeste,2018-04-01,2018-08-01,2,5,5,0,3,488.8,244.4,0.4,true,0,3,false,2017-01-01,2018-08-31
d65f31d2413268e671989503f6cf9993,SP,Sudeste,2017-02-01,2017-03-01,2,2,19,17,2,488.79999999999995,244.39999999999998,1.0,false,1,3,false,2017-01-01,2018-08-31
6219ba2359cfb97f2e38fd4c321eb309,SP,Sudeste,2017-09-01,2018-06-01,5,10,12,2,6,487.50000000000006,97.50000000000001,0.5,false,1,3,false,2017-01-01,2018-08-31
09bad886111255c5b5030314fc7f1a4a,SP,Sudeste,2018-08-01,2018-08-01,1,1,1,0,5,487.5,487.5,1.0,true,0,3,false,2017-01-01,2018-08-31
83a75eea11694e36e56dd0cb2240229a,SP,Sudeste,2018-02-01,2018-04-01,3,3,7,4,3,487.0,162.33333333333334,1.0,false,1,3,false,2017-01-01,2018-08-31
b3f19518fcec265b2e97af287725f981,SP,Sudeste,2017-03-01,2017-08-01,3,6,18,12,9,486.91,162.30333333333334,0.5,false,1,3,false,2017-01-01,2018-08-31
6ee85be3693ed79a8e80718743d80655,SP,Sudeste,2017-01-01,2017-05-01,4,5,20,15,9,484.5,121.125,0.8,false,1,3,false,2017-01-01,2018-08-31
c7a0a13cbcf29d5ce51c8f80afdc0b89,SC,Sul,2017-10-01,2018-08-01,7,11,11,0,8,483.08000000000004,69.01142857142858,0.6363636363636364,true,0,3,false,2017-01-01,2018-08-31
70c4eedec9cb4a85cda2f3f9673557b4,SP,Sudeste,2017-06-01,2017-08-01,2,3,15,12,2,479.8,239.9,0.6666666666666666,false,1,3,false,2017-01-01,2018-08-31
c1f12f926d0ba950578b4fa41115cbb6,SP,Sudeste,2018-02-01,2018-08-01,2,7,7,0,2,479.6,239.8,0.2857142857142857,true,0,3,false,2017-01-01,2018-08-31
0c7f30ae9b147eca07affbef92832a6a,PR,Sul,2017-03-01,2017-04-01,2,2,18,16,5,479.50000000000006,239.75000000000003,1.0,false,1,3,false,2017-01-01,2018-08-31
32fdd5d44ecb43dfd6a24b9369eca144,MG,Sudeste,2017-03-01,2017-05-01,3,3,18,15,8,479.2,159.73333333333332,1.0,false,1,3,false,2017-01-01,2018-08-31
bac692d6c0ed08467878018e6cc9c26c,SC,Sul,2018-07-01,2018-07-01,1,1,2,1,1,477.0,477.0,1.0,true,0,3,false,2017-01-01,2018-08-31
f1198c871e0171278b63f40d112caeec,SP,Sudeste,2017-08-01,2017-11-01,2,4,13,9,2,475.8,237.9,0.5,false,1,3,false,2017-01-01,2018-08-31
29e6e05b65f93bc224c644319dc52ecf,MG,Sudeste,2018-06-01,2018-08-01,3,3,3,0,4,475.6,158.53333333333333,1.0,true,0,3,false,2017-01-01,2018-08-31
768de2a4fc06aacecb9a586ccc30746a,DF,Centro-Oeste,2017-08-01,2018-05-01,7,10,13,3,14,475.6,67.94285714285715,0.7,false,1,3,false,2017-01-01,2018-08-31
e1b12447a7563944843191754aeb5562,SP,Sudeste,2017-09-01,2018-01-01,4,5,12,7,9,472.46000000000004,118.11500000000001,0.8,false,1,3,false,2017-01-01,2018-08-31
e3dd723429d1b23614b7fa85e2c7a853,SP,Sudeste,2018-03-01,2018-06-01,4,4,6,2,7,471.04999999999995,117.76249999999999,1.0,false,1,3,false,2017-01-01,2018-08-31
2953ce3a88f5e3c3b696d77fc9e4c8eb,SP,Sudeste,2017-10-01,2018-08-01,5,11,11,0,14,470.0,94.0,0.45454545454545453,true,0,3,false,2017-01-01,2018-08-31
8fec2e460530482132c436cfb5439925,SP,Sudeste,2018-01-01,2018-02-01,2,2,8,6,3,468.46,234.23,1.0,false,1,3,false,2017-01-01,2018-08-31
038b75b729c8a9a04b0d07cba7eabe86,SP,Sudeste,2018-04-01,2018-04-01,1,1,5,4,2,467.0,467.0,1.0,false,1,3,false,2017-01-01,2018-08-31
c42fd8e4d47dfb18ce5222f2dd7752f9,SP,Sudeste,2017-02-01,2017-05-01,3,4,19,15,7,466.99,155.66333333333333,0.75,false,1,3,false,2017-01-01,2018-08-31
9fc70243fb26800cba56e8f014797004,MG,Sudeste,2017-11-01,2018-07-01,6,9,10,1,6,466.6,77.76666666666667,0.6666666666666666,true,0,3,false,2017-01-01,2018-08-31
feb793c88d836c3a75efa4b5a3465d70,SP,Sudeste,2018-03-01,2018-03-01,1,1,6,5,1,466.0,466.0,1.0,false,1,3,false,2017-01-01,2018-08-31
2c3d56f92f360fb89d849b84e8f50eae,SP,Sudeste,2017-10-01,2018-03-01,5,6,11,5,8,465.6,93.12,0.8333333333333334,false,1,3,false,2017-01-01,2018-08-31
ee2fbacc2fc3794e656cc4d933d59ce7,SP,Sudeste,2018-08-01,2018-08-01,1,1,1,0,2,464.97,464.97,1.0,true,0,3,false,2017-01-01,2018-08-31
651fe66032c9520ee5587f694908040d,RS,Sul,2018-07-01,2018-08-01,2,2,2,0,7,464.0,232.0,1.0,true,0,3,false,2017-01-01,2018-08-31
40536e7ca18e1bce252828e5876466cc,SP,Sudeste,2017-08-01,2017-09-01,2,2,13,11,2,463.96,231.98,1.0,false,1,3,false,2017-01-01,2018-08-31
0a82f5fb06a4fe4ac2cf7cb412ec71b8,SP,Sudeste,2018-02-01,2018-03-01,2,2,7,5,2,462.0,231.0,1.0,false,1,3,false,2017-01-01,2018-08-31
cb0b3bcf14e0a709df412a99424a59d7,SP,Sudeste,2018-04-01,2018-04-01,1,1,5,4,2,460.0,460.0,1.0,false,1,3,false,2017-01-01,2018-08-31
aec99834ab5d38ead22766ada8497e87,PR,Sul,2018-07-01,2018-07-01,1,1,2,1,1,459.0,459.0,1.0,true,0,3,false,2017-01-01,2018-08-31
8b2d4ab22f42c5cfc338b846decfda60,PR,Sul,2018-03-01,2018-08-01,5,6,6,0,6,458.0,91.6,0.8333333333333334,true,0,3,false,2017-01-01,2018-08-31
dd88d13bea9e4c2bf47daf224f8141e5,RS,Sul,2018-04-01,2018-04-01,1,1,5,4,1,458.0,458.0,1.0,false,1,3,false,2017-01-01,2018-08-31
38102b031c2a15e54623d711bfc753d3,CE,Nordeste,2017-02-01,2018-02-01,7,13,19,6,9,457.0,65.28571428571429,0.5384615384615384,false,1,3,false,2017-01-01,2018-08-31
e546117ed9cafbc40239c0c78635c584,SP,Sudeste,2018-04-01,2018-08-01,2,5,5,0,2,456.0,228.0,0.4,true,0,3,false,2017-01-01,2018-08-31
117cfc326c6d50da67ca858ff5c0c852,RJ,Sudeste,2018-05-01,2018-05-01,1,1,4,3,5,454.6,454.6,1.0,false,1,3,false,2017-01-01,2018-08-31
35857757f553273b1056c1cabdace7fb,SP,Sudeste,2017-07-01,2018-03-01,5,9,14,5,6,454.6,90.92,0.5555555555555556,false,1,3,false,2017-01-01,2018-08-31
b248792ac0b60ec3f93d80af1b4fae47,SP,Sudeste,2018-07-01,2018-08-01,2,2,2,0,7,454.5,227.25,1.0,true,0,3,false,2017-01-01,2018-08-31
55029529919c0123526150bd26ca8f20,MG,Sudeste,2018-06-01,2018-08-01,3,3,3,0,7,453.95,151.31666666666666,1.0,true,0,3,false,2017-01-01,2018-08-31
fc4751cfe3b279c419615b9b00c1abb4,PR,Sul,2017-02-01,2017-02-01,1,1,19,18,1,453.7,453.7,1.0,false,1,3,false,2017-01-01,2018-08-31
7994b065a7ffb14e71c6312cf87b9de2,ES,Sudeste,2018-06-01,2018-08-01,3,3,3,0,5,453.0,151.0,1.0,true,0,3,false,2017-01-01,2018-08-31
e5899683388855d3dabe8913bbe365de,SP,Sudeste,2018-07-01,2018-08-01,2,2,2,0,3,452.88,226.44,1.0,true,0,3,false,2017-01-01,2018-08-31
777a0c55737f34ffeb78010f7542ab41,SP,Sudeste,2018-06-01,2018-08-01,3,3,3,0,6,452.5,150.83333333333334,1.0,true,0,3,false,2017-01-01,2018-08-31
eb5b6204dde3a6e03b5f1bb8479f055b,SP,Sudeste,2017-12-01,2018-06-01,7,7,9,2,19,452.19999999999993,64.6,1.0,false,1,3,false,2017-01-01,2018-08-31
08f5819815f3d06545011850bd70f0a8,SP,Sudeste,2018-06-01,2018-08-01,2,3,3,0,3,452.0,226.0,0.6666666666666666,true,0,3,false,2017-01-01,2018-08-31
4de6e4ba574aa9dfdc824bc44dc47fdd,PR,Sul,2018-01-01,2018-07-01,6,7,8,1,14,451.1,75.18333333333334,0.8571428571428571,true,0,3,false,2017-01-01,2018-08-31
b98b715fe9e276204e2a3464f48cd796,SP,Sudeste,2017-02-01,2018-04-01,3,15,19,4,6,450.58000000000004,150.19333333333336,0.2,false,1,3,false,2017-01-01,2018-08-31
101a3a003516bc11253298b2fad3cb65,SP,Sudeste,2018-06-01,2018-07-01,2,2,3,1,5,450.0,225.0,1.0,true,0,3,false,2017-01-01,2018-08-31
968ee78631915a63fef426d6733d7422,RS,Sul,2017-06-01,2017-11-01,2,6,15,9,2,450.0,225.0,0.3333333333333333,false,1,3,false,2017-01-01,2018-08-31
d90fe2229fee1a5da999ccd0c06c1667,SP,Sudeste,2018-07-01,2018-08-01,2,2,2,0,3,450.0,225.0,1.0,true,0,3,false,2017-01-01,2018-08-31
bbaff50f3b708fda865918715276cd87,SP,Sudeste,2017-03-01,2018-08-01,10,18,18,0,12,449.70000000000005,44.970000000000006,0.5555555555555556,true,0,3,false,2017-01-01,2018-08-31
a11a0e0ca67423425691db355cff69b0,SP,Sudeste,2018-07-01,2018-08-01,2,2,2,0,2,448.9,224.45,1.0,true,0,3,false,2017-01-01,2018-08-31
3d0cd21d41671c46f82cd11176bf7277,SC,Sul,2017-08-01,2018-08-01,7,13,13,0,9,447.79999999999995,63.97142857142857,0.5384615384615384,true,0,3,false,2017-01-01,2018-08-31
5e106d93b717c2682b9383da480364a1,PR,Sul,2017-04-01,2017-04-01,1,1,17,16,1,445.9,445.9,1.0,false,1,3,false,2017-01-01,2018-08-31
a5bff0f43eb51f0cad7c37fac7244c8a,SP,Sudeste,2017-02-01,2017-09-01,4,8,19,11,4,445.0,111.25,0.5,false,1,3,false,2017-01-01,2018-08-31
6c1b6d0c604b776f844125f911eb7377,SP,Sudeste,2017-02-01,2017-03-01,2,2,19,17,5,443.06,221.53,1.0,false,1,3,false,2017-01-01,2018-08-31
d4e4b5192cba4e0e66eb12a9d347239d,PR,Sul,2017-03-01,2017-11-01,6,9,18,9,12,441.79999999999995,73.63333333333333,0.6666666666666666,false,1,3,false,2017-01-01,2018-08-31
6cf476a4ca74498db55cbccdaa9dcfb6,SP,Sudeste,2017-02-01,2017-05-01,4,4,19,15,5,439.94,109.985,1.0,false,1,3,false,2017-01-01,2018-08-31
f22a247b79dd22ecd91dc8e3b2a1b07c,SP,Sudeste,2018-05-01,2018-08-01,3,4,4,0,8,439.93999999999994,146.64666666666665,0.75,true,0,3,false,2017-01-01,2018-08-31
64c9a1db4e73e19aaafd3286dc448c96,PR,Sul,2018-08-01,2018-08-01,1,1,1,0,1,439.0,439.0,1.0,true,0,3,false,2017-01-01,2018-08-31
c3251e13f1bbda6c74e37c160f991e19,SP,Sudeste,2017-03-01,2017-05-01,2,3,18,15,2,437.79999999999995,218.89999999999998,0.6666666666666666,false,1,3,false,2017-01-01,2018-08-31
b29d3380981c51df13fc6fbe87e1763d,SP,Sudeste,2018-04-01,2018-08-01,4,5,5,0,6,435.3,108.825,0.8,true,0,3,false,2017-01-01,2018-08-31
98115075dd26cb8835946fc6086f5d30,SP,Sudeste,2018-04-01,2018-08-01,3,5,5,0,4,434.96,144.98666666666665,0.6,true,0,3,false,2017-01-01,2018-08-31
26d6bbee02420494d471c9f6436929c0,PR,Sul,2018-04-01,2018-08-01,5,5,5,0,12,434.51,86.902,1.0,true,0,3,false,2017-01-01,2018-08-31
c0e6839516f5398edc34adf5f1d53d1a,SP,Sudeste,2017-05-01,2017-08-01,2,4,16,12,3,432.92,216.46,0.5,false,1,3,false,2017-01-01,2018-08-31
4e480be820e37de1444325ff358c9296,MG,Sudeste,2018-07-01,2018-07-01,1,1,2,1,1,430.3,430.3,1.0,true,0,3,false,2017-01-01,2018-08-31
f7df46c1e0ec44eed5c6726478da4a17,RS,Sul,2017-06-01,2017-07-01,2,2,15,13,3,429.70000000000005,214.85000000000002,1.0,false,1,3,false,2017-01-01,2018-08-31
939e6227d6964a11a70aa91243e418f2,MG,Sudeste,2018-08-01,2018-08-01,1,1,1,0,4,425.0,425.0,1.0,true,0,3,false,2017-01-01,2018-08-31
a45314082d50d578a4721c9787ce09ab,SP,Sudeste,2018-08-01,2018-08-01,1,1,1,0,2,424.9,424.9,1.0,true,0,3,false,2017-01-01,2018-08-31
dc50afafdfa325eadc890c7fa42a8f4e,PR,Sul,2018-06-01,2018-08-01,3,3,3,0,4,424.2,141.4,1.0,true,0,3,false,2017-01-01,2018-08-31
b080809eaacb49e5ca07290981472431,MG,Sudeste,2017-02-01,2018-05-01,7,16,19,3,11,424.0,60.57142857142857,0.4375,false,1,3,false,2017-01-01,2018-08-31
acf974e4d5950ad143a247471b831eb9,RS,Sul,2017-03-01,2017-10-01,3,8,18,10,5,423.8,141.26666666666668,0.375,false,1,3,false,2017-01-01,2018-08-31
41e0fa5761c886a630994a55c12087e7,SP,Sudeste,2018-04-01,2018-06-01,3,3,5,2,5,423.6,141.20000000000002,1.0,false,1,3,false,2017-01-01,2018-08-31
7c1fea10b5b006671d608b1d7c446ec4,SP,Sudeste,2017-10-01,2018-06-01,7,9,11,2,14,423.59999999999997,60.51428571428571,0.7777777777777778,false,1,3,false,2017-01-01,2018-08-31
5dc203c7b84a0e71e878a179de05fb9a,SP,Sudeste,2018-05-01,2018-08-01,4,4,4,0,5,421.9,105.475,1.0,true,0,3,false,2017-01-01,2018-08-31
c714262700f93defc16bf17a51a4cb23,SP,Sudeste,2018-03-01,2018-05-01,3,3,6,3,4,421.79999999999995,140.6,1.0,false,1,3,false,2017-01-01,2018-08-31
9d5604a1f112324ad6b2aa552122e0fb,SP,Sudeste,2017-11-01,2018-08-01,7,10,10,0,13,421.5,60.214285714285715,0.7,true,0,3,false,2017-01-01,2018-08-31
cc80e2f693fa6e2408f47ccf62413fc1,PR,Sul,2017-11-01,2017-12-01,2,2,10,8,2,420.0,210.0,1.0,false,1,3,false,2017-01-01,2018-08-31
189ca3538ce9f920cacf0f982cbe223b,SP,Sudeste,2018-06-01,2018-08-01,3,3,3,0,4,419.0,139.66666666666666,1.0,true,0,3,false,2017-01-01,2018-08-31
6d7f8d9d594e28796b6b3205b00f459c,PR,Sul,2017-05-01,2017-07-01,2,3,16,13,3,417.9,208.95,0.6666666666666666,false,1,3,false,2017-01-01,2018-08-31
7b7f91e98f8c6def45a1407923304402,SP,Sudeste,2018-04-01,2018-07-01,4,4,5,1,11,417.46999999999997,104.36749999999999,1.0,true,0,3,false,2017-01-01,2018-08-31
b64d51f0435e884e8de603b1655155ae,SP,Sudeste,2018-04-01,2018-08-01,5,5,5,0,17,416.17999999999995,83.23599999999999,1.0,true,0,3,false,2017-01-01,2018-08-31
a53f60f05f822b5c621a50ff6a5cb362,MG,Sudeste,2018-06-01,2018-08-01,2,3,3,0,4,415.4,207.7,0.6666666666666666,true,0,3,false,2017-01-01,2018-08-31
34a557286ead8fe75c989e0afcf7d98c,SP,Sudeste,2018-05-01,2018-08-01,4,4,4,0,4,414.9,103.725,1.0,true,0,3,false,2017-01-01,2018-08-31
35fb511489d9ee3ee27a76debce9df06,PR,Sul,2017-02-01,2018-04-01,6,15,19,4,7,414.5,69.08333333333333,0.4,false,1,3,false,2017-01-01,2018-08-31
ff1e15b778c700abdd4d239b81ac466d,PR,Sul,2018-08-01,2018-08-01,1,1,1,0,7,414.29999999999995,414.29999999999995,1.0,true,0,3,false,2017-01-01,2018-08-31
bd149ed516d4c5d418d5781f8e18919f,SP,Sudeste,2017-10-01,2018-08-01,3,11,11,0,8,414.0,138.0,0.2727272727272727,true,0,3,false,2017-01-01,2018-08-31
acb6c2ca5c82411c1fdb88d5fd5eb95e,SP,Sudeste,2017-02-01,2018-08-01,6,19,19,0,10,413.88,68.98,0.3157894736842105,true,0,3,false,2017-01-01,2018-08-31
042573af89b6d931f672efaf789d8358,SP,Sudeste,2018-01-01,2018-02-01,2,2,8,6,3,413.48,206.74,1.0,false,1,3,false,2017-01-01,2018-08-31
ead2bab70821ea148476ae9bc08548ac,MG,Sudeste,2017-10-01,2018-08-01,7,11,11,0,9,412.09999999999997,58.87142857142857,0.6363636363636364,true,0,3,false,2017-01-01,2018-08-31
a35124e2d763d7ca3fbe3b97d143200f,SP,Sudeste,2017-03-01,2017-05-01,3,3,18,15,4,411.5,137.16666666666666,1.0,false,1,3,false,2017-01-01,2018-08-31
86ff3eaef0267069cc891a2ed9d10a17,SC,Sul,2018-04-01,2018-07-01,4,4,5,1,7,409.75,102.4375,1.0,true,0,3,false,2017-01-01,2018-08-31
5275ca25d0358ca73864e0ae41be1320,SP,Sudeste,2018-07-01,2018-08-01,2,2,2,0,4,409.6,204.8,1.0,true,0,3,false,2017-01-01,2018-08-31
f4ce8ca9fa7157e3b33f536ac9a4487d,SP,Sudeste,2018-07-01,2018-08-01,2,2,2,0,4,409.6,204.8,1.0,true,0,3,false,2017-01-01,2018-08-31
c3f5668699a1b04c0fa61ecea1e2bff6,PR,Sul,2018-03-01,2018-08-01,3,6,6,0,3,407.81,135.93666666666667,0.5,true,0,3,false,2017-01-01,2018-08-31
20a8b0dc55da94fe74d112082427c84f,SP,Sudeste,2018-07-01,2018-08-01,2,2,2,0,7,407.4,203.7,1.0,true,0,3,false,2017-01-01,2018-08-31
6b803197e03abd5056b4313306b4f29d,SP,Sudeste,2018-02-01,2018-08-01,4,7,7,0,7,407.0,101.75,0.5714285714285714,true,0,3,false,2017-01-01,2018-08-31
4a23adac87cf538689fa600d976f78b2,SP,Sudeste,2018-08-01,2018-08-01,1,1,1,0,3,405.0,405.0,1.0,true,0,3,false,2017-01-01,2018-08-31
179d859f51292aac5c10806a356f7af9,SP,Sudeste,2018-06-01,2018-08-01,3,3,3,0,18,404.47,134.82333333333335,1.0,true,0,3,false,2017-01-01,2018-08-31
ed9eef5be0992d413d251fadba1a410d,SP,Sudeste,2017-01-01,2017-03-01,3,3,20,17,3,404.09999999999997,134.7,1.0,false,1,3,false,2017-01-01,2018-08-31
5563732abe64c3036cb97ad924128dd1,SP,Sudeste,2017-06-01,2017-12-01,2,7,15,8,2,404.0,202.0,0.2857142857142857,false,1,3,false,2017-01-01,2018-08-31
0ddefe3c7a032b91f4e25b9c3a08fca1,SP,Sudeste,2018-04-01,2018-08-01,5,5,5,0,9,402.9,80.58,1.0,true,0,3,false,2017-01-01,2018-08-31
29fe9f200d3fa0c668d2aa1ec7e08dfb,SC,Sul,2017-06-01,2017-09-01,4,4,15,11,5,400.0,100.0,1.0,false,1,3,false,2017-01-01,2018-08-31
ceb7b4fb9401cd378de7886317ad1b47,RJ,Sudeste,2017-08-01,2017-08-01,1,1,13,12,1,399.9,399.9,1.0,false,1,3,false,2017-01-01,2018-08-31
d7485b33791774c36108f8c69602d48d,PR,Sul,2018-04-01,2018-07-01,4,4,5,1,10,399.82,99.955,1.0,true,0,3,false,2017-01-01,2018-08-31
62d977e2b2aee830de3e039a28490d12,PR,Sul,2018-01-01,2018-01-01,1,1,8,7,2,399.8,399.8,1.0,false,1,3,false,2017-01-01,2018-08-31
63ffcb71394dd8ea3872ed9ffda17c74,RJ,Sudeste,2017-02-01,2017-07-01,5,6,19,13,17,399.0,79.8,0.8333333333333334,false,1,3,false,2017-01-01,2018-08-31
d263fa444c1504a75cbca5cc465f592a,SP,Sudeste,2018-07-01,2018-07-01,1,1,2,1,1,399.0,399.0,1.0,true,0,3,false,2017-01-01,2018-08-31
fadb07c842a2aef5d5a676b85f220e71,SP,Sudeste,2018-06-01,2018-08-01,3,3,3,0,7,398.75,132.91666666666666,1.0,true,0,3,false,2017-01-01,2018-08-31
73da1880b39c71de2b262bc7720c1494,SP,Sudeste,2017-07-01,2018-01-01,2,7,14,7,2,398.0,199.0,0.2857142857142857,false,1,3,false,2017-01-01,2018-08-31
48e954b2da4f6a750c844173b347ed40,RS,Sul,2018-04-01,2018-05-01,2,2,5,3,2,397.8,198.9,1.0,false,1,3,false,2017-01-01,2018-08-31
c52c644cc0dc85121207a27013efc6af,MG,Sudeste,2018-08-01,2018-08-01,1,1,1,0,1,397.8,397.8,1.0,true,0,3,false,2017-01-01,2018-08-31
12a8eb0f8d1cd3270695bf2a99f55966,SP,Sudeste,2017-10-01,2017-12-01,2,3,11,8,2,397.0,198.5,0.6666666666666666,false,1,3,false,2017-01-01,2018-08-31
62760d278921b5f352461620d68a9cee,SP,Sudeste,2017-02-01,2017-02-01,1,1,19,18,3,397.0,397.0,1.0,false,1,3,false,2017-01-01,2018-08-31
41b14765bd56c8ad10971074380f9c0c,SP,Sudeste,2018-03-01,2018-07-01,5,5,6,1,8,395.5,79.1,1.0,true,0,3,false,2017-01-01,2018-08-31
9b76ad3d04236f76bc71c59470305e13,SP,Sudeste,2018-07-01,2018-08-01,2,2,2,0,2,394.70000000000005,197.35000000000002,1.0,true,0,3,false,2017-01-01,2018-08-31
0249d282d911d23cb8b869ab49c99f53,SP,Sudeste,2017-09-01,2018-03-01,4,7,12,5,11,393.0,98.25,0.5714285714285714,false,1,3,false,2017-01-01,2018-08-31
a2fa0bdc798ee84cdb08281337cf4fb6,SC,Sul,2017-03-01,2018-03-01,7,13,18,5,10,392.75,56.107142857142854,0.5384615384615384,false,1,3,false,2017-01-01,2018-08-31
bc30de0d71bd6260b936a026b5cf7200,SP,Sudeste,2018-04-01,2018-04-01,1,1,5,4,3,392.37,392.37,1.0,false,1,3,false,2017-01-01,2018-08-31
59cd88080b93f3c18508673122d26169,SP,Sudeste,2017-07-01,2017-12-01,5,6,14,8,10,392.33000000000004,78.46600000000001,0.8333333333333334,false,1,3,false,2017-01-01,2018-08-31
fe4cd9461203cee790d36792420b310f,MG,Sudeste,2017-03-01,2017-09-01,3,7,18,11,3,391.15,130.38333333333333,0.42857142857142855,false,1,3,false,2017-01-01,2018-08-31
c13ef0cfbe42f190780f621ce81f2234,SP,Sudeste,2018-01-01,2018-01-01,1,1,8,7,1,390.0,390.0,1.0,false,1,3,false,2017-01-01,2018-08-31
8936ba0de1073ee888cb3185ae5dc661,SP,Sudeste,2017-04-01,2017-04-01,1,1,17,16,1,389.99,389.99,1.0,false,1,3,false,2017-01-01,2018-08-31
4049512728d969bec69f84088b012416,MG,Sudeste,2017-04-01,2018-01-01,4,10,17,7,7,389.84,97.46,0.4,false,1,3,false,2017-01-01,2018-08-31
ea00f977a203ff88adf7057cb7806998,SP,Sudeste,2018-07-01,2018-08-01,2,2,2,0,19,389.72,194.86,1.0,true,0,3,false,2017-01-01,2018-08-31
0fe2d9733ed841eb064503920015a8c0,SP,Sudeste,2018-05-01,2018-07-01,2,3,4,1,3,389.64,194.82,0.6666666666666666,true,0,3,false,2017-01-01,2018-08-31
a7ecf689b40a44361e259b28939023e4,ES,Sudeste,2018-07-01,2018-07-01,1,1,2,1,1,389.0,389.0,1.0,true,0,3,false,2017-01-01,2018-08-31
c1849d4d32d7a6cecd5aa471809d3135,SP,Sudeste,2018-08-01,2018-08-01,1,1,1,0,3,388.98,388.98,1.0,true,0,3,false,2017-01-01,2018-08-31
2009a095de2a2a41626f6c6d7722678d,SP,Sudeste,2017-03-01,2017-10-01,5,8,18,10,8,388.89,77.77799999999999,0.625,false,1,3,false,2017-01-01,2018-08-31
78ef7e885d17f35e2382a47aae8b8cce,RS,Sul,2017-02-01,2017-07-01,3,6,19,13,3,388.0,129.33333333333334,0.5,false,1,3,false,2017-01-01,2018-08-31
e4fc40017a6d22c46a14ac2e17f87c3e,PR,Sul,2017-05-01,2017-08-01,3,4,16,12,3,387.0,129.0,0.75,false,1,3,false,2017-01-01,2018-08-31
94d76e96eedd976258cd3278ce56d5f2,SP,Sudeste,2018-05-01,2018-05-01,1,1,4,3,1,385.61,385.61,1.0,false,1,3,false,2017-01-01,2018-08-31
559d56f3b8f0bc2e5a9a62fe2ce2a39f,SC,Sul,2018-08-01,2018-08-01,1,1,1,0,2,385.0,385.0,1.0,true,0,3,false,2017-01-01,2018-08-31
79565f7d5603b24ddf07ade262547f2f,SP,Sudeste,2017-02-01,2017-05-01,3,4,19,15,8,385.0,128.33333333333334,0.75,false,1,3,false,2017-01-01,2018-08-31
a21c11ec5c3f03e7cc9f9203bff9e1c6,SP,Sudeste,2018-08-01,2018-08-01,1,1,1,0,3,385.0,385.0,1.0,true,0,3,false,2017-01-01,2018-08-31
a080fc8a850289b27500f6b49cca2553,SP,Sudeste,2018-03-01,2018-06-01,3,4,6,2,4,383.0,127.66666666666667,0.75,false,1,3,false,2017-01-01,2018-08-31
ab27bbbad5239bc31a34709275a70db4,SP,Sudeste,2017-10-01,2018-07-01,2,10,11,1,3,382.9,191.45,0.2,true,0,3,false,2017-01-01,2018-08-31
933446e9a59dece7ae9175103820ca8f,PR,Sul,2017-01-01,2017-02-01,2,2,20,18,2,381.39,190.695,1.0,false,1,3,false,2017-01-01,2018-08-31
9853a239ab7b7ebbdc3a21248d5b8e1f,PR,Sul,2017-04-01,2017-11-01,4,8,17,9,5,381.0,95.25,0.5,false,1,3,false,2017-01-01,2018-08-31
1967a9e2ad6f51802b093147d861df58,SP,Sudeste,2017-03-01,2017-03-01,1,1,18,17,2,380.0,380.0,1.0,false,1,3,false,2017-01-01,2018-08-31
f7315bb81aea4ddca2d39e249a801c98,SP,Sudeste,2018-06-01,2018-08-01,2,3,3,0,2,379.8,189.9,0.6666666666666666,true,0,3,false,2017-01-01,2018-08-31
54aa8463e87776b5612f4bdc4bd5d4de,MG,Sudeste,2017-02-01,2017-02-01,1,1,19,18,6,379.4,379.4,1.0,false,1,3,false,2017-01-01,2018-08-31
f5b44895715ddfe3087dc414f30268f3,SP,Sudeste,2017-09-01,2018-07-01,10,11,12,1,19,378.8,37.88,0.9090909090909091,true,0,3,false,2017-01-01,2018-08-31
bd15ee794d5e640d9dd71b665b2ab15b,SP,Sudeste,2018-03-01,2018-08-01,6,6,6,0,12,374.79999999999995,62.46666666666666,1.0,true,0,3,false,2017-01-01,2018-08-31
c24173065483e421f9e5e7f599de101d,SP,Sudeste,2017-07-01,2017-11-01,5,5,14,9,9,373.91,74.78200000000001,1.0,false,1,3,false,2017-01-01,2018-08-31
404e1ba01358af4cd63f679b2c4d1fa1,MG,Sudeste,2017-08-01,2018-08-01,6,13,13,0,8,373.9,62.31666666666666,0.46153846153846156,true,0,3,false,2017-01-01,2018-08-31
101921376b577a4540dc30e9009133ca,SP,Sudeste,2017-05-01,2017-05-01,1,1,16,15,1,373.0,373.0,1.0,false,1,3,false,2017-01-01,2018-08-31
08084d990eb3f53af056ccbc1730c8a7,SP,Sudeste,2018-02-01,2018-08-01,5,7,7,0,12,372.49999999999994,74.49999999999999,0.7142857142857143,true,0,3,false,2017-01-01,2018-08-31
6d988d6174a2c27441597174f8905515,PR,Sul,2017-04-01,2018-08-01,10,17,17,0,19,371.73,37.173,0.5882352941176471,true,0,3,false,2017-01-01,2018-08-31
70125af26c2d6d4ef401a1d02ae7701f,GO,Centro-Oeste,2018-07-01,2018-08-01,2,2,2,0,5,371.20000000000005,185.60000000000002,1.0,true,0,3,false,2017-01-01,2018-08-31
0bfd0b434243adc5c2e1aa6baf19c6aa,RJ,Sudeste,2017-10-01,2018-02-01,4,5,11,6,6,371.19999999999993,92.79999999999998,0.8,false,1,3,false,2017-01-01,2018-08-31
0f0c984a4a955310903b6b6008660bad,SP,Sudeste,2018-04-01,2018-05-01,2,2,5,3,4,369.81,184.905,1.0,false,1,3,false,2017-01-01,2018-08-31
131fcb0a0c9a47bba4474aacff0f14b7,SP,Sudeste,2018-06-01,2018-08-01,2,3,3,0,4,369.8,184.9,0.6666666666666666,true,0,3,false,2017-01-01,2018-08-31
916748bc99315c2d202898ae58b1617e,SP,Sudeste,2017-02-01,2017-11-01,10,10,19,9,25,369.4,36.94,1.0,false,1,3,false,2017-01-01,2018-08-31
d73cbd89533ce8b041a9190241453ac8,MG,Sudeste,2017-03-01,2017-07-01,2,5,18,13,4,368.6,184.3,0.4,false,1,3,false,2017-01-01,2018-08-31
63191ead8d3b2f937cd1996fdcbbad20,SP,Sudeste,2018-08-01,2018-08-01,1,1,1,0,1,367.0,367.0,1.0,true,0,3,false,2017-01-01,2018-08-31
ce616e1913288884e7742faac9d981db,SP,Sudeste,2018-05-01,2018-08-01,4,4,4,0,15,365.09999999999997,91.27499999999999,1.0,true,0,3,false,2017-01-01,2018-08-31
499ec63c58e51296c9cf57edcfe1c8a8,SP,Sudeste,2018-04-01,2018-06-01,3,3,5,2,5,365.0,121.66666666666667,1.0,false,1,3,false,2017-01-01,2018-08-31
f12d3c2a14729ae461b920c11fe20fdc,SP,Sudeste,2018-05-01,2018-07-01,3,3,4,1,9,364.45000000000005,121.48333333333335,1.0,true,0,3,false,2017-01-01,2018-08-31
4e85b538b0dad58852641540686d0e14,SP,Sudeste,2017-07-01,2018-06-01,4,12,14,2,4,361.97999999999996,90.49499999999999,0.3333333333333333,false,1,3,false,2017-01-01,2018-08-31
35ef5aa32949680f627efec3c23e705c,SC,Sul,2017-03-01,2017-07-01,3,5,18,13,4,361.6,120.53333333333335,0.6,false,1,3,false,2017-01-01,2018-08-31
a435b009cd956ea60748b5cfbddf2e24,SP,Sudeste,2017-05-01,2017-07-01,2,3,16,13,3,361.18,180.59,0.6666666666666666,false,1,3,false,2017-01-01,2018-08-31
76de363de16dacc923eec8daf91df504,SC,Sul,2017-09-01,2018-03-01,2,7,12,5,2,360.0,180.0,0.2857142857142857,false,1,3,false,2017-01-01,2018-08-31
b56828a9f9027f3c918c04ca720d9e3c,SP,Sudeste,2017-10-01,2018-05-01,3,8,11,3,3,360.0,120.0,0.375,false,1,3,false,2017-01-01,2018-08-31
fa14641f57b655e933124a9ea49cd7a5,SP,Sudeste,2017-05-01,2018-02-01,4,10,16,6,7,359.92999999999995,89.98249999999999,0.4,false,1,3,false,2017-01-01,2018-08-31
03bd479e1d9484cdb14104d3023f7321,MG,Sudeste,2018-05-01,2018-07-01,2,3,4,1,3,359.70000000000005,179.85000000000002,0.6666666666666666,true,0,3,false,2017-01-01,2018-08-31
184725737946a1a938bbbd1a9e978103,SP,Sudeste,2018-08-01,2018-08-01,1,1,1,0,3,359.70000000000005,359.70000000000005,1.0,true,0,3,false,2017-01-01,2018-08-31
1e8c6a4c538f286aee9573239740a4b4,SP,Sudeste,2018-04-01,2018-08-01,4,5,5,0,5,359.7,89.925,0.8,true,0,3,false,2017-01-01,2018-08-31
51209b446b2073894bdc0face6c73ffc,ES,Sudeste,2018-06-01,2018-07-01,2,2,3,1,2,359.6,179.8,1.0,true,0,3,false,2017-01-01,2018-08-31
3076499bbc033a927bf4a8a41bcf7fd4,SP,Sudeste,2018-05-01,2018-08-01,4,4,4,0,7,359.33,89.8325,1.0,true,0,3,false,2017-01-01,2018-08-31
173d56ffbd4c56cb80fc3615487d712b,SP,Sudeste,2018-08-01,2018-08-01,1,1,1,0,2,358.0,358.0,1.0,true,0,3,false,2017-01-01,2018-08-31
f44bdc12aa39f5271f0b95f66cd4c289,SP,Sudeste,2017-11-01,2018-08-01,4,10,10,0,5,357.5,89.375,0.4,true,0,3,false,2017-01-01,2018-08-31
9dd59e43f0c9f0553244e8f9c2fb247e,PR,Sul,2017-10-01,2018-01-01,4,4,11,7,10,356.3,89.075,1.0,false,1,3,false,2017-01-01,2018-08-31
24c1de8d9551c0b4fbc53317d53efda8,PB,Nordeste,2017-02-01,2017-02-01,1,1,19,18,1,355.0,355.0,1.0,false,1,3,false,2017-01-01,2018-08-31
761681a821d8275bc79f552116d06869,SP,Sudeste,2018-04-01,2018-07-01,3,4,5,1,3,354.92,118.30666666666667,0.75,true,0,3,false,2017-01-01,2018-08-31
8fd3b4468f6425810648177996c14cbd,SP,Sudeste,2018-06-01,2018-06-01,1,1,3,2,1,354.9,354.9,1.0,false,1,3,false,2017-01-01,2018-08-31
9b00cad94ef3078faf6fba2e792c158f,MG,Sudeste,2017-12-01,2017-12-01,1,1,9,8,1,354.9,354.9,1.0,false,1,3,false,2017-01-01,2018-08-31
b88e7c57cb2d8b973b7dd4a2bfa14b36,PR,Sul,2017-05-01,2017-12-01,3,8,16,8,4,353.9,117.96666666666665,0.375,false,1,3,false,2017-01-01,2018-08-31
b67d6c666e8dce1d078c882825e12704,SP,Sudeste,2018-07-01,2018-08-01,2,2,2,0,7,352.84,176.42,1.0,true,0,3,false,2017-01-01,2018-08-31
cbbd5ae8f53de5f5097cd8217b529e24,SP,Sudeste,2017-02-01,2017-02-01,1,1,19,18,2,351.8,351.8,1.0,false,1,3,false,2017-01-01,2018-08-31
52092ddbd3a58c450a4459bf051b2287,SP,Sudeste,2017-11-01,2018-03-01,4,5,10,5,6,351.7,87.925,0.8,false,1,3,false,2017-01-01,2018-08-31
e53d5b9b29d1218281f4a907ada18626,PR,Sul,2018-07-01,2018-08-01,2,2,2,0,4,350.67,175.335,1.0,true,0,3,false,2017-01-01,2018-08-31
97e4a63591ca439a2b8b7efd20e6e19e,RJ,Sudeste,2018-02-01,2018-08-01,4,7,7,0,5,349.95,87.4875,0.5714285714285714,true,0,3,false,2017-01-01,2018-08-31
ad87df7699e83b8a91822a4a0b765c3a,SP,Sudeste,2017-03-01,2017-06-01,4,4,18,14,6,349.9,87.475,1.0,false,1,3,false,2017-01-01,2018-08-31
52bb00821bcdd358a5a5a27e1f6be5a1,SP,Sudeste,2018-01-01,2018-04-01,2,4,8,4,2,349.8,174.9,0.5,false,1,3,false,2017-01-01,2018-08-31
079d295dcbf06ee8bb1b65ba964eb2b6,SP,Sudeste,2018-06-01,2018-08-01,3,3,3,0,5,349.3,116.43333333333334,1.0,true,0,3,false,2017-01-01,2018-08-31
27a56ff04b34c2ba34ce6ba4d3b9d616,SP,Sudeste,2017-04-01,2017-10-01,5,7,17,10,8,349.28999999999996,69.85799999999999,0.7142857142857143,false,1,3,false,2017-01-01,2018-08-31
5c603ffb38cbbf25a0e0698941324143,MG,Sudeste,2017-01-01,2017-01-01,1,1,20,19,2,348.8,348.8,1.0,false,1,3,false,2017-01-01,2018-08-31
249f0e9905a6e06ad6c6bea7547ab9f6,RJ,Sudeste,2018-06-01,2018-08-01,3,3,3,0,3,347.95,115.98333333333333,1.0,true,0,3,false,2017-01-01,2018-08-31
918717417d88a9f9ae9735567e6c7682,SP,Sudeste,2017-12-01,2018-02-01,3,3,9,6,4,345.70000000000005,115.23333333333335,1.0,false,1,3,false,2017-01-01,2018-08-31
38af8acfd46ac4a7bf754e8ca6736664,SP,Sudeste,2017-11-01,2018-02-01,4,4,10,6,5,345.0,86.25,1.0,false,1,3,false,2017-01-01,2018-08-31
a37c340b91cb0169e8b029db6440fba2,SP,Sudeste,2017-06-01,2017-09-01,3,4,15,11,5,345.0,115.0,0.75,false,1,3,false,2017-01-01,2018-08-31
26b482dccfa29bd2e40703ba45523702,SP,Sudeste,2018-07-01,2018-08-01,2,2,2,0,3,344.78,172.39,1.0,true,0,3,false,2017-01-01,2018-08-31
3985a3c45be355a4c57fde108bfabd1c,RS,Sul,2017-01-01,2017-06-01,5,6,20,14,7,344.2,68.84,0.8333333333333334,false,1,3,false,2017-01-01,2018-08-31
7957cac1a02f45d0a4a7e45626382ec2,PR,Sul,2017-09-01,2017-09-01,1,1,12,11,1,343.0,343.0,1.0,false,1,3,false,2017-01-01,2018-08-31
2a73cba571d90c694b7caca072ccf6ce,SP,Sudeste,2018-07-01,2018-07-01,1,1,2,1,1,342.78,342.78,1.0,true,0,3,false,2017-01-01,2018-08-31
b9ec22de23f18567de0e09d776ca0309,DF,Centro-Oeste,2018-06-01,2018-08-01,2,3,3,0,2,341.98,170.99,0.6666666666666666,true,0,3,false,2017-01-01,2018-08-31
89de2d6f23e9746ff309705b23581faa,PR,Sul,2018-07-01,2018-08-01,2,2,2,0,8,340.0,170.0,1.0,true,0,3,false,2017-01-01,2018-08-31
ae8bfdbf1c2a2a2dee92d799db0a31c6,PR,Sul,2017-02-01,2017-05-01,3,4,19,15,8,339.92,113.30666666666667,0.75,false,1,3,false,2017-01-01,2018-08-31
5ca5d579b5857ee8709479b1047cecc3,SP,Sudeste,2018-01-01,2018-03-01,2,3,8,5,2,339.89,169.945,0.6666666666666666,false,1,3,false,2017-01-01,2018-08-31
a2e85714b56b1cb6bb24a9a6e6cad36f,SP,Sudeste,2017-10-01,2017-10-01,1,1,11,10,2,339.70000000000005,339.70000000000005,1.0,false,1,3,false,2017-01-01,2018-08-31
8fff28c4263ddec387f28d237fb42773,SP,Sudeste,2017-02-01,2018-08-01,2,19,19,0,4,339.4,169.7,0.10526315789473684,true,0,3,false,2017-01-01,2018-08-31
2f4b0d3b9634b647d4edee577d7ebb7e,SP,Sudeste,2018-01-01,2018-03-01,3,3,8,5,10,337.9,112.63333333333333,1.0,false,1,3,false,2017-01-01,2018-08-31
0743a0239d764b9a0f959a57d07e36ab,SP,Sudeste,2018-07-01,2018-08-01,2,2,2,0,4,336.96,168.48,1.0,true,0,3,false,2017-01-01,2018-08-31
4e42581f08e8cfc7c090f930bac4552a,SP,Sudeste,2017-11-01,2017-12-01,2,2,10,8,3,336.0,168.0,1.0,false,1,3,false,2017-01-01,2018-08-31
333c4210e76a1aa2ab817b99437e3ff1,SP,Sudeste,2018-07-01,2018-08-01,2,2,2,0,2,335.0,167.5,1.0,true,0,3,false,2017-01-01,2018-08-31
a64e44665225d19dfc0277eeeaaccc57,SP,Sudeste,2018-06-01,2018-08-01,3,3,3,0,6,335.0,111.66666666666667,1.0,true,0,3,false,2017-01-01,2018-08-31
c8660dcf9ba70575f45d80fe28c27713,SP,Sudeste,2017-02-01,2017-03-01,2,2,19,17,4,335.0,167.5,1.0,false,1,3,false,2017-01-01,2018-08-31
2c538755f1ca9540af144f266e70df6c,MG,Sudeste,2018-05-01,2018-05-01,1,1,4,3,1,334.99,334.99,1.0,false,1,3,false,2017-01-01,2018-08-31
3a3e46d10f74d8a6ca76e2b538f106a0,SP,Sudeste,2018-02-01,2018-07-01,3,6,7,1,3,334.9,111.63333333333333,0.5,true,0,3,false,2017-01-01,2018-08-31
48efc9d94a9834137efd9ea76b065a38,PR,Sul,2017-01-01,2017-01-01,1,1,20,19,32,334.69999999999993,334.69999999999993,1.0,false,1,3,false,2017-01-01,2018-08-31
61b18775be84fb700a6b2d0ba097bf66,SP,Sudeste,2018-04-01,2018-08-01,4,5,5,0,4,334.5,83.625,0.8,true,0,3,false,2017-01-01,2018-08-31
7c4618c82226628831613e95e9c22f44,SP,Sudeste,2017-12-01,2018-08-01,7,9,9,0,13,333.93,47.70428571428572,0.7777777777777778,true,0,3,false,2017-01-01,2018-08-31
c113b8df1fc375bc3d73d29c1b1144d1,SP,Sudeste,2017-06-01,2017-08-01,3,3,15,12,3,333.0,111.0,1.0,false,1,3,false,2017-01-01,2018-08-31
76d336555bb25f3165d2f0d6da719c40,SP,Sudeste,2017-02-01,2017-02-01,1,1,19,18,2,330.0,330.0,1.0,false,1,3,false,2017-01-01,2018-08-31
d7b2377bae6ace1b11fc69a11900ac36,SP,Sudeste,2017-08-01,2017-11-01,3,4,13,9,4,329.6,109.86666666666667,0.75,false,1,3,false,2017-01-01,2018-08-31
09883d9ab71c8fe8a9bfc7fc3075b07e,SP,Sudeste,2017-04-01,2017-11-01,4,8,17,9,5,329.5,82.375,0.5,false,1,3,false,2017-01-01,2018-08-31
d36b07fd3c5088e477a72d1fccfe29d4,SP,Sudeste,2017-05-01,2017-05-01,1,1,16,15,1,328.9,328.9,1.0,false,1,3,false,2017-01-01,2018-08-31
f18112da765e0971ca5d510dec322bdd,SC,Sul,2018-01-01,2018-01-01,1,1,8,7,2,327.8,327.8,1.0,false,1,3,false,2017-01-01,2018-08-31
4b98b0428fc1932cc2514ef9ce2505e6,SP,Sudeste,2017-09-01,2017-11-01,2,3,12,9,2,327.63,163.815,0.6666666666666666,false,1,3,false,2017-01-01,2018-08-31
08d0949a9a17c027262db1f3c450c26c,PR,Sul,2017-08-01,2018-08-01,7,13,13,0,12,324.79999999999995,46.39999999999999,0.5384615384615384,true,0,3,false,2017-01-01,2018-08-31
6bd503a8230299c9316fb0f726933927,GO,Centro-Oeste,2018-07-01,2018-08-01,2,2,2,0,4,324.28999999999996,162.14499999999998,1.0,true,0,3,false,2017-01-01,2018-08-31
7dea6f73af847b42cc3985bd620f994d,PR,Sul,2018-08-01,2018-08-01,1,1,1,0,2,324.0,324.0,1.0,true,0,3,false,2017-01-01,2018-08-31
c79151301b9d90985d1fa52879213105,PR,Sul,2017-11-01,2018-04-01,3,6,10,4,4,322.3,107.43333333333334,0.5,false,1,3,false,2017-01-01,2018-08-31
92d14edfb62ee5ae7fdff70b0f4e7233,SP,Sudeste,2017-09-01,2018-04-01,6,8,12,4,8,322.0,53.666666666666664,0.75,false,1,3,false,2017-01-01,2018-08-31
a81466620e46a6970b22ef40379fdfc9,SC,Sul,2017-10-01,2017-10-01,1,1,11,10,2,321.8,321.8,1.0,false,1,3,false,2017-01-01,2018-08-31
7b7ed56ae755e2880f2b69632e839c1e,GO,Centro-Oeste,2018-08-01,2018-08-01,1,1,1,0,5,321.5,321.5,1.0,true,0,3,false,2017-01-01,2018-08-31
d149de2f383552baea37a7198c2296ce,SP,Sudeste,2018-08-01,2018-08-01,1,1,1,0,3,320.70000000000005,320.70000000000005,1.0,true,0,3,false,2017-01-01,2018-08-31
d2f3e277560ed4c6361284429b00f037,SP,Sudeste,2017-07-01,2017-10-01,4,4,14,10,7,320.55,80.1375,1.0,false,1,3,false,2017-01-01,2018-08-31
4f40d2ed38d1cc945364a7cd202a82c7,SP,Sudeste,2017-11-01,2017-11-01,1,1,10,9,1,319.9,319.9,1.0,false,1,3,false,2017-01-01,2018-08-31
eb9267cccc90f1b49c8d2f9887c7dd97,PE,Nordeste,2018-05-01,2018-05-01,1,1,4,3,1,319.9,319.9,1.0,false,1,3,false,2017-01-01,2018-08-31
883dd81e82754ac2c65e9790a7db8c9a,PR,Sul,2017-10-01,2018-06-01,5,9,11,2,5,319.5,63.9,0.5555555555555556,false,1,3,false,2017-01-01,2018-08-31
c611f4ce9ce875bcc063fa97fd4d7d12,SP,Sudeste,2018-07-01,2018-07-01,1,1,2,1,1,319.0,319.0,1.0,true,0,3,false,2017-01-01,2018-08-31
ea1776927851da2532aa70d6a32c095a,SP,Sudeste,2018-07-01,2018-08-01,2,2,2,0,3,318.79999999999995,159.39999999999998,1.0,true,0,3,false,2017-01-01,2018-08-31
1e9d5a33694bddb76316fd1f54734d20,MT,Centro-Oeste,2018-07-01,2018-08-01,2,2,2,0,2,318.0,159.0,1.0,true,0,3,false,2017-01-01,2018-08-31
57d2ba47f7a3209aa347532ae75c1165,SC,Sul,2018-06-01,2018-07-01,2,2,3,1,2,318.0,159.0,1.0,true,0,3,false,2017-01-01,2018-08-31
2d22fc3089eb907b29ebff50581fb472,RJ,Sudeste,2018-04-01,2018-04-01,1,1,5,4,3,317.70000000000005,317.70000000000005,1.0,false,1,3,false,2017-01-01,2018-08-31
ea4e9ce63a2134743b4a92777437fcdd,SC,Sul,2018-04-01,2018-08-01,3,5,5,0,3,316.6,105.53333333333335,0.6,true,0,3,false,2017-01-01,2018-08-31
9cf787a239c1aa29dbd76f153dc13f9a,SP,Sudeste,2018-06-01,2018-08-01,2,3,3,0,4,316.0,158.0,0.6666666666666666,true,0,3,false,2017-01-01,2018-08-31
cf1313c6e2c01c2f4b014f97db4bcd2b,RJ,Sudeste,2018-06-01,2018-08-01,3,3,3,0,5,315.70000000000005,105.23333333333335,1.0,true,0,3,false,2017-01-01,2018-08-31
3b18f9856c6eb2413eafedb58e9eecd9,SP,Sudeste,2018-04-01,2018-04-01,1,1,5,4,1,315.0,315.0,1.0,false,1,3,false,2017-01-01,2018-08-31
da20530872245d6cd9d2f5725613c430,RS,Sul,2017-10-01,2017-10-01,1,1,11,10,2,314.96000000000004,314.96000000000004,1.0,false,1,3,false,2017-01-01,2018-08-31
12c2ed9cded6138cf0c75f525f565fc7,SP,Sudeste,2017-11-01,2018-08-01,3,10,10,0,4,314.96,104.98666666666666,0.3,true,0,3,false,2017-01-01,2018-08-31
9ac4f14370b1e24ddc58be041b7f99df,GO,Centro-Oeste,2018-02-01,2018-07-01,4,6,7,1,5,314.51,78.6275,0.6666666666666666,true,0,3,false,2017-01-01,2018-08-31
8c9348f33ae3dada25c99c99ade2af78,SP,Sudeste,2018-06-01,2018-07-01,2,2,3,1,2,312.99,156.495,1.0,true,0,3,false,2017-01-01,2018-08-31
3afc536624bc2e65bddfb5db33cc01f3,MG,Sudeste,2018-01-01,2018-06-01,4,6,8,2,6,312.0,78.0,0.6666666666666666,false,1,3,false,2017-01-01,2018-08-31
1acde099eb406aa220b1169b188b42da,SP,Sudeste,2017-09-01,2017-11-01,3,3,12,9,9,311.1,103.7,1.0,false,1,3,false,2017-01-01,2018-08-31
df47da4ae86fa4db890d05aaf24e21d8,SP,Sudeste,2018-07-01,2018-08-01,2,2,2,0,5,310.5,155.25,1.0,true,0,3,false,2017-01-01,2018-08-31
ba89796db68db180bd389de96b2ff3b6,SP,Sudeste,2018-07-01,2018-07-01,1,1,2,1,2,309.8,309.8,1.0,true,0,3,false,2017-01-01,2018-08-31
0cab2da43793a6f3c5ed8514c5f54627,PR,Sul,2018-05-01,2018-07-01,3,3,4,1,3,309.70000000000005,103.23333333333335,1.0,true,0,3,false,2017-01-01,2018-08-31
ebd1417732defaf66c50b5a800eb293e,PR,Sul,2017-03-01,2017-03-01,1,1,18,17,1,309.0,309.0,1.0,false,1,3,false,2017-01-01,2018-08-31
152ee17e4c8aaf53dac99f3462e4999b,SC,Sul,2017-07-01,2017-10-01,4,4,14,10,6,308.96000000000004,77.24000000000001,1.0,false,1,3,false,2017-01-01,2018-08-31
1b45169b635ef59425637e9a33eb5fb3,PR,Sul,2018-02-01,2018-08-01,4,7,7,0,7,308.9,77.225,0.5714285714285714,true,0,3,false,2017-01-01,2018-08-31
dbbcfe2c8d026742134ac3e28ccde274,PR,Sul,2017-07-01,2018-06-01,4,12,14,2,4,308.59000000000003,77.14750000000001,0.3333333333333333,false,1,3,false,2017-01-01,2018-08-31
b127efdabeffb5d559349c7b172eb75d,SP,Sudeste,2017-01-01,2017-05-01,5,5,20,15,10,308.5,61.7,1.0,false,1,3,false,2017-01-01,2018-08-31
85cc55e048b6bcc90c75afe7f0e72f72,RJ,Sudeste,2018-05-01,2018-07-01,3,3,4,1,9,308.28000000000003,102.76,1.0,true,0,3,false,2017-01-01,2018-08-31
a7a9b880c49781da66651ccf4ba9ac38,SP,Sudeste,2018-05-01,2018-07-01,3,3,4,1,3,307.6,102.53333333333335,1.0,true,0,3,false,2017-01-01,2018-08-31
de66a66f2dd06bb9ec37aa96987466a3,RJ,Sudeste,2017-01-01,2017-02-01,2,2,20,18,6,307.43000000000006,153.71500000000003,1.0,false,1,3,false,2017-01-01,2018-08-31
48bad451945f5227341793478d6353ea,SP,Sudeste,2017-02-01,2017-12-01,3,11,19,8,3,307.0,102.33333333333333,0.2727272727272727,false,1,3,false,2017-01-01,2018-08-31
e94b64dc6979b302a5a5be1662c83bb6,SP,Sudeste,2018-07-01,2018-07-01,1,1,2,1,2,306.89,306.89,1.0,true,0,3,false,2017-01-01,2018-08-31
bc39d8938f90a3a2b98193723ed59774,SP,Sudeste,2018-04-01,2018-06-01,2,3,5,2,2,306.8,153.4,0.6666666666666666,false,1,3,false,2017-01-01,2018-08-31
6d2f2e3b539480db1e0842b3a4e32e6e,SP,Sudeste,2017-06-01,2017-06-01,1,1,15,14,3,305.96000000000004,305.96000000000004,1.0,false,1,3,false,2017-01-01,2018-08-31
085f6f7e049c996695fb2074fe38d45e,SP,Sudeste,2018-02-01,2018-05-01,4,4,7,3,6,305.4,76.35,1.0,false,1,3,false,2017-01-01,2018-08-31
c76d418370990614e89e956c7a7567d9,SP,Sudeste,2017-08-01,2017-09-01,2,2,13,11,2,305.24,152.62,1.0,false,1,3,false,2017-01-01,2018-08-31
51f108f62cb87d61918159902c8f8583,PR,Sul,2018-07-01,2018-08-01,2,2,2,0,3,303.73,151.865,1.0,true,0,3,false,2017-01-01,2018-08-31
3d01d1c414c44b5943a09619ff3853cb,SP,Sudeste,2017-07-01,2017-07-01,1,1,14,13,4,303.6,303.6,1.0,false,1,3,false,2017-01-01,2018-08-31
25debeafbce801fdd479539350185eee,SP,Sudeste,2017-06-01,2018-05-01,4,12,15,3,6,302.84,75.71,0.3333333333333333,false,1,3,false,2017-01-01,2018-08-31
ad75519a07f039025e83795a4418470f,GO,Centro-Oeste,2018-01-01,2018-08-01,2,8,8,0,3,302.1,151.05,0.25,true,0,3,false,2017-01-01,2018-08-31
a3082f442524a1be452e3189e003b361,SP,Sudeste,2017-07-01,2018-08-01,3,14,14,0,3,301.6,100.53333333333335,0.21428571428571427,true,0,3,false,2017-01-01,2018-08-31
2b3b9ce054da76a7428df143a567b156,SP,Sudeste,2018-06-01,2018-08-01,3,3,3,0,5,301.0,100.33333333333333,1.0,true,0,3,false,2017-01-01,2018-08-31
3dc69bf2c42f0568a5c4791ec3fd3745,SP,Sudeste,2017-11-01,2018-02-01,2,4,10,6,2,300.0,150.0,0.5,false,1,3,false,2017-01-01,2018-08-31
2b402d5dc42554061f8ea98d1916f148,BA,Nordeste,2018-04-01,2018-04-01,1,1,5,4,1,299.89,299.89,1.0,false,1,3,false,2017-01-01,2018-08-31
69a43819c758c65a5befb0b471c954d7,PR,Sul,2017-06-01,2017-09-01,2,4,15,11,2,299.85,149.925,0.5,false,1,3,false,2017-01-01,2018-08-31
ea3ebea5317b0efbc663ecc8ce5e9bc2,SC,Sul,2018-05-01,2018-05-01,1,1,4,3,3,299.70000000000005,299.70000000000005,1.0,false,1,3,false,2017-01-01,2018-08-31
6d1b9c9579132c87d2703ec38c30f2c5,PR,Sul,2017-02-01,2017-07-01,4,6,19,13,4,299.69,74.9225,0.6666666666666666,false,1,3,false,2017-01-01,2018-08-31
7fe21dd00d2f4943ae09525efa2fd674,RJ,Sudeste,2017-04-01,2017-08-01,3,5,17,12,4,299.6,99.86666666666667,0.6,false,1,3,false,2017-01-01,2018-08-31
71593c7413973a1e160057b80d4958f6,SP,Sudeste,2018-08-01,2018-08-01,1,1,1,0,2,299.5,299.5,1.0,true,0,3,false,2017-01-01,2018-08-31
b76f4d90e85657a240495c876313adc5,SP,Sudeste,2018-08-01,2018-08-01,1,1,1,0,1,299.0,299.0,1.0,true,0,3,false,2017-01-01,2018-08-31
f00f5b35d0abcacbdd863672f4bb2c1a,SP,Sudeste,2017-05-01,2017-05-01,1,1,16,15,1,299.0,299.0,1.0,false,1,3,false,2017-01-01,2018-08-31
a8739afb32aaa45e01815ca76f76f54b,SP,Sudeste,2018-06-01,2018-08-01,2,3,3,0,13,298.83,149.415,0.6666666666666666,true,0,3,false,2017-01-01,2018-08-31
9d489893ff6af05029671b785f54b998,SP,Sudeste,2017-06-01,2018-08-01,3,15,15,0,5,298.7,99.56666666666666,0.2,true,0,3,false,2017-01-01,2018-08-31
b76a1f8356322f12529c37b67d5c96c2,SP,Sudeste,2017-12-01,2018-02-01,3,3,9,6,5,298.5,99.5,1.0,false,1,3,false,2017-01-01,2018-08-31
666658b8da8370f30e1f89893b1de5e6,SP,Sudeste,2018-03-01,2018-03-01,1,1,6,5,1,298.0,298.0,1.0,false,1,3,false,2017-01-01,2018-08-31
c5ebe6598748b0aeaa61cfb820478b92,RS,Sul,2018-07-01,2018-08-01,2,2,2,0,3,297.0,148.5,1.0,true,0,3,false,2017-01-01,2018-08-31
e603cf3fec55f8697c9059638d6c8eb5,RS,Sul,2017-02-01,2017-06-01,4,5,19,14,8,297.0,74.25,0.8,false,1,3,false,2017-01-01,2018-08-31
0ec28cec4046a4a199b6de9b4c891d97,GO,Centro-Oeste,2018-04-01,2018-05-01,2,2,5,3,3,296.6,148.3,1.0,false,1,3,false,2017-01-01,2018-08-31
508808d438fe2ff972ed13bb8f4a82e2,SP,Sudeste,2018-08-01,2018-08-01,1,1,1,0,10,294.83000000000004,294.83000000000004,1.0,true,0,3,false,2017-01-01,2018-08-31
55c96925041a14097b6a7825554f4ad5,SP,Sudeste,2017-03-01,2018-01-01,5,11,18,7,6,294.8,58.96,0.45454545454545453,false,1,3,false,2017-01-01,2018-08-31
a806a4bb063ea7ca6d374eafa50a6058,ES,Sudeste,2018-01-01,2018-02-01,2,2,8,6,5,294.4,147.2,1.0,false,1,3,false,2017-01-01,2018-08-31
9b1ab052f5fca308ba743ac789ebb2e1,PR,Sul,2017-04-01,2017-05-01,2,2,17,15,2,294.09000000000003,147.04500000000002,1.0,false,1,3,false,2017-01-01,2018-08-31
2bf28e311bba65237358230cabac3f15,PR,Sul,2018-04-01,2018-08-01,4,5,5,0,7,294.0,73.5,0.8,true,0,3,false,2017-01-01,2018-08-31
9d39404483343dd55c7ae254494d8388,SP,Sudeste,2017-11-01,2018-04-01,6,6,10,4,10,293.2,48.86666666666667,1.0,false,1,3,false,2017-01-01,2018-08-31
5dc4bdaf869e8c77c648078cbe8d59c2,SC,Sul,2017-09-01,2017-09-01,1,1,12,11,1,292.99,292.99,1.0,false,1,3,false,2017-01-01,2018-08-31
48b6c3f4c6a93171da04b75313f2130f,SP,Sudeste,2018-03-01,2018-04-01,2,2,6,4,2,290.26,145.13,1.0,false,1,3,false,2017-01-01,2018-08-31
aadfe0417e61315688b6bd7043361e25,GO,Centro-Oeste,2017-08-01,2017-08-01,1,1,13,12,1,289.9,289.9,1.0,false,1,3,false,2017-01-01,2018-08-31
ede2977fbaf3738583170735ca403f6c,PR,Sul,2018-02-01,2018-02-01,1,1,7,6,1,289.9,289.9,1.0,false,1,3,false,2017-01-01,2018-08-31
f410c8873029fcc3809b9df6d0b28914,SP,Sudeste,2018-08-01,2018-08-01,1,1,1,0,2,289.8,289.8,1.0,true,0,3,false,2017-01-01,2018-08-31
4dc646b9b9e8e411ef48ba000ea3ac6f,SP,Sudeste,2018-02-01,2018-08-01,4,7,7,0,4,289.7,72.425,0.5714285714285714,true,0,3,false,2017-01-01,2018-08-31
adbe70ab2c97442046d393988c8d1d27,SP,Sudeste,2017-09-01,2017-10-01,2,2,12,10,5,289.5,144.75,1.0,false,1,3,false,2017-01-01,2018-08-31
aded58c8142dedc5494a81f948431fab,RJ,Sudeste,2018-04-01,2018-04-01,1,1,5,4,4,289.5,289.5,1.0,false,1,3,false,2017-01-01,2018-08-31
04ee0ec01589969663ba5967c0e0bdc0,RS,Sul,2018-08-01,2018-08-01,1,1,1,0,1,289.49,289.49,1.0,true,0,3,false,2017-01-01,2018-08-31
d1e2fe627180431ffda076abb303c56f,RJ,Sudeste,2018-03-01,2018-03-01,1,1,6,5,1,289.0,289.0,1.0,false,1,3,false,2017-01-01,2018-08-31
392353362d22cc2c236e1ee81ff19890,SC,Sul,2018-04-01,2018-08-01,3,5,5,0,5,288.70000000000005,96.23333333333335,0.6,true,0,3,false,2017-01-01,2018-08-31
bbe87dce25ba8b38bb61cc7210a3f10b,SP,Sudeste,2018-05-01,2018-08-01,2,4,4,0,2,287.0,143.5,0.5,true,0,3,false,2017-01-01,2018-08-31
ce20a2ec1514c25e16f2b5b39bc818f0,SP,Sudeste,2018-06-01,2018-08-01,2,3,3,0,4,287.0,143.5,0.6666666666666666,true,0,3,false,2017-01-01,2018-08-31
615005a3ef192c00c6f0e977cee3d2bc,SP,Sudeste,2017-08-01,2017-12-01,4,5,13,8,10,286.5,71.625,0.8,false,1,3,false,2017-01-01,2018-08-31
e83e93b71371817b11d78a63ff156aee,SP,Sudeste,2017-02-01,2017-04-01,2,3,19,16,2,286.0,143.0,0.6666666666666666,false,1,3,false,2017-01-01,2018-08-31
a9ae440659f48b7849df83e82734150b,SP,Sudeste,2017-10-01,2017-10-01,1,1,11,10,1,285.0,285.0,1.0,false,1,3,false,2017-01-01,2018-08-31
e628d4a53c109f09ca88098338b3a3f5,MG,Sudeste,2017-12-01,2017-12-01,1,1,9,8,1,285.0,285.0,1.0,false,1,3,false,2017-01-01,2018-08-31
10264f60a8f0a4d2f30810f5c661c673,SP,Sudeste,2018-06-01,2018-08-01,3,3,3,0,4,284.6,94.86666666666667,1.0,true,0,3,false,2017-01-01,2018-08-31
86bf77bdb52e615674772d5817c6212f,RS,Sul,2018-04-01,2018-07-01,2,4,5,1,4,281.8,140.9,0.5,true,0,3,false,2017-01-01,2018-08-31
b8a0adc91af209270c2c725168eb00fd,SP,Sudeste,2018-04-01,2018-06-01,3,3,5,2,6,281.40000000000003,93.80000000000001,1.0,false,1,3,false,2017-01-01,2018-08-31
83c465a786b06574376909b35ef6752a,SP,Sudeste,2018-06-01,2018-08-01,3,3,3,0,3,281.4,93.8,1.0,true,0,3,false,2017-01-01,2018-08-31
d5c530f4884a75ae0dba9c148718d278,MG,Sudeste,2017-09-01,2017-11-01,2,3,12,9,6,280.88,140.44,0.6666666666666666,false,1,3,false,2017-01-01,2018-08-31
579891617139df7d8671d373f0669622,RJ,Sudeste,2017-06-01,2018-07-01,7,14,15,1,8,280.29999999999995,40.04285714285714,0.5,true,0,3,false,2017-01-01,2018-08-31
4e0d109ccfba9a1151c103049880c857,RJ,Sudeste,2017-11-01,2018-05-01,2,7,10,3,2,279.89,139.945,0.2857142857142857,false,1,3,false,2017-01-01,2018-08-31
58e4b302b54937e55a678c4d15111da4,PR,Sul,2017-01-01,2017-06-01,2,6,20,14,3,279.78999999999996,139.89499999999998,0.3333333333333333,false,1,3,false,2017-01-01,2018-08-31
19a7c9f66ffa6452ff4b4c0cca71da27,PR,Sul,2017-09-01,2017-09-01,1,1,12,11,1,279.0,279.0,1.0,false,1,3,false,2017-01-01,2018-08-31
d2572f31e9023e9850ef986a636ff9bf,MG,Sudeste,2017-03-01,2017-03-01,1,1,18,17,1,279.0,279.0,1.0,false,1,3,false,2017-01-01,2018-08-31
debe6615cd90cc0c2eac2b8988e1f628,SP,Sudeste,2017-01-01,2017-03-01,2,3,20,17,5,278.5,139.25,0.6666666666666666,false,1,3,false,2017-01-01,2018-08-31
4d6fb82c629c7a5028bfd973c07b05e0,MG,Sudeste,2017-02-01,2017-02-01,1,1,19,18,2,278.0,278.0,1.0,false,1,3,false,2017-01-01,2018-08-31
fb8904a8ea99f8831b64ce27db2c1765,SP,Sudeste,2017-11-01,2017-11-01,1,1,10,9,2,278.0,278.0,1.0,false,1,3,false,2017-01-01,2018-08-31
94c49f20a123aeb9360dbf80ff912bf6,SP,Sudeste,2017-05-01,2017-06-01,2,2,16,14,3,277.75,138.875,1.0,false,1,3,false,2017-01-01,2018-08-31
ab9db4cf53b08b828b64dccaafc2d9f0,RS,Sul,2017-05-01,2018-07-01,4,15,16,1,5,277.67,69.4175,0.26666666666666666,true,0,3,false,2017-01-01,2018-08-31
e46bc031f2c5bae4ccb40bb90712e9b4,SP,Sudeste,2018-04-01,2018-04-01,1,1,5,4,1,277.3,277.3,1.0,false,1,3,false,2017-01-01,2018-08-31
32f1bb9dfa65bc7df5c0d9d95a616be4,SP,Sudeste,2018-03-01,2018-08-01,5,6,6,0,5,276.39,55.278,0.8333333333333334,true,0,3,false,2017-01-01,2018-08-31
15ead3a5037a918ddb520dfe39a3d2b9,MG,Sudeste,2018-01-01,2018-04-01,3,4,8,4,7,275.5,91.83333333333333,0.75,false,1,3,false,2017-01-01,2018-08-31
2f4b9d112bfa44a214bc6cef085d17c8,ES,Sudeste,2017-01-01,2017-04-01,4,4,20,16,4,275.09,68.7725,1.0,false,1,3,false,2017-01-01,2018-08-31
0747d5bb69f0586cc869d8af4c50f93e,RJ,Sudeste,2017-01-01,2017-06-01,5,6,20,14,12,273.8,54.760000000000005,0.8333333333333334,false,1,3,false,2017-01-01,2018-08-31
2ee0a0689f2f6a72f35a7cb6033f6e7e,SP,Sudeste,2017-11-01,2017-11-01,1,1,10,9,4,272.0,272.0,1.0,false,1,3,false,2017-01-01,2018-08-31
f682e0f848abafc6f41e0d4e868c66ef,SP,Sudeste,2017-10-01,2018-05-01,2,8,11,3,2,269.98,134.99,0.25,false,1,3,false,2017-01-01,2018-08-31
87d73636a3acf123e842bb890a4db036,SP,Sudeste,2018-07-01,2018-07-01,1,1,2,1,1,269.9,269.9,1.0,true,0,3,false,2017-01-01,2018-08-31
9a208dee8f95cfdf00760c4d627828ec,RJ,Sudeste,2017-02-01,2017-02-01,1,1,19,18,1,269.9,269.9,1.0,false,1,3,false,2017-01-01,2018-08-31
bab0a8cd684e41ba6e2637dca0979d3b,RJ,Sudeste,2017-08-01,2017-08-01,1,1,13,12,1,269.9,269.9,1.0,false,1,3,false,2017-01-01,2018-08-31
dcf3755cefcdc158ad0b7bdde51e871b,RS,Sul,2018-03-01,2018-08-01,3,6,6,0,3,269.70000000000005,89.90000000000002,0.5,true,0,3,false,2017-01-01,2018-08-31
6bb66d9870c2e01c05655c7ed0e7ee13,SP,Sudeste,2018-07-01,2018-07-01,1,1,2,1,3,269.0,269.0,1.0,true,0,3,false,2017-01-01,2018-08-31
58c851d1a3c7cd3da329eb59453fed44,SP,Sudeste,2018-08-01,2018-08-01,1,1,1,0,2,268.99,268.99,1.0,true,0,3,false,2017-01-01,2018-08-31
830379336fad8c6f3b15a4a3ddb5c66e,SP,Sudeste,2018-04-01,2018-07-01,2,4,5,1,2,268.0,134.0,0.5,true,0,3,false,2017-01-01,2018-08-31
f9bbdd976532d50b7816d285a22bd01e,SP,Sudeste,2017-05-01,2017-09-01,2,5,16,11,2,268.0,134.0,0.4,false,1,3,false,2017-01-01,2018-08-31
65a7c0788e4d632ccb5e1b594b87f0bb,SP,Sudeste,2017-08-01,2017-12-01,3,5,13,8,3,266.70000000000005,88.90000000000002,0.6,false,1,3,false,2017-01-01,2018-08-31
5236605f4d4b0b3e4df85b850393fca0,SP,Sudeste,2017-08-01,2018-08-01,5,13,13,0,5,265.3,53.06,0.38461538461538464,true,0,3,false,2017-01-01,2018-08-31
483ca627d131e18f988349b1655c0acd,SP,Sudeste,2018-03-01,2018-03-01,1,1,6,5,1,264.0,264.0,1.0,false,1,3,false,2017-01-01,2018-08-31
5c853bb56f70f4d14218944bae111d7a,SP,Sudeste,2017-02-01,2018-08-01,7,19,19,0,23,263.13,37.589999999999996,0.3684210526315789,true,0,3,false,2017-01-01,2018-08-31
f8d5c7085db9a4ad2b8c1ffbeb2798c8,SP,Sudeste,2017-03-01,2018-02-01,6,12,18,6,6,263.0,43.833333333333336,0.5,false,1,3,false,2017-01-01,2018-08-31
53088c75f948b48a7ece173ac17f0c12,RS,Sul,2018-05-01,2018-08-01,3,4,4,0,3,261.70000000000005,87.23333333333335,0.75,true,0,3,false,2017-01-01,2018-08-31
252e76235acb79183cfca6e34f13337d,SP,Sudeste,2017-02-01,2018-06-01,3,17,19,2,3,261.2,87.06666666666666,0.17647058823529413,false,1,3,false,2017-01-01,2018-08-31
6da1992f915d77be95d7fa48b36904af,SP,Sudeste,2017-04-01,2017-08-01,5,5,17,12,7,261.0,52.2,1.0,false,1,3,false,2017-01-01,2018-08-31
aa762680c40618316a896838866140ea,PR,Sul,2018-04-01,2018-05-01,2,2,5,3,3,261.0,130.5,1.0,false,1,3,false,2017-01-01,2018-08-31
21d59342ba150175ca2aa4f8faddeca6,SP,Sudeste,2018-08-01,2018-08-01,1,1,1,0,2,259.9,259.9,1.0,true,0,3,false,2017-01-01,2018-08-31
92c8bc6e8f925792247656fed09aad65,SP,Sudeste,2017-08-01,2017-10-01,3,3,13,10,3,259.7,86.56666666666666,1.0,false,1,3,false,2017-01-01,2018-08-31
800214c63934acd05d47e84214db8ba8,SC,Sul,2017-03-01,2017-05-01,3,3,18,15,4,259.6,86.53333333333335,1.0,false,1,3,false,2017-01-01,2018-08-31
984c273121e743dd14767befe6cb17f5,SP,Sudeste,2017-11-01,2017-11-01,1,1,10,9,1,259.6,259.6,1.0,false,1,3,false,2017-01-01,2018-08-31
bdb3edbaee43a761e2d4f258dc08f348,SP,Sudeste,2017-11-01,2017-12-01,2,2,10,8,5,259.5,129.75,1.0,false,1,3,false,2017-01-01,2018-08-31
c9e5ad1f6647f5dbd1172adf6ae3cada,RS,Sul,2017-10-01,2018-06-01,3,9,11,2,4,259.03,86.34333333333332,0.3333333333333333,false,1,3,false,2017-01-01,2018-08-31
5e25c632f9db6cfb8bc100421c2737b6,SC,Sul,2018-06-01,2018-06-01,1,1,3,2,1,259.0,259.0,1.0,false,1,3,false,2017-01-01,2018-08-31
1e26c56af8d48424e1df0140a2401f83,SP,Sudeste,2018-06-01,2018-08-01,2,3,3,0,2,258.9,129.45,0.6666666666666666,true,0,3,false,2017-01-01,2018-08-31
89bc797e2e29667aa035d4368f9b7f92,SP,Sudeste,2017-01-01,2017-04-01,3,4,20,16,13,258.8,86.26666666666667,0.75,false,1,3,false,2017-01-01,2018-08-31
a0e19590a0923cdd0614ea9427713ced,PR,Sul,2017-05-01,2017-06-01,2,2,16,14,2,258.3,129.15,1.0,false,1,3,false,2017-01-01,2018-08-31
f543ba3c973276f519d89d59bd46cead,SP,Sudeste,2018-02-01,2018-06-01,2,5,7,2,2,258.0,129.0,0.4,false,1,3,false,2017-01-01,2018-08-31
0af977692321d895349eded183341d28,SP,Sudeste,2018-04-01,2018-08-01,2,5,5,0,2,257.75,128.875,0.4,true,0,3,false,2017-01-01,2018-08-31
9c3c24eca51c52b91c1de727d2a2ae06,RS,Sul,2017-02-01,2018-05-01,5,16,19,3,5,257.6,51.52,0.3125,false,1,3,false,2017-01-01,2018-08-31
7d294cf9a6a69dc6a0c3e540fff0e039,SC,Sul,2018-05-01,2018-08-01,4,4,4,0,5,257.25,64.3125,1.0,true,0,3,false,2017-01-01,2018-08-31
31eec405c9bb71dec8e2629a92e764fa,ES,Sudeste,2018-06-01,2018-08-01,3,3,3,0,5,256.89,85.63,1.0,true,0,3,false,2017-01-01,2018-08-31
6f1a1263039c76e68f40a8e536b1da6a,SP,Sudeste,2017-09-01,2018-01-01,3,5,12,7,4,256.39,85.46333333333332,0.6,false,1,3,false,2017-01-01,2018-08-31
ebef8d8c92b4fd3226e5d407bbff21ac,SP,Sudeste,2017-01-01,2017-03-01,3,3,20,17,3,253.70000000000002,84.56666666666668,1.0,false,1,3,false,2017-01-01,2018-08-31
88ef59b51bdaa941d10a853429f2b6ce,PR,Sul,2018-07-01,2018-08-01,2,2,2,0,2,252.9,126.45,1.0,true,0,3,false,2017-01-01,2018-08-31
446cc09cdbb130904da114e807dbec40,SP,Sudeste,2018-03-01,2018-06-01,3,4,6,2,3,252.8,84.26666666666667,0.75,false,1,3,false,2017-01-01,2018-08-31
7f35f9daf223da737b78738fbae4d977,SP,Sudeste,2018-06-01,2018-07-01,2,2,3,1,5,252.0,126.0,1.0,true,0,3,false,2017-01-01,2018-08-31
e88c9b79e592e370d6bd852eeefbf057,PR,Sul,2017-05-01,2017-07-01,3,3,16,13,8,251.87,83.95666666666666,1.0,false,1,3,false,2017-01-01,2018-08-31
ae45ad30c2d2e5913094769690a239d2,SP,Sudeste,2017-12-01,2017-12-01,1,1,9,8,1,251.8,251.8,1.0,false,1,3,false,2017-01-01,2018-08-31
e88f7a2995ba184710d339c5c4bf2e30,SP,Sudeste,2018-03-01,2018-04-01,2,2,6,4,2,251.6,125.8,1.0,false,1,3,false,2017-01-01,2018-08-31
85ecf03781da592876b7844acc1b729f,SP,Sudeste,2018-07-01,2018-08-01,2,2,2,0,2,251.0,125.5,1.0,true,0,3,false,2017-01-01,2018-08-31
46ef1a25845fc051c2998d878354810c,MG,Sudeste,2017-09-01,2018-08-01,4,12,12,0,5,250.41,62.6025,0.3333333333333333,true,0,3,false,2017-01-01,2018-08-31
001e6ad469a905060d959994f1b41e4f,RJ,Sudeste,2018-08-01,2018-08-01,1,1,1,0,1,250.0,250.0,1.0,true,0,3,false,2017-01-01,2018-08-31
8ccf3cf69651cc1d8a02c8bfaf3b8568,SP,Sudeste,2017-04-01,2017-05-01,2,2,17,15,2,250.0,125.0,1.0,false,1,3,false,2017-01-01,2018-08-31
b2bdc5e7940a7d7ca8c4a37953b27a42,SP,Sudeste,2017-10-01,2017-10-01,1,1,11,10,1,250.0,250.0,1.0,false,1,3,false,2017-01-01,2018-08-31
13d95f0f6f73943d4ceffad0fc2cd32c,GO,Centro-Oeste,2018-03-01,2018-03-01,1,1,6,5,1,249.99,249.99,1.0,false,1,3,false,2017-01-01,2018-08-31
1703bc09972dab9782e7a9194943b69f,MG,Sudeste,2018-07-01,2018-07-01,1,1,2,1,1,249.9,249.9,1.0,true,0,3,false,2017-01-01,2018-08-31
5d505d2298ad549e4e4e835562fa0c1e,SP,Sudeste,2017-03-01,2017-04-01,2,2,18,16,2,249.8,124.9,1.0,false,1,3,false,2017-01-01,2018-08-31
c0f783394e37cd9c9d7f5f81141450fa,SP,Sudeste,2017-11-01,2017-12-01,2,2,10,8,6,249.39999999999998,124.69999999999999,1.0,false,1,3,false,2017-01-01,2018-08-31
880eda903e719a5f179f7e9fceb3a69d,SP,Sudeste,2018-08-01,2018-08-01,1,1,1,0,1,249.0,249.0,1.0,true,0,3,false,2017-01-01,2018-08-31
42b6488f5b8246d9141712abd4b1b693,PR,Sul,2018-04-01,2018-08-01,2,5,5,0,2,247.99,123.995,0.4,true,0,3,false,2017-01-01,2018-08-31
ec21206b7894c503788a684a7bc822a6,RJ,Sudeste,2017-08-01,2017-11-01,2,4,13,9,3,247.8,123.9,0.5,false,1,3,false,2017-01-01,2018-08-31
baa49d93c8c8841e27400a300f5d74b2,SC,Sul,2017-05-01,2017-06-01,2,2,16,14,6,246.4,123.2,1.0,false,1,3,false,2017-01-01,2018-08-31
88ae906ea2acf6971f26c3e8b7cb4357,SP,Sudeste,2018-04-01,2018-05-01,2,2,5,3,3,246.0,123.0,1.0,false,1,3,false,2017-01-01,2018-08-31
5721089ba9214e80074f27d5a03fc0eb,SP,Sudeste,2017-11-01,2018-01-01,2,3,10,7,5,245.92999999999998,122.96499999999999,0.6666666666666666,false,1,3,false,2017-01-01,2018-08-31
5194c22ed1f616ec0c0f33c571542879,MG,Sudeste,2018-06-01,2018-08-01,3,3,3,0,4,245.60000000000002,81.86666666666667,1.0,true,0,3,false,2017-01-01,2018-08-31
28405831a29823802aa22c084cfd0649,SP,Sudeste,2018-06-01,2018-08-01,3,3,3,0,7,245.0,81.66666666666667,1.0,true,0,3,false,2017-01-01,2018-08-31
c3fe93ba3085f92855c97e57f38c8c05,PR,Sul,2017-06-01,2018-07-01,6,14,15,1,7,245.0,40.833333333333336,0.42857142857142855,true,0,3,false,2017-01-01,2018-08-31
d6cd01c59123df02fc226eadbadb5f89,SP,Sudeste,2018-01-01,2018-05-01,2,5,8,3,2,244.9,122.45,0.4,false,1,3,false,2017-01-01,2018-08-31
14f2b3587172b9db894c9bad8dab520b,RS,Sul,2018-03-01,2018-07-01,2,5,6,1,2,244.0,122.0,0.4,true,0,3,false,2017-01-01,2018-08-31
5733d806668f8712c24b9abaefbfa642,SP,Sudeste,2018-01-01,2018-04-01,2,4,8,4,2,243.8,121.9,0.5,false,1,3,false,2017-01-01,2018-08-31
77714512e8d4dda9c234da8e3faf16e4,SP,Sudeste,2018-07-01,2018-08-01,2,2,2,0,4,243.39999999999998,121.69999999999999,1.0,true,0,3,false,2017-01-01,2018-08-31
c70a353f02429c00775a46a75fb787da,SP,Sudeste,2018-07-01,2018-08-01,2,2,2,0,6,242.0,121.0,1.0,true,0,3,false,2017-01-01,2018-08-31
31be790e64fc99f8ff48ec2bd18a3104,SP,Sudeste,2018-07-01,2018-08-01,2,2,2,0,6,241.4,120.7,1.0,true,0,3,false,2017-01-01,2018-08-31
0761743cbffb25d7148189e9f1a5f03a,SP,Sudeste,2017-11-01,2018-02-01,3,4,10,6,3,241.2,80.39999999999999,0.75,false,1,3,false,2017-01-01,2018-08-31
85044848b1b767db2a4a58526adef4b4,SP,Sudeste,2018-04-01,2018-07-01,4,4,5,1,4,240.6,60.15,1.0,true,0,3,false,2017-01-01,2018-08-31
5e9f5bd34e0830569f05c9d4f56e04a8,RS,Sul,2018-07-01,2018-07-01,1,1,2,1,2,239.98,239.98,1.0,true,0,3,false,2017-01-01,2018-08-31
422be4cc81a457fdb46f47edeb968ae5,SP,Sudeste,2017-01-01,2017-01-01,1,1,20,19,1,239.9,239.9,1.0,false,1,3,false,2017-01-01,2018-08-31
2d9e8987a2ea5cf88dce330249043ff1,SP,Sudeste,2018-08-01,2018-08-01,1,1,1,0,2,239.8,239.8,1.0,true,0,3,false,2017-01-01,2018-08-31
70f7e8018e3d46c748c92f026aa2585a,SP,Sudeste,2018-08-01,2018-08-01,1,1,1,0,1,239.8,239.8,1.0,true,0,3,false,2017-01-01,2018-08-31
ec8463980a4e0ea9f8517aea1ed0c419,SC,Sul,2018-07-01,2018-07-01,1,1,2,1,2,239.20000000000002,239.20000000000002,1.0,true,0,3,false,2017-01-01,2018-08-31
024b564ae893ce8e9bfa02c10a401ece,SP,Sudeste,2017-02-01,2017-02-01,1,1,19,18,1,239.0,239.0,1.0,false,1,3,false,2017-01-01,2018-08-31
d1a5cc844736958c11b8efab9a2b4c87,PR,Sul,2017-10-01,2017-10-01,1,1,11,10,1,237.6,237.6,1.0,false,1,3,false,2017-01-01,2018-08-31
e83c76265fc54bf41eac728805e4da77,SP,Sudeste,2017-02-01,2017-05-01,4,4,19,15,8,237.3,59.325,1.0,false,1,3,false,2017-01-01,2018-08-31
2e0dba2da448400b1c11d7b4b22f32a4,SP,Sudeste,2017-02-01,2017-05-01,4,4,19,15,7,235.87,58.9675,1.0,false,1,3,false,2017-01-01,2018-08-31
534a01cc6df1e034e05c32028a291fa2,SP,Sudeste,2017-08-01,2017-10-01,2,3,13,10,5,235.59,117.795,0.6666666666666666,false,1,3,false,2017-01-01,2018-08-31
578460d8319c51dab351cd9db95eadfe,GO,Centro-Oeste,2017-08-01,2017-08-01,1,1,13,12,1,235.0,235.0,1.0,false,1,3,false,2017-01-01,2018-08-31
a663d9c3797e90eac99ff60939416a56,SP,Sudeste,2018-05-01,2018-05-01,1,1,4,3,1,235.0,235.0,1.0,false,1,3,false,2017-01-01,2018-08-31
94b9108d4b637ba65bb4f1e53cfcf8d8,SP,Sudeste,2017-09-01,2018-08-01,6,12,12,0,7,234.95999999999998,39.16,0.5,true,0,3,false,2017-01-01,2018-08-31
1e47defeeadeca0e9a18fa5a9311e735,SP,Sudeste,2017-06-01,2017-07-01,2,2,15,13,3,234.12,117.06,1.0,false,1,3,false,2017-01-01,2018-08-31
cb32766839f443db85c82a43c4a6c19e,SP,Sudeste,2017-02-01,2017-02-01,1,1,19,18,2,234.0,234.0,1.0,false,1,3,false,2017-01-01,2018-08-31
d9cb0052a666de5308b32f32ad5f1b1c,SP,Sudeste,2018-01-01,2018-05-01,3,5,8,3,3,231.9,77.3,0.6,false,1,3,false,2017-01-01,2018-08-31
e64882b4ef12aee8d0faca4db5b681f4,GO,Centro-Oeste,2018-01-01,2018-01-01,1,1,8,7,1,230.0,230.0,1.0,false,1,3,false,2017-01-01,2018-08-31
1746c1ae87ac63d530c7c943d0ac42e2,SP,Sudeste,2017-12-01,2017-12-01,1,1,9,8,1,229.9,229.9,1.0,false,1,3,false,2017-01-01,2018-08-31
72431a818f97fe6ab9c81eee3e297e54,SP,Sudeste,2018-04-01,2018-04-01,1,1,5,4,1,229.9,229.9,1.0,false,1,3,false,2017-01-01,2018-08-31
740205fedfe4e90ca6857bc77db0f2b4,SP,Sudeste,2017-02-01,2017-02-01,1,1,19,18,1,229.9,229.9,1.0,false,1,3,false,2017-01-01,2018-08-31
9539213aa8e023c01937bef95dc006da,SP,Sudeste,2017-11-01,2018-03-01,4,5,10,5,9,229.1,57.275,0.8,false,1,3,false,2017-01-01,2018-08-31
615c3462099ffa940d37b17dfda19594,RJ,Sudeste,2018-06-01,2018-07-01,2,2,3,1,2,229.0,114.5,1.0,true,0,3,false,2017-01-01,2018-08-31
75745ef7bc7d4f3ea3380f6f5303f514,DF,Centro-Oeste,2017-03-01,2017-04-01,2,2,18,16,3,228.4,114.2,1.0,false,1,3,false,2017-01-01,2018-08-31
4ce6e5f6c52515177e18c1c9361d8677,SP,Sudeste,2018-07-01,2018-07-01,1,1,2,1,1,226.6,226.6,1.0,true,0,3,false,2017-01-01,2018-08-31
8dfbc5ff27df12f6cef751d3b9554222,PR,Sul,2018-05-01,2018-08-01,3,4,4,0,4,226.0,75.33333333333333,0.75,true,0,3,false,2017-01-01,2018-08-31
b05b432bf68945d4d9783f9e3ca29ee8,SP,Sudeste,2017-09-01,2017-09-01,1,1,12,11,2,224.8,224.8,1.0,false,1,3,false,2017-01-01,2018-08-31
8a8835a43bda99fd37310ad76c457510,SP,Sudeste,2018-07-01,2018-08-01,2,2,2,0,2,224.34,112.17,1.0,true,0,3,false,2017-01-01,2018-08-31
94ca168e8bcb407ab85c5da308863027,SP,Sudeste,2017-11-01,2018-08-01,4,10,10,0,5,224.3,56.075,0.4,true,0,3,false,2017-01-01,2018-08-31
6c6e3d67f969468f3bfd33f827a31222,PR,Sul,2018-03-01,2018-08-01,3,6,6,0,5,224.0,74.66666666666667,0.5,true,0,3,false,2017-01-01,2018-08-31
81ed90f07c0bacb7594940ba2ef676aa,MG,Sudeste,2017-10-01,2017-11-01,2,2,11,9,2,223.9,111.95,1.0,false,1,3,false,2017-01-01,2018-08-31
0e44d110fa6a54e121cb2c095a77762f,SP,Sudeste,2017-08-01,2018-06-01,5,11,13,2,6,223.32000000000002,44.664,0.45454545454545453,false,1,3,false,2017-01-01,2018-08-31
08ad4ac1388e4420ca531c3edfc46198,SP,Sudeste,2018-06-01,2018-08-01,3,3,3,0,6,221.62,73.87333333333333,1.0,true,0,3,false,2017-01-01,2018-08-31
f419677537694f0462a91990df6ca44f,SP,Sudeste,2017-12-01,2018-03-01,4,4,9,5,6,220.49999999999997,55.12499999999999,1.0,false,1,3,false,2017-01-01,2018-08-31
7e3dde9ffba72d5340f9aaf09b4424be,PR,Sul,2017-08-01,2017-08-01,1,1,13,12,1,220.0,220.0,1.0,false,1,3,false,2017-01-01,2018-08-31
bec568278124768c474ee90971ca94d1,SP,Sudeste,2018-06-01,2018-07-01,2,2,3,1,2,219.9,109.95,1.0,true,0,3,false,2017-01-01,2018-08-31
edf3fabebcc20f7463cc9c53da932ea8,SP,Sudeste,2018-05-01,2018-05-01,1,1,4,3,1,219.9,219.9,1.0,false,1,3,false,2017-01-01,2018-08-31
20611af7866c6068fd5ae1f9dbe15c92,SP,Sudeste,2018-07-01,2018-07-01,1,1,2,1,2,219.8,219.8,1.0,true,0,3,false,2017-01-01,2018-08-31
e0a3c37054ade6478d923a6efc10f308,SC,Sul,2018-07-01,2018-07-01,1,1,2,1,2,219.8,219.8,1.0,true,0,3,false,2017-01-01,2018-08-31
f8e2c1b59cd4225a3e4fd0d013a76b93,SP,Sudeste,2017-09-01,2017-12-01,2,4,12,8,2,219.8,109.9,0.5,false,1,3,false,2017-01-01,2018-08-31
a5dd1946fb63ada8bcaa0c9cd8f11e22,PE,Nordeste,2017-09-01,2018-03-01,4,7,12,5,6,219.62,54.905,0.5714285714285714,false,1,3,false,2017-01-01,2018-08-31
6e2d3e2dc84fb30f6078f39dd3bddd6f,PR,Sul,2017-10-01,2017-10-01,1,1,11,10,1,219.0,219.0,1.0,false,1,3,false,2017-01-01,2018-08-31
3442f8959a84dea7ee197c632cb2df15,SP,Sudeste,2017-05-01,2017-08-01,2,4,16,12,3,218.7,109.35,0.5,false,1,3,false,2017-01-01,2018-08-31
751e274377499a8503fd6243ad9c56f6,SP,Sudeste,2018-08-01,2018-08-01,1,1,1,0,1,218.0,218.0,1.0,true,0,3,false,2017-01-01,2018-08-31
6548c2550b6e2d8f18053216e1c7b6f3,SP,Sudeste,2018-06-01,2018-08-01,2,3,3,0,3,217.7,108.85,0.6666666666666666,true,0,3,false,2017-01-01,2018-08-31
d594982fd877af63ace38ea1fca27c76,SP,Sudeste,2018-06-01,2018-08-01,3,3,3,0,7,217.04000000000002,72.34666666666668,1.0,true,0,3,false,2017-01-01,2018-08-31
3d49bfdd1b43a7fe169b3740067acc61,MG,Sudeste,2018-06-01,2018-08-01,3,3,3,0,3,215.0,71.66666666666667,1.0,true,0,3,false,2017-01-01,2018-08-31
a4b8d97cd5d3674eeff96abc99d8ed67,SP,Sudeste,2018-06-01,2018-06-01,1,1,3,2,1,214.08,214.08,1.0,false,1,3,false,2017-01-01,2018-08-31
33ab10be054370c254ddfcf0a6253422,RJ,Sudeste,2018-06-01,2018-08-01,2,3,3,0,4,213.20000000000002,106.60000000000001,0.6666666666666666,true,0,3,false,2017-01-01,2018-08-31
4ea2f12dbe91deeacd2c1e74f069a6e6,SP,Sudeste,2017-09-01,2018-04-01,3,8,12,4,4,210.2,70.06666666666666,0.375,false,1,3,false,2017-01-01,2018-08-31
a9415cf907dfa12f9ed18693244f5329,MG,Sudeste,2018-01-01,2018-01-01,1,1,8,7,1,210.0,210.0,1.0,false,1,4,false,2017-01-01,2018-08-31
d9d43faf741ceaa8da52fdbb81d9e0e3,SP,Sudeste,2018-04-01,2018-08-01,3,5,5,0,6,210.0,70.0,0.6,true,0,4,false,2017-01-01,2018-08-31
fec6912baad85d41729669edd6b4d3b8,SP,Sudeste,2018-04-01,2018-04-01,1,1,5,4,1,210.0,210.0,1.0,false,1,4,false,2017-01-01,2018-08-31
661ad5fcc28cdfb8bcadb12bb2272475,SC,Sul,2018-01-01,2018-07-01,3,7,8,1,4,209.93,69.97666666666667,0.42857142857142855,true,0,4,false,2017-01-01,2018-08-31
269c5fc9fcadee614364c3620c30a1f9,SP,Sudeste,2018-07-01,2018-08-01,2,2,2,0,3,209.6,104.8,1.0,true,0,4,false,2017-01-01,2018-08-31
3fadb4cba4c35bce6a7eaf9872d5623a,RS,Sul,2017-04-01,2017-05-01,2,2,17,15,3,209.5,104.75,1.0,false,1,4,false,2017-01-01,2018-08-31
929f342384a6607afe143d789ade1316,PR,Sul,2018-06-01,2018-08-01,3,3,3,0,4,209.4,69.8,1.0,true,0,4,false,2017-01-01,2018-08-31
3fefda3299e6dfaea3466ef346a3571a,PR,Sul,2017-08-01,2017-08-01,1,1,13,12,1,209.0,209.0,1.0,false,1,4,false,2017-01-01,2018-08-31
10cdd491d1dbea8fb4ead97b19c334ce,MG,Sudeste,2018-06-01,2018-07-01,2,2,3,1,3,208.9,104.45,1.0,true,0,4,false,2017-01-01,2018-08-31
1de62b6f2fd96227629786db492433db,SP,Sudeste,2018-06-01,2018-08-01,2,3,3,0,2,208.8,104.4,0.6666666666666666,true,0,4,false,2017-01-01,2018-08-31
ad8b531ae67582f096925cff5630d0d1,PR,Sul,2017-04-01,2017-11-01,3,8,17,9,3,208.35000000000002,69.45,0.375,false,1,4,false,2017-01-01,2018-08-31
353e21e8bf8de2722b4fae1636664b76,RS,Sul,2018-02-01,2018-06-01,4,5,7,2,4,208.0,52.0,0.8,false,1,4,false,2017-01-01,2018-08-31
5a9c0859cb00fd8aa4db443837f0a700,SC,Sul,2018-07-01,2018-07-01,1,1,2,1,2,208.0,208.0,1.0,true,0,4,false,2017-01-01,2018-08-31
90b36c5aeb728d5504a39f435bef0c5f,SP,Sudeste,2018-07-01,2018-08-01,2,2,2,0,5,207.86,103.93,1.0,true,0,4,false,2017-01-01,2018-08-31
90b57083da5d803237da74daec6dcb2b,PR,Sul,2018-01-01,2018-04-01,2,4,8,4,2,206.9,103.45,0.5,false,1,4,false,2017-01-01,2018-08-31
762fafdaa57a532ee0119731697579dd,SP,Sudeste,2018-06-01,2018-08-01,3,3,3,0,5,206.70000000000002,68.9,1.0,true,0,4,false,2017-01-01,2018-08-31
3bfad056cf05c00dabe2f895925d83b1,SP,Sudeste,2017-12-01,2017-12-01,1,1,9,8,1,206.64999999999998,206.64999999999998,1.0,false,1,4,false,2017-01-01,2018-08-31
e5d4b2b0c3bca22085f7a19a28de0c42,SC,Sul,2017-08-01,2017-11-01,3,4,13,9,4,205.8,68.60000000000001,0.75,false,1,4,false,2017-01-01,2018-08-31
dd8a29ce82d5c705ba932d81494600a5,SP,Sudeste,2017-05-01,2017-09-01,2,5,16,11,2,205.75,102.875,0.4,false,1,4,false,2017-01-01,2018-08-31
643c01d7c56a724bec0454f4780e8a3e,SC,Sul,2018-04-01,2018-05-01,2,2,5,3,2,205.55,102.775,1.0,false,1,4,false,2017-01-01,2018-08-31
37ceb404da208418c9032f0674e57804,SP,Sudeste,2018-05-01,2018-05-01,1,1,4,3,1,204.93,204.93,1.0,false,1,4,false,2017-01-01,2018-08-31
efb628aa07c8ca93d7db0d85b91a4f5a,RJ,Sudeste,2017-11-01,2017-11-01,1,1,10,9,1,204.0,204.0,1.0,false,1,4,false,2017-01-01,2018-08-31
e819bcfade7b5d88a27325eb6cfd62c5,SP,Sudeste,2018-07-01,2018-08-01,2,2,2,0,5,202.9,101.45,1.0,true,0,4,false,2017-01-01,2018-08-31
f26d70155c2b6326fcfa1780c8c684e4,SC,Sul,2017-06-01,2017-06-01,1,1,15,14,1,202.89,202.89,1.0,false,1,4,false,2017-01-01,2018-08-31
bcc9dd23e2a8bd8267cf92b19304a1b9,SP,Sudeste,2018-01-01,2018-02-01,2,2,8,6,3,202.79000000000002,101.39500000000001,1.0,false,1,4,false,2017-01-01,2018-08-31
19484c79cef6c062cb177aa4ef2fcc3c,SP,Sudeste,2018-08-01,2018-08-01,1,1,1,0,1,201.9,201.9,1.0,true,0,4,false,2017-01-01,2018-08-31
28c7d8743fbc8679f484868cc0fcaefb,SP,Sudeste,2018-05-01,2018-08-01,3,4,4,0,3,201.5,67.16666666666667,0.75,true,0,4,false,2017-01-01,2018-08-31
72146da5774cabf2632faedcae097a76,PR,Sul,2018-02-01,2018-05-01,4,4,7,3,4,200.94,50.235,1.0,false,1,4,false,2017-01-01,2018-08-31
c990d6cf976a5718aaedc539f383ab88,SP,Sudeste,2017-10-01,2018-01-01,3,4,11,7,10,200.90000000000003,66.96666666666668,0.75,false,1,4,false,2017-01-01,2018-08-31
3f84fefc07dc159b268d4a77d3e8c425,PR,Sul,2018-05-01,2018-06-01,2,2,4,2,3,200.60000000000002,100.30000000000001,1.0,false,1,4,false,2017-01-01,2018-08-31
5db42a6cd9bf1bf0d3aab9582767f168,ES,Sudeste,2018-05-01,2018-05-01,1,1,4,3,1,200.0,200.0,1.0,false,1,4,false,2017-01-01,2018-08-31
3289d8c3eef4873f91ce0b1343c0dd58,SP,Sudeste,2018-05-01,2018-05-01,1,1,4,3,1,199.99,199.99,1.0,false,1,4,false,2017-01-01,2018-08-31
dbc51f5e45d654ecc16cb68e6817ecea,SP,Sudeste,2017-02-01,2017-02-01,1,1,19,18,1,199.99,199.99,1.0,false,1,4,false,2017-01-01,2018-08-31
dda37071807e404c5bb2a1590c66326f,SP,Sudeste,2018-04-01,2018-04-01,1,1,5,4,1,199.99,199.99,1.0,false,1,4,false,2017-01-01,2018-08-31
3fe7120d6257285ac6a3ce7cb071ccec,MG,Sudeste,2018-01-01,2018-01-01,1,1,8,7,2,199.98,199.98,1.0,false,1,4,false,2017-01-01,2018-08-31
651530bf5c607240ccdd89a30c9c9712,BA,Nordeste,2018-08-01,2018-08-01,1,1,1,0,1,199.9,199.9,1.0,true,0,4,false,2017-01-01,2018-08-31
e59e575a175fadcadf8479e191770425,RJ,Sudeste,2018-06-01,2018-06-01,1,1,3,2,1,199.9,199.9,1.0,false,1,4,false,2017-01-01,2018-08-31
2a50b7ee5aebecc6fd0ff9784a4747d6,DF,Centro-Oeste,2017-11-01,2017-11-01,1,1,10,9,1,199.8,199.8,1.0,false,1,4,false,2017-01-01,2018-08-31
2cb4700db635baa1c0d4f90ed27b6669,PR,Sul,2017-03-01,2017-03-01,1,1,18,17,2,199.8,199.8,1.0,false,1,4,false,2017-01-01,2018-08-31
4f0d637c1197fd65405ebd755ac9f86b,SP,Sudeste,2018-05-01,2018-06-01,2,2,4,2,2,199.8,99.9,1.0,false,1,4,false,2017-01-01,2018-08-31
ec5c1d94df153d473b37f880977ae58e,SP,Sudeste,2018-05-01,2018-06-01,2,2,4,2,2,199.67000000000002,99.83500000000001,1.0,false,1,4,false,2017-01-01,2018-08-31
4e2627090e6e5b9fabba883a37897683,MG,Sudeste,2018-01-01,2018-02-01,2,2,8,6,2,199.5,99.75,1.0,false,1,4,false,2017-01-01,2018-08-31
8060d731897e33b5c5ae575ce1e209e1,SP,Sudeste,2018-05-01,2018-07-01,2,3,4,1,5,199.5,99.75,0.6666666666666666,true,0,4,false,2017-01-01,2018-08-31
4450bd8327d471c4a11a83d1445b1b62,SP,Sudeste,2017-04-01,2017-04-01,1,1,17,16,1,199.0,199.0,1.0,false,1,4,false,2017-01-01,2018-08-31
4ce8b55b4bfa4659184e7becc1fba3f2,PR,Sul,2018-04-01,2018-04-01,1,1,5,4,2,199.0,199.0,1.0,false,1,4,false,2017-01-01,2018-08-31
52f6f9f13ba19504c02781132a049e75,PR,Sul,2017-03-01,2017-03-01,1,1,18,17,1,199.0,199.0,1.0,false,1,4,false,2017-01-01,2018-08-31
e1bed63d68ac36fe1f3061befe196af5,SP,Sudeste,2017-01-01,2017-01-01,1,1,20,19,1,199.0,199.0,1.0,false,1,4,false,2017-01-01,2018-08-31
e9874ae10b2d60d43917b6bbfa13a599,PR,Sul,2018-04-01,2018-04-01,1,1,5,4,1,199.0,199.0,1.0,false,1,4,false,2017-01-01,2018-08-31
3d290fe363c60a77498c1126fd3fb8d3,SP,Sudeste,2017-03-01,2017-06-01,3,4,18,14,3,198.98000000000002,66.32666666666667,0.75,false,1,4,false,2017-01-01,2018-08-31
e503f22be6a4f456d9851920a5d9c670,SP,Sudeste,2018-07-01,2018-08-01,2,2,2,0,2,198.9,99.45,1.0,true,0,4,false,2017-01-01,2018-08-31
586a871d4f1221763fddb6ceefdeb95e,RS,Sul,2017-01-01,2017-01-01,1,1,20,19,1,198.0,198.0,1.0,false,1,4,false,2017-01-01,2018-08-31
b57e8460909fa137df7951b4a3b5ea84,RS,Sul,2017-03-01,2017-03-01,1,1,18,17,1,198.0,198.0,1.0,false,1,4,false,2017-01-01,2018-08-31
d8dd176509baa37f359644d082bf7f7b,SP,Sudeste,2017-11-01,2017-11-01,1,1,10,9,2,198.0,198.0,1.0,false,1,4,false,2017-01-01,2018-08-31
6f835fd4be26989b1b064399da346143,PR,Sul,2018-05-01,2018-06-01,2,2,4,2,2,197.8,98.9,1.0,false,1,4,false,2017-01-01,2018-08-31
9da15f4a4ea758d9eeb49000dbe57e22,SP,Sudeste,2018-07-01,2018-07-01,1,1,2,1,1,196.9,196.9,1.0,true,0,4,false,2017-01-01,2018-08-31
fe8055980a4ff7f64ed889c2b5926929,PR,Sul,2018-06-01,2018-07-01,2,2,3,1,3,196.70000000000002,98.35000000000001,1.0,true,0,4,false,2017-01-01,2018-08-31
809413606dbfe5deefd2db646693ef67,SP,Sudeste,2017-11-01,2018-05-01,3,7,10,3,3,196.68,65.56,0.42857142857142855,false,1,4,false,2017-01-01,2018-08-31
8def3db7f272735afb2ecd03aeca09a7,RJ,Sudeste,2018-07-01,2018-08-01,2,2,2,0,2,196.0,98.0,1.0,true,0,4,false,2017-01-01,2018-08-31
0f7eea709efdf942b5f95c7516dbacd7,SP,Sudeste,2018-04-01,2018-05-01,2,2,5,3,3,195.74,97.87,1.0,false,1,4,false,2017-01-01,2018-08-31
f356c348fbc8df6a882823e21f5ce8b7,RS,Sul,2018-08-01,2018-08-01,1,1,1,0,2,195.18,195.18,1.0,true,0,4,false,2017-01-01,2018-08-31
9c54608f0996c32ae4743089d915f845,PR,Sul,2018-06-01,2018-07-01,2,2,3,1,3,194.8,97.4,1.0,true,0,4,false,2017-01-01,2018-08-31
b5f49fe968dff6b112861e6cd8e192ef,PR,Sul,2018-01-01,2018-01-01,1,1,8,7,1,194.70000000000002,194.70000000000002,1.0,false,1,4,false,2017-01-01,2018-08-31
7d948535954aaf8c5d39db007f74372e,SP,Sudeste,2017-07-01,2018-04-01,4,10,14,4,4,194.0,48.5,0.4,false,1,4,false,2017-01-01,2018-08-31
f626e15b7314c267e4429010866f70e9,SP,Sudeste,2018-02-01,2018-07-01,4,6,7,1,5,193.54999999999998,48.387499999999996,0.6666666666666666,true,0,4,false,2017-01-01,2018-08-31
05e107217c7266362fd44b75b2cd4cc4,SP,Sudeste,2018-06-01,2018-08-01,2,3,3,0,5,193.38,96.69,0.6666666666666666,true,0,4,false,2017-01-01,2018-08-31
747c1cdcd1737dcfbd1547f6eb6f2cf3,SP,Sudeste,2017-09-01,2018-01-01,2,5,12,7,2,193.1,96.55,0.4,false,1,4,false,2017-01-01,2018-08-31
4d9fea3499bdc22aa4da4e339365f215,SP,Sudeste,2018-02-01,2018-07-01,2,6,7,1,2,192.54000000000002,96.27000000000001,0.3333333333333333,true,0,4,false,2017-01-01,2018-08-31
78ba5933c21686d1c2f64669c8c459e7,SP,Sudeste,2017-03-01,2017-05-01,2,3,18,15,2,191.8,95.9,0.6666666666666666,false,1,4,false,2017-01-01,2018-08-31
f5403d3f50089112c4eed37928b7f622,SP,Sudeste,2017-02-01,2017-02-01,1,1,19,18,2,190.8,190.8,1.0,false,1,4,false,2017-01-01,2018-08-31
f307937c1bb287c3efc2a514b94b0d1d,MG,Sudeste,2017-06-01,2017-06-01,1,1,15,14,1,189.99,189.99,1.0,false,1,4,false,2017-01-01,2018-08-31
778323240ce2830d68aab11794e00bfb,SP,Sudeste,2018-06-01,2018-07-01,2,2,3,1,3,189.98000000000002,94.99000000000001,1.0,true,0,4,false,2017-01-01,2018-08-31
43a1d4bab73b816e44ef4e4facd9f9b5,PR,Sul,2017-02-01,2017-02-01,1,1,19,18,1,189.9,189.9,1.0,false,1,4,false,2017-01-01,2018-08-31
7cf4ea70955b00d6b3c22542598e2715,SP,Sudeste,2018-07-01,2018-07-01,1,1,2,1,1,189.9,189.9,1.0,true,0,4,false,2017-01-01,2018-08-31
119c7f1a00ef43fad0e57604e76a747c,SP,Sudeste,2017-10-01,2018-02-01,2,5,11,6,2,189.8,94.9,0.4,false,1,4,false,2017-01-01,2018-08-31
213fafb0ca06fb3d5886579c2565791b,MG,Sudeste,2018-06-01,2018-08-01,2,3,3,0,3,189.70000000000002,94.85000000000001,0.6666666666666666,true,0,4,false,2017-01-01,2018-08-31
686886775c8f6b1191c7b953fb52708c,SP,Sudeste,2018-06-01,2018-06-01,1,1,3,2,1,189.0,189.0,1.0,false,1,4,false,2017-01-01,2018-08-31
b00af24704019bd2e1b335e70ad11f7c,BA,Nordeste,2018-06-01,2018-06-01,1,1,3,2,1,189.0,189.0,1.0,false,1,4,false,2017-01-01,2018-08-31
e0482f2c769468c3bbcd8a01e09d98c5,SP,Sudeste,2018-08-01,2018-08-01,1,1,1,0,1,189.0,189.0,1.0,true,0,4,false,2017-01-01,2018-08-31
c360e4787614ed31ac7a2f95d3b22dc6,SP,Sudeste,2018-06-01,2018-06-01,1,1,3,2,1,188.9,188.9,1.0,false,1,4,false,2017-01-01,2018-08-31
c0aff2da32c17759d30b22fb0af6649d,SC,Sul,2018-06-01,2018-08-01,2,3,3,0,4,188.8,94.4,0.6666666666666666,true,0,4,false,2017-01-01,2018-08-31
4c1c7281388a33dd06daac44f9fadbd1,SP,Sudeste,2018-04-01,2018-06-01,2,3,5,2,5,188.32,94.16,0.6666666666666666,false,1,4,false,2017-01-01,2018-08-31
74c7dec0a384d8a05950e629bd23bde9,SP,Sudeste,2017-07-01,2017-10-01,3,4,14,10,5,187.68,62.56,0.75,false,1,4,false,2017-01-01,2018-08-31
a3b0df0065e264a91b7bbf5f844af5cd,SP,Sudeste,2017-09-01,2017-09-01,1,1,12,11,2,186.69,186.69,1.0,false,1,4,false,2017-01-01,2018-08-31
3a79f35a2344ede41af21267f61d5ec6,SP,Sudeste,2017-11-01,2017-11-01,1,1,10,9,1,186.0,186.0,1.0,false,1,4,false,2017-01-01,2018-08-31
c32fc744b9160ac853450488e3cfea93,SP,Sudeste,2018-03-01,2018-06-01,3,4,6,2,3,185.70000000000002,61.900000000000006,0.75,false,1,4,false,2017-01-01,2018-08-31
eec3469d83e142f9a104886655338c37,SP,Sudeste,2017-02-01,2018-08-01,4,19,19,0,4,185.7,46.425,0.21052631578947367,true,0,4,false,2017-01-01,2018-08-31
f9eda05b67bef472deaddbba84aca289,SC,Sul,2018-06-01,2018-06-01,1,1,3,2,1,185.0,185.0,1.0,false,1,4,false,2017-01-01,2018-08-31
9e7c5f4d7770eab65738cca38f9efccf,SP,Sudeste,2018-06-01,2018-08-01,2,3,3,0,2,184.8,92.4,0.6666666666666666,true,0,4,false,2017-01-01,2018-08-31
2075d8cd4dd63ff12df0749a5866bb06,PR,Sul,2018-08-01,2018-08-01,1,1,1,0,3,184.7,184.7,1.0,true,0,4,false,2017-01-01,2018-08-31
7d484ca289afaac6bf5fc6a1e96d2226,MS,Centro-Oeste,2018-08-01,2018-08-01,1,1,1,0,2,183.2,183.2,1.0,true,0,4,false,2017-01-01,2018-08-31
1c56ffe0e9dea2657fc6e95b53f40b13,SP,Sudeste,2018-07-01,2018-08-01,2,2,2,0,3,183.0,91.5,1.0,true,0,4,false,2017-01-01,2018-08-31
23ca5f678e0b3ea6c630b30fa8bf51ea,SP,Sudeste,2017-03-01,2017-05-01,3,3,18,15,6,183.0,61.0,1.0,false,1,4,false,2017-01-01,2018-08-31
3dfd3dc96f7f8598eca74e9ac8a2fa31,SP,Sudeste,2017-11-01,2018-06-01,4,8,10,2,6,183.0,45.75,0.5,false,1,4,false,2017-01-01,2018-08-31
478bfe564db21eeb44386606aa30b650,MG,Sudeste,2017-10-01,2017-12-01,2,3,11,8,3,182.70000000000002,91.35000000000001,0.6666666666666666,false,1,4,false,2017-01-01,2018-08-31
5659d77e8d90378e39b960ad5956f64e,SP,Sudeste,2017-09-01,2018-03-01,2,7,12,5,2,182.48000000000002,91.24000000000001,0.2857142857142857,false,1,4,false,2017-01-01,2018-08-31
31e60bf8d103ce47932a85f5562deb16,GO,Centro-Oeste,2018-07-01,2018-07-01,1,1,2,1,1,181.0,181.0,1.0,true,0,4,false,2017-01-01,2018-08-31
8ca5b19e0263150d2c57afdde2b3d011,SP,Sudeste,2017-10-01,2017-11-01,2,2,11,9,3,180.60000000000002,90.30000000000001,1.0,false,1,4,false,2017-01-01,2018-08-31
7ad41305e96a6cab8294cd65891e9a86,SP,Sudeste,2018-06-01,2018-06-01,1,1,3,2,2,180.0,180.0,1.0,false,1,4,false,2017-01-01,2018-08-31
88cd3681e0a2ba85e190f7d817629c4c,SC,Sul,2018-08-01,2018-08-01,1,1,1,0,1,180.0,180.0,1.0,true,0,4,false,2017-01-01,2018-08-31
94165aea8a35c3c21499cbcae239b16c,MG,Sudeste,2018-06-01,2018-06-01,1,1,3,2,1,180.0,180.0,1.0,false,1,4,false,2017-01-01,2018-08-31
964ff64dc05b13811c6d0f41e0aa5f6b,SP,Sudeste,2018-07-01,2018-07-01,1,1,2,1,1,180.0,180.0,1.0,true,0,4,false,2017-01-01,2018-08-31
9c57bc60cfad5ee62d35d3f1ce4593a1,PR,Sul,2017-04-01,2017-04-01,1,1,17,16,1,180.0,180.0,1.0,false,1,4,false,2017-01-01,2018-08-31
9dd459b29a14bf89d47183cf2cd0e4c7,SP,Sudeste,2018-01-01,2018-08-01,2,8,8,0,2,180.0,90.0,0.25,true,0,4,false,2017-01-01,2018-08-31
05ca864204d09595ae591b93ea9cf93d,SP,Sudeste,2018-08-01,2018-08-01,1,1,1,0,1,179.9,179.9,1.0,true,0,4,false,2017-01-01,2018-08-31
50bf89f1349bc0409a268c3a49678009,SP,Sudeste,2018-07-01,2018-07-01,1,1,2,1,1,179.9,179.9,1.0,true,0,4,false,2017-01-01,2018-08-31
7f5e4d5efad7e44b91115dd1decb65f3,SP,Sudeste,2018-05-01,2018-07-01,2,3,4,1,3,179.9,89.95,0.6666666666666666,true,0,4,false,2017-01-01,2018-08-31
762ed976527cddf02787edba70fffa2a,PR,Sul,2017-11-01,2017-12-01,2,2,10,8,3,179.8,89.9,1.0,false,1,4,false,2017-01-01,2018-08-31
184a67a8f9f63234d3a92340bbdb727f,SC,Sul,2017-02-01,2017-11-01,5,10,19,9,6,179.18,35.836,0.5,false,1,4,false,2017-01-01,2018-08-31
2235cf78d3e2073a88146a9cb60f0dd0,SP,Sudeste,2017-11-01,2017-11-01,1,1,10,9,1,178.99,178.99,1.0,false,1,4,false,2017-01-01,2018-08-31
880ce4951cf857ab1d9e0b75c1d856f4,MG,Sudeste,2018-02-01,2018-02-01,1,1,7,6,1,178.9,178.9,1.0,false,1,4,false,2017-01-01,2018-08-31
f3975e8a41157005d4bcbb358678cd9b,SC,Sul,2018-04-01,2018-08-01,2,5,5,0,2,178.8,89.4,0.4,true,0,4,false,2017-01-01,2018-08-31
57fe6232e67823593374a2281d7a8af8,SP,Sudeste,2017-03-01,2017-12-01,5,10,18,8,8,178.68,35.736000000000004,0.5,false,1,4,false,2017-01-01,2018-08-31
19e0f40a907ec568c34bfac15de4f4a1,SP,Sudeste,2017-01-01,2017-10-01,4,10,20,10,4,178.0,44.5,0.4,false,1,4,false,2017-01-01,2018-08-31
2d2322d842118867781fc737e96d59a1,SP,Sudeste,2018-06-01,2018-08-01,3,3,3,0,8,176.4,58.800000000000004,1.0,true,0,4,false,2017-01-01,2018-08-31
a0a14e50070f3225b3eabba5b85da517,PR,Sul,2018-07-01,2018-08-01,2,2,2,0,4,176.2,88.1,1.0,true,0,4,false,2017-01-01,2018-08-31
c353f8fc0ce8344999f17d578eb69a5e,RS,Sul,2017-01-01,2017-02-01,2,2,20,18,2,175.98,87.99,1.0,false,1,4,false,2017-01-01,2018-08-31
485452467ff670447e84a8370c3fc898,SC,Sul,2018-02-01,2018-03-01,2,2,7,5,3,175.70000000000002,87.85000000000001,1.0,false,1,4,false,2017-01-01,2018-08-31
4dc2e811a1760953cb7c6a590b498943,SP,Sudeste,2018-08-01,2018-08-01,1,1,1,0,1,175.0,175.0,1.0,true,0,4,false,2017-01-01,2018-08-31
b906dd0e57f282c7089171b6ed07982e,PR,Sul,2018-04-01,2018-06-01,2,3,5,2,2,175.0,87.5,0.6666666666666666,false,1,4,false,2017-01-01,2018-08-31
f92d8c817434bd2d84d4e9c61322b7fa,SP,Sudeste,2018-01-01,2018-07-01,5,7,8,1,5,174.84,34.968,0.7142857142857143,true,0,4,false,2017-01-01,2018-08-31
23ff42c4bf1f8f16cddb19d8b972974a,MG,Sudeste,2017-09-01,2017-11-01,2,3,12,9,2,174.70000000000002,87.35000000000001,0.6666666666666666,false,1,4,false,2017-01-01,2018-08-31
dd9661d3cda1e6feb237f0c4d8b26f2e,SC,Sul,2017-10-01,2017-10-01,1,1,11,10,1,174.0,174.0,1.0,false,1,4,false,2017-01-01,2018-08-31
0692610d8abe24f287e9fae90ea0bbee,SP,Sudeste,2018-06-01,2018-08-01,3,3,3,0,4,173.99,57.99666666666667,1.0,true,0,4,false,2017-01-01,2018-08-31
99a25c39b28a74d1151c35c18d178292,SP,Sudeste,2018-06-01,2018-06-01,1,1,3,2,1,173.94,173.94,1.0,false,1,4,false,2017-01-01,2018-08-31
aae5953b9edddf14749c0d65d60eb4b9,MG,Sudeste,2017-09-01,2017-10-01,2,2,12,10,2,173.0,86.5,1.0,false,1,4,false,2017-01-01,2018-08-31
ccada0ef508e698917a6eab263375905,PR,Sul,2017-07-01,2017-10-01,3,4,14,10,3,172.8,57.6,0.75,false,1,4,false,2017-01-01,2018-08-31
1e483cc5c76fef08d3ca05f9a8af7d01,SP,Sudeste,2017-02-01,2017-05-01,4,4,19,15,10,171.99,42.9975,1.0,false,1,4,false,2017-01-01,2018-08-31
50770d25768b0486d89be26afca3108f,SP,Sudeste,2017-12-01,2018-07-01,4,8,9,1,6,171.76999999999998,42.942499999999995,0.5,true,0,4,false,2017-01-01,2018-08-31
cd52a8efd71af3336b14b5039b951cc1,SP,Sudeste,2017-09-01,2017-11-01,2,3,12,9,3,170.8,85.4,0.6666666666666666,false,1,4,false,2017-01-01,2018-08-31
3ea08c48e851106d2f584349daba335f,MG,Sudeste,2018-06-01,2018-06-01,1,1,3,2,1,170.0,170.0,1.0,false,1,4,false,2017-01-01,2018-08-31
e1643dff33666ca629e3644c02738179,SP,Sudeste,2018-05-01,2018-05-01,1,1,4,3,3,170.0,170.0,1.0,false,1,4,false,2017-01-01,2018-08-31
5444b12c82f21c923f2639ebc722c1ea,SP,Sudeste,2017-04-01,2017-04-01,1,1,17,16,1,169.9,169.9,1.0,false,1,4,false,2017-01-01,2018-08-31
6e85dc5ecd97a61094b89b046a509d8e,SP,Sudeste,2017-05-01,2017-05-01,1,1,16,15,1,169.9,169.9,1.0,false,1,4,false,2017-01-01,2018-08-31
695051e2981c8b19e77cafe450d5bdf3,SP,Sudeste,2017-12-01,2017-12-01,1,1,9,8,1,169.76,169.76,1.0,false,1,4,false,2017-01-01,2018-08-31
b01c2b7b8599b325103ebcddc67413e1,RS,Sul,2018-07-01,2018-08-01,2,2,2,0,4,169.45000000000002,84.72500000000001,1.0,true,0,4,false,2017-01-01,2018-08-31
4bc3d93e4a5f88a598d3d8ce4ae510b3,SP,Sudeste,2018-07-01,2018-07-01,1,1,2,1,1,169.0,169.0,1.0,true,0,4,false,2017-01-01,2018-08-31
d9c349beabc06aa6ff1c6d68b5e9e22e,SP,Sudeste,2018-04-01,2018-04-01,1,1,5,4,1,168.1,168.1,1.0,false,1,4,false,2017-01-01,2018-08-31
c7c7b2682c648339a0e9846bb1023a39,SP,Sudeste,2017-10-01,2017-12-01,2,3,11,8,2,168.0,84.0,0.6666666666666666,false,1,4,false,2017-01-01,2018-08-31
51a04a8a6bdcb23deccc82b0b80742cf,SP,Sudeste,2017-11-01,2017-11-01,1,1,10,9,1,167.99,167.99,1.0,false,1,4,false,2017-01-01,2018-08-31
7178e1eaa97257d8b6d4b80efd77a025,SP,Sudeste,2017-09-01,2017-09-01,1,1,12,11,1,167.9,167.9,1.0,false,1,4,false,2017-01-01,2018-08-31
89d9a386b0b6e5fc8403071b03f7206a,SP,Sudeste,2018-02-01,2018-02-01,1,1,7,6,2,167.0,167.0,1.0,false,1,4,false,2017-01-01,2018-08-31
1d1bbb8ac1581824986f582583fff01d,SC,Sul,2018-04-01,2018-08-01,2,5,5,0,4,166.88,83.44,0.4,true,0,4,false,2017-01-01,2018-08-31
1cbdc7cf130a41fd13a3c2a7d2fcfda7,MG,Sudeste,2018-05-01,2018-07-01,2,3,4,1,2,165.8,82.9,0.6666666666666666,true,0,4,false,2017-01-01,2018-08-31
2ea0861cc19e94cad86438c984c52da4,SP,Sudeste,2018-05-01,2018-07-01,3,3,4,1,6,165.60000000000002,55.20000000000001,1.0,true,0,4,false,2017-01-01,2018-08-31
33d677f27a69b84051204ee4ae76eaca,SC,Sul,2018-03-01,2018-07-01,4,5,6,1,9,165.0,41.25,0.8,true,0,4,false,2017-01-01,2018-08-31
ace601496e211a664100321f038f50af,SP,Sudeste,2017-02-01,2017-02-01,1,1,19,18,1,165.0,165.0,1.0,false,1,4,false,2017-01-01,2018-08-31
e45edf75f568ed2f93f78d060e246e25,RJ,Sudeste,2018-06-01,2018-07-01,2,2,3,1,6,164.3,82.15,1.0,true,0,4,false,2017-01-01,2018-08-31
432c67955c0acd1fd6b0b5d678766a71,SP,Sudeste,2017-02-01,2017-02-01,1,1,19,18,1,163.0,163.0,1.0,false,1,4,false,2017-01-01,2018-08-31
fc5a0d7a310a7a41abf86a458585ff2b,SP,Sudeste,2017-06-01,2018-05-01,2,12,15,3,2,162.8,81.4,0.16666666666666666,false,1,4,false,2017-01-01,2018-08-31
98e164d549402270247f3c96a1a158ef,SP,Sudeste,2017-06-01,2017-08-01,2,3,15,12,2,162.7,81.35,0.6666666666666666,false,1,4,false,2017-01-01,2018-08-31
bff9deb0ec77d437f3305a79cf25529e,SP,Sudeste,2018-06-01,2018-08-01,3,3,3,0,5,161.95,53.98333333333333,1.0,true,0,4,false,2017-01-01,2018-08-31
3442033154be05bac582e173ef54fd12,SP,Sudeste,2018-08-01,2018-08-01,1,1,1,0,1,161.0,161.0,1.0,true,0,4,false,2017-01-01,2018-08-31
d3e7d37c0df9aef383f3f2a15b0dddfb,PR,Sul,2018-07-01,2018-07-01,1,1,2,1,1,161.0,161.0,1.0,true,0,4,false,2017-01-01,2018-08-31
fc6295add6f51a0936407ead70c1001d,SP,Sudeste,2017-11-01,2017-11-01,1,1,10,9,1,160.0,160.0,1.0,false,1,4,false,2017-01-01,2018-08-31
533d46c1b06970e99f09523a61df4972,SP,Sudeste,2018-02-01,2018-02-01,1,1,7,6,2,159.98,159.98,1.0,false,1,4,false,2017-01-01,2018-08-31
aa2640d851ec322526f1295bbeb20092,SP,Sudeste,2018-05-01,2018-05-01,1,1,4,3,1,159.98,159.98,1.0,false,1,4,false,2017-01-01,2018-08-31
2039c5e51785b5dde7cf93ccb3b7be2c,SP,Sudeste,2018-07-01,2018-07-01,1,1,2,1,1,159.9,159.9,1.0,true,0,4,false,2017-01-01,2018-08-31
913fd0ebba70bb919f7254a02239173c,SC,Sul,2018-07-01,2018-07-01,1,1,2,1,1,159.9,159.9,1.0,true,0,4,false,2017-01-01,2018-08-31
fc0b214b59a83615fea981c6424a02ae,SP,Sudeste,2018-08-01,2018-08-01,1,1,1,0,1,159.9,159.9,1.0,true,0,4,false,2017-01-01,2018-08-31
2ec6e37d992a95eaddb3369dcbcc76d9,RS,Sul,2017-08-01,2017-10-01,2,3,13,10,2,159.8,79.9,0.6666666666666666,false,1,4,false,2017-01-01,2018-08-31
6902157ee16728322d61a1321fa79e58,SP,Sudeste,2017-09-01,2017-10-01,2,2,12,10,2,159.8,79.9,1.0,false,1,4,false,2017-01-01,2018-08-31
99cd94252748d2bdde08e17858233602,SP,Sudeste,2018-06-01,2018-06-01,1,1,3,2,2,159.8,159.8,1.0,false,1,4,false,2017-01-01,2018-08-31
b7e1750c1157341d2abd0251e07c186b,SP,Sudeste,2017-02-01,2017-04-01,3,3,19,16,3,159.6,53.199999999999996,1.0,false,1,4,false,2017-01-01,2018-08-31
0ade5cc4a305ed7093a23f68ca47519c,PR,Sul,2017-11-01,2018-01-01,2,3,10,7,2,158.88,79.44,0.6666666666666666,false,1,4,false,2017-01-01,2018-08-31
954e95f20808d7e5d11f0de292d078e0,MG,Sudeste,2017-09-01,2017-11-01,2,3,12,9,3,158.78,79.39,0.6666666666666666,false,1,4,false,2017-01-01,2018-08-31
c04d70d515d15a7e3db3a73320598566,RJ,Sudeste,2017-05-01,2017-11-01,3,7,16,9,3,158.2,52.73333333333333,0.42857142857142855,false,1,4,false,2017-01-01,2018-08-31
98dddbc4601dd4443ca174359b237166,PR,Sul,2018-07-01,2018-07-01,1,1,2,1,2,158.0,158.0,1.0,true,0,4,false,2017-01-01,2018-08-31
ce3ad9de960102d0677a81f5d0bb7b2d,RJ,Sudeste,2018-07-01,2018-07-01,1,1,2,1,1,158.0,158.0,1.0,true,0,4,false,2017-01-01,2018-08-31
f1ce5fdecd64935c28b9ff932751d0dc,SP,Sudeste,2017-03-01,2017-06-01,2,4,18,14,2,158.0,79.0,0.5,false,1,4,false,2017-01-01,2018-08-31
902c99f1ac505c0d18778b61bcd636f7,SP,Sudeste,2018-07-01,2018-08-01,2,2,2,0,4,157.96,78.98,1.0,true,0,4,false,2017-01-01,2018-08-31
d2df77822373f19934e87694d8640767,PR,Sul,2018-04-01,2018-04-01,1,1,5,4,2,155.9,155.9,1.0,false,1,4,false,2017-01-01,2018-08-31
dde698c6d0bd24834c586e5111c2bba7,RJ,Sudeste,2018-07-01,2018-07-01,1,1,2,1,1,155.9,155.9,1.0,true,0,4,false,2017-01-01,2018-08-31
5f0057b677eb963672bf05dfa3f16c34,SP,Sudeste,2017-01-01,2017-02-01,2,2,20,18,3,155.89000000000001,77.94500000000001,1.0,false,1,4,false,2017-01-01,2018-08-31
a4e634166243bbb3a13fa584463fa468,SP,Sudeste,2018-02-01,2018-04-01,2,3,7,4,2,155.55,77.775,0.6666666666666666,false,1,4,false,2017-01-01,2018-08-31
b9de031b671cd48b28fae9d828cbf2b4,SP,Sudeste,2018-07-01,2018-07-01,1,1,2,1,1,155.32,155.32,1.0,true,0,4,false,2017-01-01,2018-08-31
3c88ed2e76a2247933a15daa7161eb1c,SP,Sudeste,2018-02-01,2018-02-01,1,1,7,6,1,155.0,155.0,1.0,false,1,4,false,2017-01-01,2018-08-31
4dab98ca6cd6d3df586203cefd28a042,RS,Sul,2018-03-01,2018-03-01,1,1,6,5,1,154.9,154.9,1.0,false,1,4,false,2017-01-01,2018-08-31
f664f98bfda2eaf266a23ff144e7a872,SP,Sudeste,2017-07-01,2017-11-01,2,5,14,9,2,153.99,76.995,0.4,false,1,4,false,2017-01-01,2018-08-31
0b09101900100c0e9d312861fad5a1b9,SP,Sudeste,2017-01-01,2017-01-01,1,1,20,19,1,153.75,153.75,1.0,false,1,4,false,2017-01-01,2018-08-31
6601ee6383e7f452be71929f8de48bbb,SP,Sudeste,2017-10-01,2017-11-01,2,2,11,9,2,153.6,76.8,1.0,false,1,4,false,2017-01-01,2018-08-31
d26aa40b90272d4843d63be7c1462c8d,SP,Sudeste,2018-07-01,2018-08-01,2,2,2,0,2,152.9,76.45,1.0,true,0,4,false,2017-01-01,2018-08-31
78813699ffac347fe27dba345a5f1551,RS,Sul,2018-06-01,2018-06-01,1,1,3,2,1,152.42,152.42,1.0,false,1,4,false,2017-01-01,2018-08-31
4ddeb3e828550cddc8d45c8bc36ab2d1,SP,Sudeste,2017-03-01,2017-03-01,1,1,18,17,1,152.0,152.0,1.0,false,1,4,false,2017-01-01,2018-08-31
56f413900b5166ab4d730e9ac0b12cb0,SP,Sudeste,2017-06-01,2017-07-01,2,2,15,13,3,151.79,75.895,1.0,false,1,4,false,2017-01-01,2018-08-31
bd0a1b0aadca9a83d9304f7e8ff5fbd5,SP,Sudeste,2018-07-01,2018-07-01,1,1,2,1,4,150.6,150.6,1.0,true,0,4,false,2017-01-01,2018-08-31
2d34636518ba88f5349b732fcf8ba2e4,SP,Sudeste,2018-04-01,2018-04-01,1,1,5,4,1,150.0,150.0,1.0,false,1,4,false,2017-01-01,2018-08-31
4867209cb29b56b92893d7bde3ce8012,SP,Sudeste,2018-06-01,2018-06-01,1,1,3,2,1,150.0,150.0,1.0,false,1,4,false,2017-01-01,2018-08-31
578fa3a9cb6b6dceab39231ad59cdaca,CE,Nordeste,2017-09-01,2018-04-01,3,8,12,4,3,150.0,50.0,0.375,false,1,4,false,2017-01-01,2018-08-31
c398bc00a606d33758afd91f4e64fd15,RJ,Sudeste,2018-05-01,2018-06-01,2,2,4,2,2,150.0,75.0,1.0,false,1,4,false,2017-01-01,2018-08-31
1e47d8b6546eb3a77b1acddcc9406242,SP,Sudeste,2017-05-01,2017-05-01,1,1,16,15,1,149.9,149.9,1.0,false,1,4,false,2017-01-01,2018-08-31
49f8d2ea7b718d0ce587d34207caf2b4,SP,Sudeste,2018-08-01,2018-08-01,1,1,1,0,1,149.9,149.9,1.0,true,0,4,false,2017-01-01,2018-08-31
f266295f49a28eee21f413e0cbb0521d,PR,Sul,2017-11-01,2017-11-01,1,1,10,9,2,149.8,149.8,1.0,false,1,4,false,2017-01-01,2018-08-31
6ba4733aa33f6386e9fb0c0fd3993b38,RS,Sul,2018-04-01,2018-08-01,3,5,5,0,3,149.79,49.93,0.6,true,0,4,false,2017-01-01,2018-08-31
3d700782d7818f2c1e0d7a9e9d75fc00,SP,Sudeste,2017-04-01,2017-07-01,3,4,17,13,3,149.7,49.9,0.75,false,1,4,false,2017-01-01,2018-08-31
63272377184e969942f7fff221be858d,SP,Sudeste,2017-05-01,2017-05-01,1,1,16,15,2,149.7,149.7,1.0,false,1,4,false,2017-01-01,2018-08-31
7a188843479798ca813108fa7b959286,SP,Sudeste,2017-11-01,2017-11-01,1,1,10,9,1,149.7,149.7,1.0,false,1,4,false,2017-01-01,2018-08-31
d8b8f2cf9ff6ba0389072541cb42498c,GO,Centro-Oeste,2018-05-01,2018-05-01,1,1,4,3,1,149.0,149.0,1.0,false,1,4,false,2017-01-01,2018-08-31
e00d85ce20ea50c1224c66ca5050527d,SP,Sudeste,2017-07-01,2017-07-01,1,1,14,13,1,149.0,149.0,1.0,false,1,4,false,2017-01-01,2018-08-31
37303482a42fb700d8d127e70a9cd6c8,SP,Sudeste,2017-12-01,2017-12-01,1,1,9,8,2,148.89,148.89,1.0,false,1,4,false,2017-01-01,2018-08-31
f35becee938e982bd615edf8ef12bcfb,SP,Sudeste,2017-03-01,2017-08-01,4,6,18,12,6,148.58999999999997,37.147499999999994,0.6666666666666666,false,1,4,false,2017-01-01,2018-08-31
8fbe2ee446b97e128471be4ce983dc0d,SP,Sudeste,2018-06-01,2018-08-01,3,3,3,0,3,148.5,49.5,1.0,true,0,4,false,2017-01-01,2018-08-31
538caafddff204241cecbf3a02e6b3cf,SP,Sudeste,2017-05-01,2018-07-01,6,15,16,1,9,148.29999999999998,24.716666666666665,0.4,true,0,4,false,2017-01-01,2018-08-31
ca7c6bd577e559472af1c699de9e764e,SP,Sudeste,2018-03-01,2018-04-01,2,2,6,4,6,148.0,74.0,1.0,false,1,4,false,2017-01-01,2018-08-31
7d7866a99a8656a42c7ff6352a433410,SP,Sudeste,2018-07-01,2018-08-01,2,2,2,0,5,147.89,73.945,1.0,true,0,4,false,2017-01-01,2018-08-31
2a7c6c0b0d5efde2bf75ec1e1cec2d41,PR,Sul,2017-11-01,2017-12-01,2,2,10,8,3,147.6,73.8,1.0,false,1,4,false,2017-01-01,2018-08-31
9523fb39dd240aa958e040f8183d64f3,SP,Sudeste,2018-08-01,2018-08-01,1,1,1,0,1,146.99,146.99,1.0,true,0,4,false,2017-01-01,2018-08-31
0b3f27369a4d8df98f7eb91077e438ac,SP,Sudeste,2017-11-01,2017-11-01,1,1,10,9,2,146.51,146.51,1.0,false,1,4,false,2017-01-01,2018-08-31
782f78b632a43875dd5b53e3e49c9564,SP,Sudeste,2017-06-01,2017-08-01,2,3,15,12,2,146.01,73.005,0.6666666666666666,false,1,4,false,2017-01-01,2018-08-31
4bcec44888b30ba9001234c534716d3f,SP,Sudeste,2018-01-01,2018-07-01,5,7,8,1,5,146.0,29.2,0.7142857142857143,true,0,4,false,2017-01-01,2018-08-31
398cb257329ef7af7f1943a8974a3cbc,BA,Nordeste,2018-07-01,2018-07-01,1,1,2,1,1,145.9,145.9,1.0,true,0,4,false,2017-01-01,2018-08-31
8e34331b7eedd03be4e5d965c1956225,SP,Sudeste,2018-01-01,2018-07-01,3,7,8,1,5,145.0,48.333333333333336,0.42857142857142855,true,0,4,false,2017-01-01,2018-08-31
f3041c2e75ec683697a6a5ea82192210,MG,Sudeste,2017-02-01,2017-02-01,1,1,19,18,1,145.0,145.0,1.0,false,1,4,false,2017-01-01,2018-08-31
0daf5180aa44356f60f8effa533b55a2,GO,Centro-Oeste,2018-07-01,2018-08-01,2,2,2,0,2,144.8,72.4,1.0,true,0,4,false,2017-01-01,2018-08-31
553a440137d6e0cf776aee0bb83ac9f5,SP,Sudeste,2018-05-01,2018-05-01,1,1,4,3,2,144.8,144.8,1.0,false,1,4,false,2017-01-01,2018-08-31
15ac3c501e2599e4917316fde5c5669a,SP,Sudeste,2017-02-01,2017-02-01,1,1,19,18,1,144.2,144.2,1.0,false,1,4,false,2017-01-01,2018-08-31
4a82c4af97ffc0fb2dc26bfdc03b1842,MG,Sudeste,2017-05-01,2017-08-01,3,4,16,12,3,143.7,47.9,0.75,false,1,4,false,2017-01-01,2018-08-31
c8143b3069f6746a77421b5ce30a450c,GO,Centro-Oeste,2017-07-01,2017-07-01,1,1,14,13,1,142.47,142.47,1.0,false,1,4,false,2017-01-01,2018-08-31
2f9b7ce230a057a98a9f5df5893ee36c,SP,Sudeste,2017-05-01,2017-06-01,2,2,16,14,2,141.82,70.91,1.0,false,1,4,false,2017-01-01,2018-08-31
87f3e35268860433e13d577825aada95,SP,Sudeste,2017-02-01,2017-06-01,2,5,19,14,2,141.8,70.9,0.4,false,1,4,false,2017-01-01,2018-08-31
d3891911c2feae53c52fea2bd14054e5,SP,Sudeste,2018-06-01,2018-06-01,1,1,3,2,2,141.0,141.0,1.0,false,1,4,false,2017-01-01,2018-08-31
0e72c1a751b496722a6cb1f10653b62a,SP,Sudeste,2018-05-01,2018-07-01,3,3,4,1,3,140.8,46.93333333333334,1.0,true,0,4,false,2017-01-01,2018-08-31
50a7e551a7b3f8d37cd6e32d8bfbe5ea,SP,Sudeste,2018-07-01,2018-07-01,1,1,2,1,1,140.0,140.0,1.0,true,0,4,false,2017-01-01,2018-08-31
a89e143d5211473ae18db9577ee34b64,SP,Sudeste,2017-06-01,2017-10-01,2,5,15,10,2,140.0,70.0,0.4,false,1,4,false,2017-01-01,2018-08-31
52a50b42accf164f9f019941e5759d9b,SP,Sudeste,2018-08-01,2018-08-01,1,1,1,0,4,139.96,139.96,1.0,true,0,4,false,2017-01-01,2018-08-31
19d62d484cba71963c93f0f00ab42013,SC,Sul,2018-04-01,2018-04-01,1,1,5,4,1,139.9,139.9,1.0,false,1,4,false,2017-01-01,2018-08-31
3f8247d0f772ffa58560e5c682521ad5,SC,Sul,2017-06-01,2017-06-01,1,1,15,14,1,139.9,139.9,1.0,false,1,4,false,2017-01-01,2018-08-31
d8bf0fc082fd4a77fc2e5679b6c00133,SP,Sudeste,2018-07-01,2018-07-01,1,1,2,1,1,139.9,139.9,1.0,true,0,4,false,2017-01-01,2018-08-31
fa8d335d68129e464e60c1826a683e96,RS,Sul,2017-10-01,2017-10-01,1,1,11,10,1,139.9,139.9,1.0,false,1,4,false,2017-01-01,2018-08-31
e8ff5a6ceb895583033fc2a0f314e3c2,SC,Sul,2018-08-01,2018-08-01,1,1,1,0,1,139.89,139.89,1.0,true,0,4,false,2017-01-01,2018-08-31
1b0b0f4f95e962d6f32fe90c759d0479,SP,Sudeste,2017-12-01,2018-08-01,2,9,9,0,2,139.8,69.9,0.2222222222222222,true,0,4,false,2017-01-01,2018-08-31
59bbc819b99a733f02f0d6b49d1c253d,SP,Sudeste,2018-05-01,2018-06-01,2,2,4,2,2,139.8,69.9,1.0,false,1,4,false,2017-01-01,2018-08-31
a154d7316f158bb42e6fa18bbe3afd3a,SP,Sudeste,2017-03-01,2017-03-01,1,1,18,17,2,139.8,139.8,1.0,false,1,4,false,2017-01-01,2018-08-31
6a53b90c3ad9e0b56d9fe5c69165fff5,PR,Sul,2018-05-01,2018-08-01,2,4,4,0,2,139.78,69.89,0.5,true,0,4,false,2017-01-01,2018-08-31
657969cca82e884d272385ec0ef06edd,RS,Sul,2018-05-01,2018-07-01,3,3,4,1,3,139.70000000000002,46.56666666666667,1.0,true,0,4,false,2017-01-01,2018-08-31
818d28f936e791926d33bcb6ee94ef79,SP,Sudeste,2017-02-01,2017-05-01,3,4,19,15,5,139.5,46.5,0.75,false,1,4,false,2017-01-01,2018-08-31
26e2e5033827d2ba53929f43e03d8ffe,SP,Sudeste,2018-08-01,2018-08-01,1,1,1,0,1,139.49,139.49,1.0,true,0,4,false,2017-01-01,2018-08-31
4a5b36211b1f51bf7eaa5c10a57fa483,RJ,Sudeste,2018-08-01,2018-08-01,1,1,1,0,1,139.19,139.19,1.0,true,0,4,false,2017-01-01,2018-08-31
57a834594e1e9e9219603bfec184eadc,RS,Sul,2018-06-01,2018-06-01,1,1,3,2,1,139.0,139.0,1.0,false,1,4,false,2017-01-01,2018-08-31
5a9b3bcab695173c820e53934574ae80,SP,Sudeste,2018-07-01,2018-07-01,1,1,2,1,1,139.0,139.0,1.0,true,0,4,false,2017-01-01,2018-08-31
712efd3b68f9686dc856b84abd0f21ae,PR,Sul,2018-07-01,2018-07-01,1,1,2,1,1,139.0,139.0,1.0,true,0,4,false,2017-01-01,2018-08-31
c747d5b92c7648417faea95d36d763e8,CE,Nordeste,2017-11-01,2017-11-01,1,1,10,9,1,139.0,139.0,1.0,false,1,4,false,2017-01-01,2018-08-31
f114dca2828bf718548db175ebe2cfcd,PR,Sul,2018-01-01,2018-01-01,1,1,8,7,1,139.0,139.0,1.0,false,1,4,false,2017-01-01,2018-08-31
f049a72cf58fd31b11f8919cade515e7,SP,Sudeste,2018-07-01,2018-08-01,2,2,2,0,3,138.75,69.375,1.0,true,0,4,false,2017-01-01,2018-08-31
96f7c797de9ca20efbe14545bed63eec,SP,Sudeste,2018-04-01,2018-04-01,1,1,5,4,1,138.60000000000002,138.60000000000002,1.0,false,1,4,false,2017-01-01,2018-08-31
717b78b0950b51ed00b1471d858b0edc,SP,Sudeste,2018-01-01,2018-07-01,4,7,8,1,5,138.6,34.65,0.5714285714285714,true,0,4,false,2017-01-01,2018-08-31
8cb7c5ddf41f4d506eba76e9a4702a25,GO,Centro-Oeste,2018-02-01,2018-04-01,2,3,7,4,2,138.0,69.0,0.6666666666666666,false,1,4,false,2017-01-01,2018-08-31
044668ccd5316b12a7cf0d54a156e3e9,SP,Sudeste,2018-08-01,2018-08-01,1,1,1,0,3,137.79999999999998,137.79999999999998,1.0,true,0,4,false,2017-01-01,2018-08-31
0b64bcdb0784abc139af04077d49a20e,RS,Sul,2018-04-01,2018-07-01,4,4,5,1,4,137.6,34.4,1.0,true,0,4,false,2017-01-01,2018-08-31
ea846a0e7ad98a741783e886d89dfa44,SP,Sudeste,2018-08-01,2018-08-01,1,1,1,0,2,137.0,137.0,1.0,true,0,4,false,2017-01-01,2018-08-31
db6a4d4b5f1f5f98820ce6ce2619e2de,SP,Sudeste,2018-01-01,2018-01-01,1,1,8,7,1,135.99,135.99,1.0,false,1,4,false,2017-01-01,2018-08-31
377bc18334c78dd2f1535ef22a3ad225,PR,Sul,2018-08-01,2018-08-01,1,1,1,0,1,135.98,135.98,1.0,true,0,4,false,2017-01-01,2018-08-31
dd39ad39b5d3df33037e141c72497ba6,SP,Sudeste,2017-05-01,2017-06-01,2,2,16,14,2,135.8,67.9,1.0,false,1,4,false,2017-01-01,2018-08-31
e3e290b38963293022cdcd6db8328103,SP,Sudeste,2017-11-01,2017-12-01,2,2,10,8,3,135.7,67.85,1.0,false,1,4,false,2017-01-01,2018-08-31
59de1d4c8c057c2a53acd4ca66531af2,PR,Sul,2017-11-01,2017-11-01,1,1,10,9,1,135.0,135.0,1.0,false,1,4,false,2017-01-01,2018-08-31
7c4adcc13272c0e26fa23aac642adb7b,RJ,Sudeste,2018-01-01,2018-02-01,2,2,8,6,2,135.0,67.5,1.0,false,1,4,false,2017-01-01,2018-08-31
83c8aafbefb034674a70de0eac5b8954,PR,Sul,2018-03-01,2018-07-01,2,5,6,1,2,134.9,67.45,0.4,true,0,4,false,2017-01-01,2018-08-31
5def4c3732941a971cba8fdee992ede1,SP,Sudeste,2018-08-01,2018-08-01,1,1,1,0,5,134.8,134.8,1.0,true,0,4,false,2017-01-01,2018-08-31
c5e60e39c0f42b8e827daa13cff74afa,SP,Sudeste,2018-08-01,2018-08-01,1,1,1,0,6,134.0,134.0,1.0,true,0,4,false,2017-01-01,2018-08-31
8e4f041ff58e7845456d3482524014b3,RS,Sul,2018-02-01,2018-03-01,2,2,7,5,2,133.8,66.9,1.0,false,1,4,false,2017-01-01,2018-08-31
062c325cd6a2b87845fab56b4ec2eeae,SP,Sudeste,2018-05-01,2018-08-01,2,4,4,0,2,133.22,66.61,0.5,true,0,4,false,2017-01-01,2018-08-31
c87abc38c8ed3240861729e1aeadf221,SP,Sudeste,2017-12-01,2017-12-01,1,1,9,8,1,133.0,133.0,1.0,false,1,4,false,2017-01-01,2018-08-31
7adbd3210a7b3cc2235e225eef33574d,SP,Sudeste,2018-06-01,2018-08-01,2,3,3,0,3,131.9,65.95,0.6666666666666666,true,0,4,false,2017-01-01,2018-08-31
fedf2c1386e137f296b3bbf3b635e69d,SP,Sudeste,2018-02-01,2018-05-01,2,4,7,3,2,131.74,65.87,0.5,false,1,4,false,2017-01-01,2018-08-31
a218df5c097b0ca409cfaac1488cc7f6,SP,Sudeste,2018-05-01,2018-06-01,2,2,4,2,4,130.69,65.345,1.0,false,1,4,false,2017-01-01,2018-08-31
2f3d8b4c9e2ee165075331fea3f3095a,SC,Sul,2017-10-01,2017-10-01,1,1,11,10,1,130.0,130.0,1.0,false,1,4,false,2017-01-01,2018-08-31
60ad151920c4f6f3ebbe8cfdf6166779,SP,Sudeste,2017-05-01,2017-05-01,1,1,16,15,2,130.0,130.0,1.0,false,1,4,false,2017-01-01,2018-08-31
88af55b4a7ca402b27df16f7c7c9b5d2,SP,Sudeste,2017-03-01,2017-03-01,1,1,18,17,1,130.0,130.0,1.0,false,1,4,false,2017-01-01,2018-08-31
9fe7c6641c79970ab48185498f547c09,SP,Sudeste,2017-07-01,2017-07-01,1,1,14,13,1,130.0,130.0,1.0,false,1,4,false,2017-01-01,2018-08-31
dc120d932ddf9d4dfb6fd68beefda622,PR,Sul,2018-04-01,2018-04-01,1,1,5,4,1,130.0,130.0,1.0,false,1,4,false,2017-01-01,2018-08-31
0f80a40c312b2472dca482cf50f5186f,SP,Sudeste,2018-08-01,2018-08-01,1,1,1,0,1,129.9,129.9,1.0,true,0,4,false,2017-01-01,2018-08-31
b6f52e346160519c24a23af05410ad32,SP,Sudeste,2018-04-01,2018-04-01,1,1,5,4,1,129.9,129.9,1.0,false,1,4,false,2017-01-01,2018-08-31
e5def42655b7490edac5a56fe8e9e603,SP,Sudeste,2017-03-01,2017-03-01,1,1,18,17,1,129.9,129.9,1.0,false,1,4,false,2017-01-01,2018-08-31
44ed138eca6214d572ce1d813fb0049b,RS,Sul,2018-08-01,2018-08-01,1,1,1,0,2,129.79,129.79,1.0,true,0,4,false,2017-01-01,2018-08-31
63b9ae557efed31d1f7687917d248a8d,SP,Sudeste,2017-01-01,2017-02-01,2,2,20,18,4,129.5,64.75,1.0,false,1,4,false,2017-01-01,2018-08-31
45c20d94d9171b0bcfab3c955e47d67b,SP,Sudeste,2017-05-01,2017-08-01,3,4,16,12,4,129.45999999999998,43.15333333333333,0.75,false,1,4,false,2017-01-01,2018-08-31
ef728fa1f17436c91ed1ccd03dcf9631,SP,Sudeste,2018-07-01,2018-08-01,2,2,2,0,3,128.70000000000002,64.35000000000001,1.0,true,0,4,false,2017-01-01,2018-08-31
391bbd13b6452244774beff1824006ed,SP,Sudeste,2018-02-01,2018-03-01,2,2,7,5,2,127.8,63.9,1.0,false,1,4,false,2017-01-01,2018-08-31
47f55702f598c7c6cc8458b0fbc1c49a,MG,Sudeste,2017-09-01,2017-10-01,2,2,12,10,2,127.5,63.75,1.0,false,1,4,false,2017-01-01,2018-08-31
5bc237df65098fe211bb4818f4d26d78,MG,Sudeste,2017-02-01,2017-09-01,2,8,19,11,2,126.80000000000001,63.400000000000006,0.25,false,1,4,false,2017-01-01,2018-08-31
7c9130f5f3729edd32aa059141d92484,SP,Sudeste,2018-06-01,2018-08-01,2,3,3,0,3,126.0,63.0,0.6666666666666666,true,0,4,false,2017-01-01,2018-08-31
c26ba52cf8d2f34915f2f6b7ffa0a3f3,RJ,Sudeste,2017-12-01,2018-02-01,3,3,9,6,4,125.96000000000001,41.98666666666667,1.0,false,1,4,false,2017-01-01,2018-08-31
f9a02f1922d1de564392e656d82b3fda,SP,Sudeste,2017-04-01,2017-04-01,1,1,17,16,1,125.9,125.9,1.0,false,1,4,false,2017-01-01,2018-08-31
934ed5cd1b9c1c7382d0a94a94b9e639,PR,Sul,2017-02-01,2017-02-01,1,1,19,18,1,125.85,125.85,1.0,false,1,4,false,2017-01-01,2018-08-31
788f22bafdd7ab0e1e79f19db72f16a4,SP,Sudeste,2018-08-01,2018-08-01,1,1,1,0,2,125.80000000000001,125.80000000000001,1.0,true,0,4,false,2017-01-01,2018-08-31
9558aa23f77a9e0a0eca83540999f43b,PR,Sul,2017-05-01,2017-05-01,1,1,16,15,2,125.7,125.7,1.0,false,1,4,false,2017-01-01,2018-08-31
570d4583587a5fe2d47c7be89b91ad27,SP,Sudeste,2017-06-01,2017-07-01,2,2,15,13,2,125.25,62.625,1.0,false,1,4,false,2017-01-01,2018-08-31
ec2e006556300a79a5a91e4876ab3a56,SP,Sudeste,2018-02-01,2018-08-01,3,7,7,0,4,125.19999999999999,41.73333333333333,0.42857142857142855,true,0,4,false,2017-01-01,2018-08-31
57df9869a600bd6b7c405f2a862eccfb,MG,Sudeste,2018-04-01,2018-08-01,4,5,5,0,5,125.0,31.25,0.8,true,0,4,false,2017-01-01,2018-08-31
c092292535a57dacd95a8765f5518f87,RJ,Sudeste,2018-07-01,2018-07-01,1,1,2,1,1,125.0,125.0,1.0,true,0,4,false,2017-01-01,2018-08-31
ff82e8873fba613f2261a9acc896fd84,MG,Sudeste,2017-12-01,2018-02-01,3,3,9,6,4,124.60000000000001,41.53333333333334,1.0,false,1,4,false,2017-01-01,2018-08-31
693660429f9dc4ff704eb3d88dad54d7,SP,Sudeste,2018-07-01,2018-07-01,1,1,2,1,2,124.0,124.0,1.0,true,0,4,false,2017-01-01,2018-08-31
08061dc0fc165ed41288cc7acde738ee,SP,Sudeste,2017-03-01,2017-11-01,4,9,18,9,4,123.8,30.95,0.4444444444444444,false,1,4,false,2017-01-01,2018-08-31
8d92f3ea807b89465643c219455e7369,SP,Sudeste,2017-01-01,2017-02-01,2,2,20,18,3,121.19999999999999,60.599999999999994,1.0,false,1,4,false,2017-01-01,2018-08-31
89757206b887aed36f3e18d858460fea,SP,Sudeste,2018-05-01,2018-07-01,2,3,4,1,2,120.5,60.25,0.6666666666666666,true,0,4,false,2017-01-01,2018-08-31
876182d1918783bbe15233febfbd4926,SP,Sudeste,2017-05-01,2018-02-01,2,10,16,6,3,120.27000000000001,60.135000000000005,0.2,false,1,4,false,2017-01-01,2018-08-31
003554e2dce176b5555353e4f3555ac8,GO,Centro-Oeste,2017-12-01,2017-12-01,1,1,9,8,1,120.0,120.0,1.0,false,1,4,false,2017-01-01,2018-08-31
1927cdb9fa74f5270097f6250e8e8f34,SP,Sudeste,2018-08-01,2018-08-01,1,1,1,0,1,120.0,120.0,1.0,true,0,4,false,2017-01-01,2018-08-31
698f5fa55a5f73d0740e9d9a773e8093,RJ,Sudeste,2018-06-01,2018-06-01,1,1,3,2,4,120.0,120.0,1.0,false,1,4,false,2017-01-01,2018-08-31
a353b1083c9863d756d9404695016d64,ES,Sudeste,2017-12-01,2017-12-01,1,1,9,8,1,120.0,120.0,1.0,false,1,4,false,2017-01-01,2018-08-31
bba8d0c234a52b87b3957037a215d1a4,GO,Centro-Oeste,2018-05-01,2018-05-01,1,1,4,3,1,120.0,120.0,1.0,false,1,4,false,2017-01-01,2018-08-31
bdf0d02d36a1d839d0c39c4a887cdd49,SP,Sudeste,2018-01-01,2018-02-01,2,2,8,6,5,120.0,60.0,1.0,false,1,4,false,2017-01-01,2018-08-31
35281d148dcf7134bae913c57db4e6da,SP,Sudeste,2018-07-01,2018-07-01,1,1,2,1,1,119.99,119.99,1.0,true,0,4,false,2017-01-01,2018-08-31
3903c788ded8dc03b5ebab37a2f3e9a1,SP,Sudeste,2018-05-01,2018-08-01,4,4,4,0,5,119.97999999999999,29.994999999999997,1.0,true,0,4,false,2017-01-01,2018-08-31
e09887ca8c7bf8a4621ce481820414ef,SP,Sudeste,2017-09-01,2017-11-01,2,3,12,9,3,119.96000000000001,59.980000000000004,0.6666666666666666,false,1,4,false,2017-01-01,2018-08-31
07a9bc7f61396b658ddf3ac534efe44c,SP,Sudeste,2017-06-01,2017-06-01,1,1,15,14,1,119.9,119.9,1.0,false,1,4,false,2017-01-01,2018-08-31
3606774ec64634822d78dc2db6d37045,SP,Sudeste,2017-01-01,2017-01-01,1,1,20,19,1,119.9,119.9,1.0,false,1,4,false,2017-01-01,2018-08-31
674207551483fec113276b67b0d871ff,SP,Sudeste,2018-07-01,2018-07-01,1,1,2,1,1,119.9,119.9,1.0,true,0,4,false,2017-01-01,2018-08-31
7c4402417d51474d4d0cda9557340e40,SP,Sudeste,2017-05-01,2017-05-01,1,1,16,15,1,119.9,119.9,1.0,false,1,4,false,2017-01-01,2018-08-31
a150c540f572d0fb53992264bc5c10b5,SP,Sudeste,2018-02-01,2018-02-01,1,1,7,6,1,119.9,119.9,1.0,false,1,4,false,2017-01-01,2018-08-31
d1aa1ec0839dcab73a6161130eb1f94a,PR,Sul,2017-04-01,2017-04-01,1,1,17,16,1,119.9,119.9,1.0,false,1,4,false,2017-01-01,2018-08-31
e9b6c33b71b67737693b4cfa68341c8d,SP,Sudeste,2017-08-01,2017-08-01,1,1,13,12,1,119.9,119.9,1.0,false,1,4,false,2017-01-01,2018-08-31
be1e9e378700cecaa4ebf71433d7915c,SP,Sudeste,2017-11-01,2018-01-01,2,3,10,7,2,119.89000000000001,59.94500000000001,0.6666666666666666,false,1,4,false,2017-01-01,2018-08-31
8eb88b0acb3f90a717ad659221471fa7,SC,Sul,2017-09-01,2018-02-01,2,6,12,6,2,119.8,59.9,0.3333333333333333,false,1,4,false,2017-01-01,2018-08-31
910a922b426b7ff95eaee129ad6c0e1f,SP,Sudeste,2018-04-01,2018-04-01,1,1,5,4,2,119.8,119.8,1.0,false,1,4,false,2017-01-01,2018-08-31
bf0045791395e66460eb04749c68672a,SP,Sudeste,2017-02-01,2017-03-01,2,2,19,17,2,119.8,59.9,1.0,false,1,4,false,2017-01-01,2018-08-31
26e13b6ff5b641b329e5524241ee2c93,SP,Sudeste,2018-08-01,2018-08-01,1,1,1,0,4,119.69999999999999,119.69999999999999,1.0,true,0,4,false,2017-01-01,2018-08-31
e5bd51692380fd8cabb19b756b95e714,SP,Sudeste,2017-12-01,2018-05-01,2,6,9,3,3,119.69999999999999,59.849999999999994,0.3333333333333333,false,1,4,false,2017-01-01,2018-08-31
a9b533a26e898b12e8b8d4c07279bf4d,RJ,Sudeste,2017-07-01,2017-12-01,3,6,14,8,4,119.6,39.86666666666667,0.5,false,1,4,false,2017-01-01,2018-08-31
22c32ec35d0116ef02c281798a25bf8b,PR,Sul,2018-01-01,2018-02-01,2,2,8,6,4,119.58,59.79,1.0,false,1,4,false,2017-01-01,2018-08-31
36f98ad67cc981f50ce8aed093d5783c,PR,Sul,2018-07-01,2018-08-01,2,2,2,0,2,119.4,59.7,1.0,true,0,4,false,2017-01-01,2018-08-31
fc38b5dceee1a730fad8853453437fbd,SP,Sudeste,2017-04-01,2017-12-01,5,9,17,8,5,119.19999999999999,23.839999999999996,0.5555555555555556,false,1,4,false,2017-01-01,2018-08-31
fc908879b9ca1bd65419e54e50432d38,SP,Sudeste,2017-12-01,2018-07-01,3,8,9,1,4,119.19999999999999,39.73333333333333,0.375,true,0,4,false,2017-01-01,2018-08-31
e82de6494d91d3c4c54450f59b227a94,SP,Sudeste,2017-10-01,2018-03-01,2,6,11,5,3,118.9,59.45,0.3333333333333333,false,1,4,false,2017-01-01,2018-08-31
fd312b6bf05efac6c3772d5b52205d8a,SP,Sudeste,2017-03-01,2017-06-01,2,4,18,14,2,118.69999999999999,59.349999999999994,0.5,false,1,4,false,2017-01-01,2018-08-31
e9c2dc0dd4ac38448289be644ac94f42,SC,Sul,2018-07-01,2018-08-01,2,2,2,0,3,118.39,59.195,1.0,true,0,4,false,2017-01-01,2018-08-31
4c60877808f4318ef1107fbeb8f89afa,SP,Sudeste,2017-12-01,2018-01-01,2,2,9,7,2,118.0,59.0,1.0,false,1,4,false,2017-01-01,2018-08-31
aa1eb17b9fdf6dfd546e25c45c7b9235,SP,Sudeste,2017-12-01,2018-04-01,3,5,9,4,3,117.99,39.33,0.6,false,1,4,false,2017-01-01,2018-08-31
40ec8ab6cdafbcc4f544da38c67da39a,PR,Sul,2018-08-01,2018-08-01,1,1,1,0,2,117.8,117.8,1.0,true,0,4,false,2017-01-01,2018-08-31
b416191c9813d821a295cfabafff4161,SP,Sudeste,2017-07-01,2017-08-01,2,2,14,12,2,117.8,58.9,1.0,false,1,4,false,2017-01-01,2018-08-31
13dd308f81fea30cc670c656b2b46cc3,SP,Sudeste,2018-07-01,2018-08-01,2,2,2,0,3,117.69999999999999,58.849999999999994,1.0,true,0,4,false,2017-01-01,2018-08-31
9bade61a92bed55a25d2b67b9f4ed739,PR,Sul,2018-03-01,2018-03-01,1,1,6,5,2,117.68,117.68,1.0,false,1,4,false,2017-01-01,2018-08-31
bca9230d3bbb4efa51872bf605a2f1ad,SP,Sudeste,2018-06-01,2018-08-01,2,3,3,0,5,117.57,58.785,0.6666666666666666,true,0,4,false,2017-01-01,2018-08-31
781a66c0d89e30814d49fe8b5e14cd07,SP,Sudeste,2017-11-01,2017-11-01,1,1,10,9,1,115.0,115.0,1.0,false,1,4,false,2017-01-01,2018-08-31
93bef6edaa84956e8e575016449b6351,SP,Sudeste,2017-07-01,2017-07-01,1,1,14,13,1,115.0,115.0,1.0,false,1,4,false,2017-01-01,2018-08-31
9bf11dfc0bec77e5a23028043c3c5a8f,MG,Sudeste,2017-11-01,2017-11-01,1,1,10,9,1,115.0,115.0,1.0,false,1,4,false,2017-01-01,2018-08-31
039b29ff3b3473435d0cd59040575de9,SP,Sudeste,2018-04-01,2018-08-01,5,5,5,0,9,114.9,22.98,1.0,true,0,4,false,2017-01-01,2018-08-31
8c351ed7c326c62123318f4f3246e906,SP,Sudeste,2017-12-01,2018-08-01,2,9,9,0,2,114.9,57.45,0.2222222222222222,true,0,4,false,2017-01-01,2018-08-31
296729ffb9b684050dd24836dac4494a,SP,Sudeste,2018-05-01,2018-08-01,2,4,4,0,2,114.0,57.0,0.5,true,0,4,false,2017-01-01,2018-08-31
4c4d546adf3c3868fe19c9ec6e9ffda9,PR,Sul,2018-06-01,2018-08-01,2,3,3,0,2,111.69999999999999,55.849999999999994,0.6666666666666666,true,0,4,false,2017-01-01,2018-08-31
ac1ed5fc15901fbc92920361eb4ab350,SP,Sudeste,2017-06-01,2017-06-01,1,1,15,14,1,110.25,110.25,1.0,false,1,4,false,2017-01-01,2018-08-31
28d162ab86bb49d719c32f0ee6186eaa,SP,Sudeste,2017-09-01,2017-09-01,1,1,12,11,1,109.99,109.99,1.0,false,1,4,false,2017-01-01,2018-08-31
2c9005d8043aff18b8557ffb7b13cda4,ES,Sudeste,2018-05-01,2018-05-01,1,1,4,3,1,109.9,109.9,1.0,false,1,4,false,2017-01-01,2018-08-31
4be9ae93c4fc0f41713d71a4194ee1b3,MG,Sudeste,2018-08-01,2018-08-01,1,1,1,0,1,109.9,109.9,1.0,true,0,4,false,2017-01-01,2018-08-31
e732329483fd5f27367dd997b47f598a,SC,Sul,2017-08-01,2017-08-01,1,1,13,12,1,109.9,109.9,1.0,false,1,4,false,2017-01-01,2018-08-31
7bb8fac2913a6064ec412e583c6d8b4d,SP,Sudeste,2018-02-01,2018-02-01,1,1,7,6,1,109.0,109.0,1.0,false,1,4,false,2017-01-01,2018-08-31
92992bec39dde5766f590d3b1f46d465,SP,Sudeste,2018-04-01,2018-04-01,1,1,5,4,1,109.0,109.0,1.0,false,1,4,false,2017-01-01,2018-08-31
db7ed69a53aa9fb1c01930ba54a88bbe,SP,Sudeste,2018-06-01,2018-06-01,1,1,3,2,1,109.0,109.0,1.0,false,1,4,false,2017-01-01,2018-08-31
4cc43a222a0f94910728b62b97a8c5f8,SP,Sudeste,2018-01-01,2018-01-01,1,1,8,7,1,108.5,108.5,1.0,false,1,4,false,2017-01-01,2018-08-31
bb3dca718920a4d7ec3cc9ffb025108b,SP,Sudeste,2017-02-01,2017-02-01,1,1,19,18,2,108.0,108.0,1.0,false,1,4,false,2017-01-01,2018-08-31
e88165a185134e13fdfc85d4fa654db8,SP,Sudeste,2018-05-01,2018-06-01,2,2,4,2,2,108.0,54.0,1.0,false,1,4,false,2017-01-01,2018-08-31
941554c5757b73ba0e50aa7732310afc,SP,Sudeste,2017-03-01,2017-05-01,3,3,18,15,3,107.68999999999998,35.89666666666666,1.0,false,1,4,false,2017-01-01,2018-08-31
44717f64ec2a457979cf83c429077666,RS,Sul,2018-08-01,2018-08-01,1,1,1,0,2,107.0,107.0,1.0,true,0,4,false,2017-01-01,2018-08-31
077c5fae4bea9500e3737b16f71b9d3a,SP,Sudeste,2017-09-01,2018-06-01,4,10,12,2,4,106.80000000000001,26.700000000000003,0.4,false,1,4,false,2017-01-01,2018-08-31
a69aa24cec11168e7e39a3fbc727e925,SP,Sudeste,2018-06-01,2018-07-01,2,2,3,1,3,105.97,52.985,1.0,true,0,4,false,2017-01-01,2018-08-31
271b8923c6a549e02d3c9fd1f8c0422b,SP,Sudeste,2018-07-01,2018-07-01,1,1,2,1,1,105.19,105.19,1.0,true,0,4,false,2017-01-01,2018-08-31
630008e0f062605a415d694489f6f82e,SP,Sudeste,2018-07-01,2018-07-01,1,1,2,1,2,105.15,105.15,1.0,true,0,4,false,2017-01-01,2018-08-31
3d2400ac620cffa23ac81bd192f7f555,SP,Sudeste,2018-08-01,2018-08-01,1,1,1,0,1,105.0,105.0,1.0,true,0,4,false,2017-01-01,2018-08-31
3bb32fedaa74e4ad20f4ce067733bd31,SC,Sul,2018-08-01,2018-08-01,1,1,1,0,2,103.69999999999999,103.69999999999999,1.0,true,0,4,false,2017-01-01,2018-08-31
62de60d81c55c29d76a6bce418b31cef,SP,Sudeste,2018-08-01,2018-08-01,1,1,1,0,1,103.0,103.0,1.0,true,0,4,false,2017-01-01,2018-08-31
461ff5303b6c9c1a4a07f40c5aece516,PR,Sul,2018-02-01,2018-07-01,3,6,7,1,3,102.69999999999999,34.23333333333333,0.5,true,0,4,false,2017-01-01,2018-08-31
ab91571efab27993ff2f6b36e38055c3,SP,Sudeste,2018-03-01,2018-07-01,3,5,6,1,3,102.24,34.08,0.6,true,0,4,false,2017-01-01,2018-08-31
160851d3ece7aa1a510f8d1a4bb8a8af,SP,Sudeste,2018-07-01,2018-08-01,2,2,2,0,2,102.05,51.025,1.0,true,0,4,false,2017-01-01,2018-08-31
be67f78487e2cecb0d55bc769709e4f5,MG,Sudeste,2018-03-01,2018-03-01,1,1,6,5,1,102.0,102.0,1.0,false,1,4,false,2017-01-01,2018-08-31
96e5dc09087bad639b4ee193104ec2e5,RJ,Sudeste,2018-08-01,2018-08-01,1,1,1,0,2,101.9,101.9,1.0,true,0,4,false,2017-01-01,2018-08-31
4fae87d32467e18eb46e4a76a0a0b9ce,RS,Sul,2018-08-01,2018-08-01,1,1,1,0,1,100.9,100.9,1.0,true,0,4,false,2017-01-01,2018-08-31
a4fc6eadaff1576af888509a53420f6a,SP,Sudeste,2018-05-01,2018-05-01,1,1,4,3,1,100.86,100.86,1.0,false,1,4,false,2017-01-01,2018-08-31
79b93a308a97792cf53ac75f46da00b5,RJ,Sudeste,2017-07-01,2017-07-01,1,1,14,13,1,99.9,99.9,1.0,false,1,4,false,2017-01-01,2018-08-31
80cfd480be3eb6d6267139f5cb793555,SP,Sudeste,2017-03-01,2017-03-01,1,1,18,17,1,99.9,99.9,1.0,false,1,4,false,2017-01-01,2018-08-31
2d20f1cd18725c91147da0791d498022,PR,Sul,2018-08-01,2018-08-01,1,1,1,0,1,99.8,99.8,1.0,true,0,4,false,2017-01-01,2018-08-31
247587846358bb1d2e4c6522020b36fe,SP,Sudeste,2018-06-01,2018-06-01,1,1,3,2,1,99.0,99.0,1.0,false,1,4,false,2017-01-01,2018-08-31
26562f211dd1364af2a8596dc945e8ae,SP,Sudeste,2018-07-01,2018-07-01,1,1,2,1,2,99.0,99.0,1.0,true,0,4,false,2017-01-01,2018-08-31
a7c53f6b3b61adbdaa99dda97e8cbd56,SP,Sudeste,2017-03-01,2017-03-01,1,1,18,17,1,99.0,99.0,1.0,false,1,4,false,2017-01-01,2018-08-31
aa8af66c623d7d544dfe4bb85b5ebe3b,MG,Sudeste,2018-06-01,2018-06-01,1,1,3,2,1,99.0,99.0,1.0,false,1,4,false,2017-01-01,2018-08-31
1fbe10c70e30765ed1de86d9f7e98409,SP,Sudeste,2018-06-01,2018-07-01,2,2,3,1,2,98.75,49.375,1.0,true,0,4,false,2017-01-01,2018-08-31
9e17b9d64683aebcbb9ee362d06463b4,SP,Sudeste,2017-02-01,2017-02-01,1,1,19,18,2,98.69999999999999,98.69999999999999,1.0,false,1,4,false,2017-01-01,2018-08-31
00ab3eff1b5192e5f1a63bcecfee11c8,SP,Sudeste,2017-03-01,2017-03-01,1,1,18,17,1,98.0,98.0,1.0,false,1,4,false,2017-01-01,2018-08-31
5f57db27027655e6c6a391601daa0258,ES,Sudeste,2018-08-01,2018-08-01,1,1,1,0,1,98.0,98.0,1.0,true,0,4,false,2017-01-01,2018-08-31
eaaa46e98c9e61f6764dd1d7a2ab8b3e,RN,Nordeste,2018-08-01,2018-08-01,1,1,1,0,1,98.0,98.0,1.0,true,0,4,false,2017-01-01,2018-08-31
1c742ac33582852aaf3bcfbf5893abcf,MG,Sudeste,2018-06-01,2018-06-01,1,1,3,2,1,97.9,97.9,1.0,false,1,4,false,2017-01-01,2018-08-31
c7bb64409aa480bb7d0335faaaf3d242,SC,Sul,2018-06-01,2018-07-01,2,2,3,1,4,97.6,48.8,1.0,true,0,4,false,2017-01-01,2018-08-31
70126eecc6aa1274392a1743866e9678,SP,Sudeste,2018-06-01,2018-07-01,2,2,3,1,3,97.39999999999999,48.699999999999996,1.0,true,0,4,false,2017-01-01,2018-08-31
e3e15e2c0b9700561efac21c6be48066,SP,Sudeste,2018-02-01,2018-07-01,2,6,7,1,3,97.24,48.62,0.3333333333333333,true,0,4,false,2017-01-01,2018-08-31
270572bb714b00531be85e16e1550f26,SP,Sudeste,2018-05-01,2018-05-01,1,1,4,3,1,96.99,96.99,1.0,false,1,4,false,2017-01-01,2018-08-31
034b9387752bfa309f350a70cd45ffa3,SC,Sul,2018-04-01,2018-08-01,4,5,5,0,8,96.0,24.0,0.8,true,0,4,false,2017-01-01,2018-08-31
bcf5566870987da7bc811fbc8c5b9fd9,SP,Sudeste,2017-08-01,2017-08-01,1,1,13,12,1,96.0,96.0,1.0,false,1,4,false,2017-01-01,2018-08-31
f43827dd686be3a4a80e00aa299990fb,SP,Sudeste,2018-01-01,2018-01-01,1,1,8,7,1,95.54,95.54,1.0,false,1,4,false,2017-01-01,2018-08-31
22a23e5ac7061fc538cc2a019afaaf16,MG,Sudeste,2017-05-01,2017-05-01,1,1,16,15,1,95.0,95.0,1.0,false,1,4,false,2017-01-01,2018-08-31
623ad9d0c1e14bb5464a8c72bff7b4af,MG,Sudeste,2018-05-01,2018-05-01,1,1,4,3,1,95.0,95.0,1.0,false,1,4,false,2017-01-01,2018-08-31
74a9b9bddf14ece02beb81f52c41a88d,SP,Sudeste,2017-11-01,2018-02-01,2,4,10,6,2,95.0,47.5,0.5,false,1,4,false,2017-01-01,2018-08-31
8cf21434553b02cbd37c0bbd07e041b0,SC,Sul,2017-11-01,2018-03-01,2,5,10,5,2,94.98,47.49,0.4,false,1,4,false,2017-01-01,2018-08-31
61f159ef6da2d441951d2c0efa719362,ES,Sudeste,2017-01-01,2017-01-01,1,1,20,19,2,94.97999999999999,94.97999999999999,1.0,false,1,4,false,2017-01-01,2018-08-31
253c025bab43881055aeecde5e2d8b77,PR,Sul,2017-11-01,2018-07-01,2,9,10,1,2,94.82,47.41,0.2222222222222222,true,0,4,false,2017-01-01,2018-08-31
43b2c864251aa0ce4030c746984e088a,DF,Centro-Oeste,2018-07-01,2018-08-01,2,2,2,0,2,94.8,47.4,1.0,true,0,4,false,2017-01-01,2018-08-31
443d880f15cbd3572885e1d44bf2c478,SP,Sudeste,2017-07-01,2017-07-01,1,1,14,13,1,94.8,94.8,1.0,false,1,4,false,2017-01-01,2018-08-31
7a704e63bb29c446869efde5d57524c8,PR,Sul,2018-01-01,2018-01-01,1,1,8,7,1,94.49,94.49,1.0,false,1,4,false,2017-01-01,2018-08-31
6235903333ba7de1928c869e268e5964,SC,Sul,2018-05-01,2018-05-01,1,1,4,3,1,94.06,94.06,1.0,false,1,4,false,2017-01-01,2018-08-31
2aafae69bf4c41fbd94053d9413e87ee,RS,Sul,2018-05-01,2018-07-01,2,3,4,1,2,94.0,47.0,0.6666666666666666,true,0,4,false,2017-01-01,2018-08-31
376d67b61dce0c990155286e7ae486a4,SP,Sudeste,2018-03-01,2018-03-01,1,1,6,5,1,94.0,94.0,1.0,false,1,4,false,2017-01-01,2018-08-31
5305693ffae2d3463377b1f6fe67b15a,SP,Sudeste,2018-01-01,2018-01-01,1,1,8,7,1,93.56,93.56,1.0,false,1,4,false,2017-01-01,2018-08-31
6b2612338467c08c9b25f0cc55b1578d,PR,Sul,2017-02-01,2017-02-01,1,1,19,18,1,92.9,92.9,1.0,false,1,4,false,2017-01-01,2018-08-31
1fddcb7b326905d3ad5efe82187db347,SP,Sudeste,2017-03-01,2017-03-01,1,1,18,17,1,92.0,92.0,1.0,false,1,4,false,2017-01-01,2018-08-31
c4b911d06343b21dd906651f8101cb49,SP,Sudeste,2017-11-01,2017-11-01,1,1,10,9,2,90.98,90.98,1.0,false,1,4,false,2017-01-01,2018-08-31
01266d4c46afa519678d16a8b683d325,PR,Sul,2018-08-01,2018-08-01,1,1,1,0,3,90.25,90.25,1.0,true,0,4,false,2017-01-01,2018-08-31
1cbcd2ee0afb3fc09963b87eb65e7e4f,PR,Sul,2018-06-01,2018-06-01,1,1,3,2,1,90.0,90.0,1.0,false,1,4,false,2017-01-01,2018-08-31
52b53f7061969fe471d119b6195da864,SP,Sudeste,2017-08-01,2017-08-01,1,1,13,12,1,90.0,90.0,1.0,false,1,4,false,2017-01-01,2018-08-31
f8f35af4634605e6693c17cc3ffff5a8,MG,Sudeste,2017-11-01,2017-11-01,1,1,10,9,1,90.0,90.0,1.0,false,1,4,false,2017-01-01,2018-08-31
6d04126aba80df143fd038e711b8fd96,RJ,Sudeste,2017-09-01,2017-09-01,1,1,12,11,1,89.99,89.99,1.0,false,1,4,false,2017-01-01,2018-08-31
d7d517afce974cd491b8d52bb5b5b1fc,SP,Sudeste,2018-08-01,2018-08-01,1,1,1,0,1,89.99,89.99,1.0,true,0,4,false,2017-01-01,2018-08-31
8dd386be0767c330276ea6a3f96532d3,SC,Sul,2018-08-01,2018-08-01,1,1,1,0,1,89.98,89.98,1.0,true,0,4,false,2017-01-01,2018-08-31
741f8c587cb4248ebc5b779a0e8e0e51,SP,Sudeste,2018-07-01,2018-08-01,2,2,2,0,5,89.95,44.975,1.0,true,0,4,false,2017-01-01,2018-08-31
154bdf805377afea75a3bd158e9eab10,SP,Sudeste,2018-07-01,2018-07-01,1,1,2,1,1,89.9,89.9,1.0,true,0,4,false,2017-01-01,2018-08-31
2bdb95a56a36ebbc6640337ac5eac174,SP,Sudeste,2017-01-01,2017-01-01,1,1,20,19,1,89.9,89.9,1.0,false,1,4,false,2017-01-01,2018-08-31
4aba6a02a788d3ec81c03137144d9a80,SC,Sul,2018-01-01,2018-01-01,1,1,8,7,1,89.9,89.9,1.0,false,1,4,false,2017-01-01,2018-08-31
83d458c0d6d4f94295d63f091460bd60,SP,Sudeste,2017-03-01,2017-03-01,1,1,18,17,1,89.9,89.9,1.0,false,1,4,false,2017-01-01,2018-08-31
889009a0ed0bb52c87819941192931b8,SP,Sudeste,2017-06-01,2017-06-01,1,1,15,14,1,89.9,89.9,1.0,false,1,4,false,2017-01-01,2018-08-31
97e50a621f8e801f4baf69e08687c192,SP,Sudeste,2018-02-01,2018-02-01,1,1,7,6,1,89.9,89.9,1.0,false,1,4,false,2017-01-01,2018-08-31
a72f15980dc3e9bfd1a49ac9b2f3af65,SP,Sudeste,2018-07-01,2018-07-01,1,1,2,1,1,89.9,89.9,1.0,true,0,4,false,2017-01-01,2018-08-31
fc99f99385ae90f66f01733856fb88c9,SP,Sudeste,2017-06-01,2017-06-01,1,1,15,14,1,89.9,89.9,1.0,false,1,4,false,2017-01-01,2018-08-31
5741dc2bf5044c34d0698681c5081bed,SP,Sudeste,2018-05-01,2018-07-01,2,3,4,1,3,89.69999999999999,44.849999999999994,0.6666666666666666,true,0,4,false,2017-01-01,2018-08-31
b8d890108a7a80e4f5d59eea9f362438,PR,Sul,2017-09-01,2017-10-01,2,2,12,10,2,89.69999999999999,44.849999999999994,1.0,false,1,4,false,2017-01-01,2018-08-31
6624bc09786f0e41ae48dfc5eeb1a9e2,MG,Sudeste,2017-03-01,2017-03-01,1,1,18,17,1,89.54,89.54,1.0,false,1,4,false,2017-01-01,2018-08-31
499185655c29ecfdbfe776ef7cf875b5,RS,Sul,2018-06-01,2018-06-01,1,1,3,2,1,89.0,89.0,1.0,false,1,4,false,2017-01-01,2018-08-31
b3809b8d4394588a47c8470ea331e135,SP,Sudeste,2018-07-01,2018-07-01,1,1,2,1,1,89.0,89.0,1.0,true,0,4,false,2017-01-01,2018-08-31
da2782c804606d2a5d8e1760dbb3e7ec,SP,Sudeste,2017-11-01,2017-11-01,1,1,10,9,1,89.0,89.0,1.0,false,1,4,false,2017-01-01,2018-08-31
65c255b299faf2d12050937cc219c46c,SP,Sudeste,2017-07-01,2017-08-01,2,2,14,12,2,88.2,44.1,1.0,false,1,4,false,2017-01-01,2018-08-31
fa7ad8ae9bcb2c4493fdf38e96b1d74f,SP,Sudeste,2017-11-01,2017-11-01,1,1,10,9,1,88.0,88.0,1.0,false,1,4,false,2017-01-01,2018-08-31
466222e777149751370e7e98fb623b0c,RJ,Sudeste,2018-08-01,2018-08-01,1,1,1,0,1,87.9,87.9,1.0,true,0,4,false,2017-01-01,2018-08-31
dd264199fc8b687ad029de7de6d760e6,PR,Sul,2017-01-01,2017-01-01,1,1,20,19,1,87.9,87.9,1.0,false,1,4,false,2017-01-01,2018-08-31
9cea4682e16655f7da87f406902e989e,PR,Sul,2017-03-01,2018-02-01,4,12,18,6,4,87.75999999999999,21.939999999999998,0.3333333333333333,false,1,4,false,2017-01-01,2018-08-31
2fa13c8bd5705d279f7ed5cc9ec61c68,SP,Sudeste,2018-04-01,2018-07-01,2,4,5,1,2,87.4,43.7,0.5,true,0,4,false,2017-01-01,2018-08-31
4fe2f67634d00c021aa01f96b6f2d68e,PR,Sul,2018-08-01,2018-08-01,1,1,1,0,2,86.8,86.8,1.0,true,0,4,false,2017-01-01,2018-08-31
60da8bfa7eebe230b7d66ac4082d79b3,SP,Sudeste,2018-08-01,2018-08-01,1,1,1,0,3,86.6,86.6,1.0,true,0,4,false,2017-01-01,2018-08-31
b86a47b3366e3b5424a7b225781f4908,MG,Sudeste,2018-01-01,2018-01-01,1,1,8,7,1,86.5,86.5,1.0,false,1,4,false,2017-01-01,2018-08-31
00d8b143d12632bad99c0ad66ad52825,MG,Sudeste,2018-03-01,2018-03-01,1,1,6,5,1,86.0,86.0,1.0,false,1,4,false,2017-01-01,2018-08-31
20fd2d2080ed85fa67fad3fcbb2c1813,PR,Sul,2018-04-01,2018-04-01,1,1,5,4,1,85.9,85.9,1.0,false,1,4,false,2017-01-01,2018-08-31
a2b911e9ad40dc7d61c142a4683e2d85,RJ,Sudeste,2017-05-01,2017-05-01,1,1,16,15,1,85.9,85.9,1.0,false,1,4,false,2017-01-01,2018-08-31
5566627eab3fe93fd6ee08798226101a,PR,Sul,2017-04-01,2018-01-01,4,10,17,7,5,85.5,21.375,0.4,false,1,4,false,2017-01-01,2018-08-31
2b5ed0c9139dae8883a200dfcb272ece,SP,Sudeste,2017-04-01,2017-11-01,3,8,17,9,4,85.41,28.47,0.375,false,1,4,false,2017-01-01,2018-08-31
9b1050e85becf3ae99c1cf4934c9bc5d,MG,Sudeste,2017-09-01,2017-11-01,2,3,12,9,2,85.14,42.57,0.6666666666666666,false,1,4,false,2017-01-01,2018-08-31
b5dd7151a92ccaaa282cbe9681a05f44,SP,Sudeste,2018-07-01,2018-07-01,1,1,2,1,1,85.0,85.0,1.0,true,0,4,false,2017-01-01,2018-08-31
cb5ff1b9715e99589f3e0c7a6afab9e3,PR,Sul,2018-08-01,2018-08-01,1,1,1,0,4,85.0,85.0,1.0,true,0,4,false,2017-01-01,2018-08-31
dadc51ef321949ec9a3ab25cd902e23d,SP,Sudeste,2017-09-01,2017-09-01,1,1,12,11,1,85.0,85.0,1.0,false,1,4,false,2017-01-01,2018-08-31
0dfbed20065e425d2eaefb101f9816c0,SP,Sudeste,2018-05-01,2018-06-01,2,2,4,2,3,84.35,42.175,1.0,false,1,4,false,2017-01-01,2018-08-31
324583d68897f5ddbaf38f6248322176,SP,Sudeste,2018-02-01,2018-02-01,1,1,7,6,2,84.0,84.0,1.0,false,1,4,false,2017-01-01,2018-08-31
3febca52652e7209509ccfe61cbde40e,SP,Sudeste,2018-08-01,2018-08-01,1,1,1,0,2,84.0,84.0,1.0,true,0,4,false,2017-01-01,2018-08-31
7f02656561b680def9986c0795a8a080,SP,Sudeste,2017-08-01,2017-09-01,2,2,13,11,2,84.0,42.0,1.0,false,1,4,false,2017-01-01,2018-08-31
dedcab67899479e4ea5dcc4eba47f587,SC,Sul,2018-06-01,2018-08-01,2,3,3,0,2,84.0,42.0,0.6666666666666666,true,0,4,false,2017-01-01,2018-08-31
11d4c477d09821164bca4f70a2eae031,SP,Sudeste,2017-07-01,2017-08-01,2,2,14,12,3,83.04,41.52,1.0,false,1,4,false,2017-01-01,2018-08-31
a56a8043ebf66e42119618fb8cf232c6,SC,Sul,2018-08-01,2018-08-01,1,1,1,0,1,83.0,83.0,1.0,true,0,4,false,2017-01-01,2018-08-31
c542f5a8c64d973f30e9df8d06f70b4a,SP,Sudeste,2017-01-01,2017-01-01,1,1,20,19,1,81.0,81.0,1.0,false,1,4,false,2017-01-01,2018-08-31
ba8e85df286308fe68a2ce83a8f8b2d6,SC,Sul,2018-06-01,2018-06-01,1,1,3,2,1,80.9,80.9,1.0,false,1,4,false,2017-01-01,2018-08-31
52454f90d4c30c016768db02f88c1a74,SP,Sudeste,2018-05-01,2018-07-01,2,3,4,1,3,80.5,40.25,0.6666666666666666,true,0,4,false,2017-01-01,2018-08-31
1a8e2d9c38b84a9702ac7922924b0573,SC,Sul,2018-02-01,2018-02-01,1,1,7,6,1,80.0,80.0,1.0,false,1,4,false,2017-01-01,2018-08-31
a45765f8afb1e594b22bf9e974b46765,SP,Sudeste,2017-03-01,2017-03-01,1,1,18,17,1,79.99,79.99,1.0,false,1,4,false,2017-01-01,2018-08-31
c0f3eea2e14555b6faeea3dd58c1b1c3,SP,Sudeste,2018-08-01,2018-08-01,1,1,1,0,1,79.99,79.99,1.0,true,0,4,false,2017-01-01,2018-08-31
0f519b0d2e5eb2227c93dd25038bfc01,SP,Sudeste,2017-01-01,2017-01-01,1,1,20,19,1,79.9,79.9,1.0,false,1,4,false,2017-01-01,2018-08-31
9591fc341b1bfb7ef561e2968ec6e011,SP,Sudeste,2017-09-01,2017-09-01,1,1,12,11,1,79.9,79.9,1.0,false,1,4,false,2017-01-01,2018-08-31
9fbd5666d8618fa571c4230fafa09bd6,SP,Sudeste,2017-08-01,2017-08-01,1,1,13,12,1,79.9,79.9,1.0,false,1,4,false,2017-01-01,2018-08-31
b5b800c4065bebf4d3442311c9857344,SP,Sudeste,2018-05-01,2018-05-01,1,1,4,3,1,79.9,79.9,1.0,false,1,4,false,2017-01-01,2018-08-31
ca5832c6960267b71041f74bb39e8b12,SC,Sul,2017-06-01,2017-06-01,1,1,15,14,1,79.9,79.9,1.0,false,1,4,false,2017-01-01,2018-08-31
cd233f8bfa30ebfd651f47ee7d054951,SP,Sudeste,2018-08-01,2018-08-01,1,1,1,0,1,79.9,79.9,1.0,true,0,4,false,2017-01-01,2018-08-31
dcb7367a92f5ffb89f1e2152ed260285,SP,Sudeste,2018-03-01,2018-03-01,1,1,6,5,1,79.9,79.9,1.0,false,1,4,false,2017-01-01,2018-08-31
f09e26011d833ddab11593c1a097a92a,SP,Sudeste,2018-03-01,2018-03-01,1,1,6,5,1,79.9,79.9,1.0,false,1,4,false,2017-01-01,2018-08-31
5a32c398a06c345440bf2a683b017ad3,RJ,Sudeste,2017-12-01,2018-03-01,2,4,9,5,2,79.8,39.9,0.5,false,1,4,false,2017-01-01,2018-08-31
a7b7354cc588f7566a848bcbb1ce3d96,SP,Sudeste,2017-03-01,2017-03-01,1,1,18,17,2,79.8,79.8,1.0,false,1,4,false,2017-01-01,2018-08-31
aa17b35ce4de7b565be3249ba838944f,SP,Sudeste,2017-08-01,2017-09-01,2,2,13,11,2,79.8,39.9,1.0,false,1,4,false,2017-01-01,2018-08-31
c2bda99904207edd1834f03e0022b007,SP,Sudeste,2017-08-01,2017-09-01,2,2,13,11,2,79.8,39.9,1.0,false,1,4,false,2017-01-01,2018-08-31
519a7aa428f18d125a283cf8c014fdd6,SC,Sul,2018-07-01,2018-07-01,1,1,2,1,3,79.69999999999999,79.69999999999999,1.0,true,0,4,false,2017-01-01,2018-08-31
918f6fbcf3ab724d805867303e593a1b,SP,Sudeste,2017-02-01,2017-03-01,2,2,19,17,2,79.69999999999999,39.849999999999994,1.0,false,1,4,false,2017-01-01,2018-08-31
c8665a4dd081a2c436b1cd921079d0d9,SP,Sudeste,2018-06-01,2018-06-01,1,1,3,2,1,79.39,79.39,1.0,false,1,4,false,2017-01-01,2018-08-31
babcc0ab201e4c60188427cae51a5b8b,SP,Sudeste,2018-07-01,2018-07-01,1,1,2,1,1,79.0,79.0,1.0,true,0,4,false,2017-01-01,2018-08-31
166e8f1381e09651983c38b1f6f91c11,SC,Sul,2017-07-01,2017-08-01,2,2,14,12,2,78.8,39.4,1.0,false,1,4,false,2017-01-01,2018-08-31
15b3b1b81484422eb41df68ac87f1f50,SP,Sudeste,2017-11-01,2018-01-01,2,3,10,7,2,78.35,39.175,0.6666666666666666,false,1,4,false,2017-01-01,2018-08-31
739c7d7be81f63812dea0d1b1451c651,PB,Nordeste,2018-05-01,2018-06-01,2,2,4,2,2,77.5,38.75,1.0,false,1,4,false,2017-01-01,2018-08-31
5de1c80811ce7007f62f00d971236c09,SC,Sul,2018-07-01,2018-07-01,1,1,2,1,2,76.8,76.8,1.0,true,0,4,false,2017-01-01,2018-08-31
3e51f9cbe317bc3a88f2c76583811ee4,SP,Sudeste,2018-08-01,2018-08-01,1,1,1,0,1,76.09,76.09,1.0,true,0,4,false,2017-01-01,2018-08-31
497709c2976a8fa308730a2dec5b0726,SP,Sudeste,2018-07-01,2018-07-01,1,1,2,1,1,76.0,76.0,1.0,true,0,4,false,2017-01-01,2018-08-31
43a5d4a57af536fddc96d08be3afdfcb,MG,Sudeste,2017-06-01,2017-06-01,1,1,15,14,1,75.0,75.0,1.0,false,1,4,false,2017-01-01,2018-08-31
6dd7dce75cd55c1ce255dc38d9f0cd46,SC,Sul,2017-12-01,2017-12-01,1,1,9,8,1,75.0,75.0,1.0,false,1,4,false,2017-01-01,2018-08-31
a1bea9970d8f65b240555f99c2214f7f,PR,Sul,2018-07-01,2018-07-01,1,1,2,1,1,75.0,75.0,1.0,true,0,4,false,2017-01-01,2018-08-31
c85d7b477a709c85a1e8b8f25aa1b270,SP,Sudeste,2017-06-01,2017-06-01,1,1,15,14,1,75.0,75.0,1.0,false,1,4,false,2017-01-01,2018-08-31
d52cbce9845184537284a23c3bc3da0e,SC,Sul,2018-02-01,2018-03-01,2,2,7,5,2,75.0,37.5,1.0,false,1,4,false,2017-01-01,2018-08-31
05aebce0b5c8f0d41b29b686f2d05fd3,SP,Sudeste,2018-03-01,2018-08-01,2,6,6,0,2,74.99000000000001,37.495000000000005,0.3333333333333333,true,0,4,false,2017-01-01,2018-08-31
61b893c57e33626afb104d4112b1be76,MG,Sudeste,2017-03-01,2017-03-01,1,1,18,17,1,74.99,74.99,1.0,false,1,4,false,2017-01-01,2018-08-31
217f005bb37ff3aeef5b2ae1788e75ba,SP,Sudeste,2017-04-01,2017-06-01,3,3,17,14,3,74.97,24.99,1.0,false,1,4,false,2017-01-01,2018-08-31
9c3a1c416c765687bc79a04113269929,MG,Sudeste,2018-02-01,2018-02-01,1,1,7,6,1,74.9,74.9,1.0,false,1,4,false,2017-01-01,2018-08-31
6187a137b2af59dfdbad8d9f8c373c14,SP,Sudeste,2017-11-01,2018-01-01,2,3,10,7,2,74.8,37.4,0.6666666666666666,false,1,4,false,2017-01-01,2018-08-31
a90a5da8b09e44264a177c0374a5ac87,PR,Sul,2017-02-01,2017-03-01,2,2,19,17,3,74.69999999999999,37.349999999999994,1.0,false,1,4,false,2017-01-01,2018-08-31
d8d9567d0bfb0bc7eb845a205ba42657,SP,Sudeste,2018-03-01,2018-08-01,3,6,6,0,4,74.6,24.866666666666664,0.5,true,0,4,false,2017-01-01,2018-08-31
164a5a8794e6d42e14f55e447b12a3bc,PR,Sul,2018-07-01,2018-07-01,1,1,2,1,1,73.99,73.99,1.0,true,0,4,false,2017-01-01,2018-08-31
a7d0f8dd44f57ef6de7f7f02e3d82630,SP,Sudeste,2018-06-01,2018-08-01,2,3,3,0,2,73.78999999999999,36.894999999999996,0.6666666666666666,true,0,4,false,2017-01-01,2018-08-31
204b4e07bddef3c9b317f70189135b22,MG,Sudeste,2018-07-01,2018-07-01,1,1,2,1,1,73.4,73.4,1.0,true,0,4,false,2017-01-01,2018-08-31
e5c84227854980f1db19a58958c551d9,PR,Sul,2018-07-01,2018-08-01,2,2,2,0,4,72.81,36.405,1.0,true,0,4,false,2017-01-01,2018-08-31
f0ec6a2adb05c62655a26dd347b8dede,SP,Sudeste,2018-04-01,2018-04-01,1,1,5,4,1,72.0,72.0,1.0,false,1,4,false,2017-01-01,2018-08-31
8f0fbe2cd4d472157dc1cdef6edecaa9,SP,Sudeste,2017-07-01,2017-09-01,2,3,14,11,2,71.88,35.94,0.6666666666666666,false,1,4,false,2017-01-01,2018-08-31
028872bfa080090a9d0abd4f1af168f8,MG,Sudeste,2017-08-01,2017-08-01,1,1,13,12,1,70.5,70.5,1.0,false,1,4,false,2017-01-01,2018-08-31
4003520d80d0bad1d5623f7aa3c63cda,RJ,Sudeste,2017-09-01,2017-09-01,1,1,12,11,1,70.0,70.0,1.0,false,1,4,false,2017-01-01,2018-08-31
bbf4a892cac7b82422baa711dffb8997,PR,Sul,2018-06-01,2018-06-01,1,1,3,2,1,70.0,70.0,1.0,false,1,4,false,2017-01-01,2018-08-31
e4f121bf6ef8b9a1d4d3e65dd0473fab,SP,Sudeste,2018-04-01,2018-05-01,2,2,5,3,2,70.0,35.0,1.0,false,1,4,false,2017-01-01,2018-08-31
f90f77ef2799a27f80d90c425ca944f7,PR,Sul,2018-05-01,2018-05-01,1,1,4,3,1,70.0,70.0,1.0,false,1,4,false,2017-01-01,2018-08-31
0a198e95d32b1be2da9424c962a6ebfa,MG,Sudeste,2018-06-01,2018-06-01,1,1,3,2,1,69.99,69.99,1.0,false,1,4,false,2017-01-01,2018-08-31
4e92348462c75b6c842b994ce84a0ed4,RS,Sul,2018-07-01,2018-07-01,1,1,2,1,1,69.9,69.9,1.0,true,0,4,false,2017-01-01,2018-08-31
b5d034ac251546e25afe9067f05c1539,SP,Sudeste,2018-04-01,2018-04-01,1,1,5,4,1,69.9,69.9,1.0,false,1,4,false,2017-01-01,2018-08-31
b6c6854d4d92a5f6f46be8869da3fa1a,SP,Sudeste,2017-04-01,2017-04-01,1,1,17,16,1,69.9,69.9,1.0,false,1,4,false,2017-01-01,2018-08-31
d598f929fc44e1e38678e7f47250ec04,GO,Centro-Oeste,2018-06-01,2018-06-01,1,1,3,2,1,69.9,69.9,1.0,false,1,4,false,2017-01-01,2018-08-31
d9b00a97818674c7f8d8b1ef0e689679,PR,Sul,2018-08-01,2018-08-01,1,1,1,0,1,69.9,69.9,1.0,true,0,4,false,2017-01-01,2018-08-31
f3511c85f59f8dec53d140501ee8e7a8,PR,Sul,2017-08-01,2017-08-01,1,1,13,12,1,69.9,69.9,1.0,false,1,4,false,2017-01-01,2018-08-31
fe9d9cf8631285d5982c6e2cf27fb114,MG,Sudeste,2018-07-01,2018-07-01,1,1,2,1,1,69.9,69.9,1.0,true,0,4,false,2017-01-01,2018-08-31
ffcfefa19b08742c5d315f2791395ee5,PR,Sul,2018-06-01,2018-06-01,1,1,3,2,1,69.9,69.9,1.0,false,1,4,false,2017-01-01,2018-08-31
17998cf586426bf0f2c3726cb0a4b211,MG,Sudeste,2017-07-01,2018-01-01,2,7,14,7,2,69.8,34.9,0.2857142857142857,false,1,4,false,2017-01-01,2018-08-31
5587130f9850696ed7fafbc91c2cee44,SP,Sudeste,2018-07-01,2018-08-01,2,2,2,0,2,69.8,34.9,1.0,true,0,4,false,2017-01-01,2018-08-31
bbd3acfe6de99892e73940d3fdceaf68,SP,Sudeste,2018-08-01,2018-08-01,1,1,1,0,2,69.0,69.0,1.0,true,0,4,false,2017-01-01,2018-08-31
edb65fe661681b1c0de8bd47c8655855,SP,Sudeste,2017-04-01,2017-04-01,1,1,17,16,1,69.0,69.0,1.0,false,1,4,false,2017-01-01,2018-08-31
e4253cef933647000a82ff39c67b7bde,SP,Sudeste,2017-05-01,2017-05-01,1,1,16,15,2,68.0,68.0,1.0,false,1,4,false,2017-01-01,2018-08-31
f3055483058c84d75ca2a3314fb4deef,BA,Nordeste,2017-12-01,2017-12-01,1,1,9,8,1,67.5,67.5,1.0,false,1,4,false,2017-01-01,2018-08-31
723a46b89fd5c3ed78ccdf039e33ac63,RS,Sul,2018-05-01,2018-05-01,1,1,4,3,1,66.64,66.64,1.0,false,1,4,false,2017-01-01,2018-08-31
a5ff20ff766e7f50bd5066f33da14413,SP,Sudeste,2018-08-01,2018-08-01,1,1,1,0,2,66.59,66.59,1.0,true,0,4,false,2017-01-01,2018-08-31
c6381b1321d7d97717a5bb4ed5b77882,SP,Sudeste,2018-07-01,2018-08-01,2,2,2,0,2,66.0,33.0,1.0,true,0,4,false,2017-01-01,2018-08-31
d58d521f3789def2e7a22715e0badd93,SP,Sudeste,2017-11-01,2018-03-01,2,5,10,5,2,65.98,32.99,0.4,false,1,4,false,2017-01-01,2018-08-31
76623fde66e6b63b59440fd34160512d,SP,Sudeste,2017-09-01,2018-01-01,3,5,12,7,3,65.4,21.8,0.6,false,1,4,false,2017-01-01,2018-08-31
d4a5e99e0dd915df64ba55a7fbd583fd,SP,Sudeste,2017-10-01,2017-10-01,1,1,11,10,2,65.15,65.15,1.0,false,1,4,false,2017-01-01,2018-08-31
52831e5990d0771cb4951d6f12928167,SP,Sudeste,2018-08-01,2018-08-01,1,1,1,0,1,65.0,65.0,1.0,true,0,4,false,2017-01-01,2018-08-31
ad738d3fcf42655ed15c4960b7b6c601,RS,Sul,2017-05-01,2017-05-01,1,1,16,15,1,65.0,65.0,1.0,false,1,4,false,2017-01-01,2018-08-31
447d377bdb757058acb569025ee18a93,RS,Sul,2018-02-01,2018-02-01,1,1,7,6,1,64.99,64.99,1.0,false,1,4,false,2017-01-01,2018-08-31
c8771b1a10bb99bb34d3c459c5cffb53,SP,Sudeste,2017-05-01,2017-05-01,1,1,16,15,1,64.9,64.9,1.0,false,1,4,false,2017-01-01,2018-08-31
eb4a59a06b3948e851a7d7a830bcbc42,BA,Nordeste,2018-02-01,2018-05-01,2,4,7,3,2,64.0,32.0,0.5,false,1,4,false,2017-01-01,2018-08-31
b452cb0ae35044c4a53179c39f49fb06,SP,Sudeste,2018-06-01,2018-06-01,1,1,3,2,2,63.699999999999996,63.699999999999996,1.0,false,1,4,false,2017-01-01,2018-08-31
9e94fa26a70ede4d26226e918e8706a2,SP,Sudeste,2017-08-01,2017-08-01,1,1,13,12,1,62.8,62.8,1.0,false,1,4,false,2017-01-01,2018-08-31
42fb44130ac3134cde8e35cf8ec7df25,SP,Sudeste,2017-02-01,2017-03-01,2,2,19,17,3,62.699999999999996,31.349999999999998,1.0,false,1,4,false,2017-01-01,2018-08-31
f0ec78809fe0bc3edb11c9fe5b97b059,SP,Sudeste,2018-06-01,2018-07-01,2,2,3,1,2,62.599999999999994,31.299999999999997,1.0,true,0,4,false,2017-01-01,2018-08-31
2cb98e27ce1c18abdb42209b34c382a7,SP,Sudeste,2018-06-01,2018-06-01,1,1,3,2,1,62.49,62.49,1.0,false,1,4,false,2017-01-01,2018-08-31
56a8b450e802502ba53a9885ee38e29f,SP,Sudeste,2017-07-01,2017-07-01,1,1,14,13,1,62.45,62.45,1.0,false,1,4,false,2017-01-01,2018-08-31
6a3139c7bf09ece22a4713d956acbe5e,SP,Sudeste,2018-07-01,2018-07-01,1,1,2,1,1,61.9,61.9,1.0,true,0,4,false,2017-01-01,2018-08-31
f7c31656c19db6275a8acadca289f426,SP,Sudeste,2018-02-01,2018-02-01,1,1,7,6,1,61.56,61.56,1.0,false,1,4,false,2017-01-01,2018-08-31
b3e2faf2c1004d674f16a3aa3197f0e1,SP,Sudeste,2017-02-01,2017-05-01,3,4,19,15,3,61.47,20.49,0.75,false,1,4,false,2017-01-01,2018-08-31
1d0646a72178a6fb37ee8082140e06ec,SC,Sul,2018-07-01,2018-08-01,2,2,2,0,2,61.0,30.5,1.0,true,0,4,false,2017-01-01,2018-08-31
7963e546f34e098b578f9ad102494601,SP,Sudeste,2017-11-01,2017-11-01,1,1,10,9,1,60.99,60.99,1.0,false,1,4,false,2017-01-01,2018-08-31
be7a093e5b4d147b36b72bb1f9e415e5,PR,Sul,2018-07-01,2018-07-01,1,1,2,1,1,60.9,60.9,1.0,true,0,4,false,2017-01-01,2018-08-31
83f2b4881141ce3fcd4e985125d3279e,SP,Sudeste,2018-01-01,2018-03-01,2,3,8,5,3,60.699999999999996,30.349999999999998,0.6666666666666666,false,1,4,false,2017-01-01,2018-08-31
9ac75591b69c3402684b6ce0310f22ee,SP,Sudeste,2018-08-01,2018-08-01,1,1,1,0,1,60.5,60.5,1.0,true,0,4,false,2017-01-01,2018-08-31
e9e446d01bd10a97a8ffcfc4a3a20cb2,SP,Sudeste,2018-06-01,2018-07-01,2,2,3,1,4,60.05,30.025,1.0,true,0,4,false,2017-01-01,2018-08-31
24a6daf925d9d591870a66660416de31,SP,Sudeste,2018-01-01,2018-05-01,2,5,8,3,2,60.0,30.0,0.4,false,1,4,false,2017-01-01,2018-08-31
7c462184585ae80bd6e5774c62ce50f2,SP,Sudeste,2018-05-01,2018-05-01,1,1,4,3,1,60.0,60.0,1.0,false,1,4,false,2017-01-01,2018-08-31
85e7c62c1d6ea078c3897424f867a7c8,SC,Sul,2017-12-01,2018-01-01,2,2,9,7,2,60.0,30.0,1.0,false,1,4,false,2017-01-01,2018-08-31
86649b1632b1c0e6c0bcb2c90a8b75d8,PR,Sul,2017-08-01,2017-08-01,1,1,13,12,1,59.99,59.99,1.0,false,1,4,false,2017-01-01,2018-08-31
0ee4fb99ac55ffbbc98795aa01b7f8fa,SP,Sudeste,2017-05-01,2017-05-01,1,1,16,15,1,59.9,59.9,1.0,false,1,4,false,2017-01-01,2018-08-31
3e46a38ee171c503c3b4a3f23fe3bf0c,SP,Sudeste,2018-06-01,2018-06-01,1,1,3,2,1,59.9,59.9,1.0,false,1,4,false,2017-01-01,2018-08-31
6ebf4eceee4dd9847201c82e77ef8123,RJ,Sudeste,2018-04-01,2018-04-01,1,1,5,4,1,59.9,59.9,1.0,false,1,4,false,2017-01-01,2018-08-31
75fdd0a732287f9497b179f6bd445d32,SP,Sudeste,2017-09-01,2017-09-01,1,1,12,11,1,59.9,59.9,1.0,false,1,4,false,2017-01-01,2018-08-31
8fb67a334bacec338885b4e9e1708073,PR,Sul,2018-07-01,2018-07-01,1,1,2,1,1,59.9,59.9,1.0,true,0,4,false,2017-01-01,2018-08-31
9ef932e837d8b7f392c0bfee9d359dc2,SP,Sudeste,2017-11-01,2017-11-01,1,1,10,9,1,59.9,59.9,1.0,false,1,4,false,2017-01-01,2018-08-31
c240c4061717ac1806ae6ee72be3533b,RJ,Sudeste,2018-05-01,2018-05-01,1,1,4,3,1,59.9,59.9,1.0,false,1,4,false,2017-01-01,2018-08-31
455f46ef09a9e45667e2981df84b5cc2,SP,Sudeste,2018-08-01,2018-08-01,1,1,1,0,2,59.8,59.8,1.0,true,0,4,false,2017-01-01,2018-08-31
528ce32f560edd11add4169f6a5b65be,SP,Sudeste,2017-05-01,2017-07-01,2,3,16,13,2,59.8,29.9,0.6666666666666666,false,1,4,false,2017-01-01,2018-08-31
3da38366e7bd9baf6369071f782ecdf0,CE,Nordeste,2018-01-01,2018-01-01,1,1,8,7,1,59.47,59.47,1.0,false,1,4,false,2017-01-01,2018-08-31
63704069d9bd3a75c1cf59babe56004a,SP,Sudeste,2018-06-01,2018-06-01,1,1,3,2,1,59.3,59.3,1.0,false,1,4,false,2017-01-01,2018-08-31
db1f0f7c7e5e87f40b62226f020bb297,PR,Sul,2017-04-01,2017-05-01,2,2,17,15,3,59.010000000000005,29.505000000000003,1.0,false,1,4,false,2017-01-01,2018-08-31
0af2ab31141893d26aca5a404a537dab,SP,Sudeste,2018-08-01,2018-08-01,1,1,1,0,1,59.0,59.0,1.0,true,0,4,false,2017-01-01,2018-08-31
1d953075c2f0dd990bacf27b83b330f1,MG,Sudeste,2018-08-01,2018-08-01,1,1,1,0,1,59.0,59.0,1.0,true,0,4,false,2017-01-01,2018-08-31
2f1e7b90e01d9f086cbcb301c0c3d406,SC,Sul,2017-11-01,2017-11-01,1,1,10,9,1,59.0,59.0,1.0,false,1,4,false,2017-01-01,2018-08-31
dd5450b022b2d00a2145a66331e1aef6,SC,Sul,2018-06-01,2018-06-01,1,1,3,2,1,59.0,59.0,1.0,false,1,4,false,2017-01-01,2018-08-31
fa18c782a4866d313cadab567097f8f1,MG,Sudeste,2017-05-01,2017-05-01,1,1,16,15,1,58.99,58.99,1.0,false,1,4,false,2017-01-01,2018-08-31
d180e07dc1e58c31c3f0cd599dc4d945,MG,Sudeste,2018-01-01,2018-01-01,1,1,8,7,1,58.8,58.8,1.0,false,1,4,false,2017-01-01,2018-08-31
cecd97bc34ed8330bd4cd15713eda670,SC,Sul,2018-08-01,2018-08-01,1,1,1,0,1,57.99,57.99,1.0,true,0,4,false,2017-01-01,2018-08-31
cac4e0bc1a3269fa2b6ea5e763f6115b,SC,Sul,2017-11-01,2018-03-01,2,5,10,5,2,57.88,28.94,0.4,false,1,4,false,2017-01-01,2018-08-31
48e5ee06fb2dc74df1c711a9b6dfac2a,MG,Sudeste,2018-02-01,2018-02-01,1,1,7,6,1,57.0,57.0,1.0,false,1,4,false,2017-01-01,2018-08-31
ac9b01377919cdbd2a1bbb8d5837c70b,SP,Sudeste,2018-08-01,2018-08-01,1,1,1,0,1,55.9,55.9,1.0,true,0,4,false,2017-01-01,2018-08-31
3e35a8bb43569389d3cebef0ce820f69,SP,Sudeste,2018-04-01,2018-04-01,1,1,5,4,1,55.8,55.8,1.0,false,1,4,false,2017-01-01,2018-08-31
0b1ca3ef18a63d7eb0c8897fa0849c08,SP,Sudeste,2018-04-01,2018-04-01,1,1,5,4,1,55.0,55.0,1.0,false,1,4,false,2017-01-01,2018-08-31
d85efbc8eff2b7adf524e2820569adc8,SP,Sudeste,2018-05-01,2018-05-01,1,1,4,3,1,55.0,55.0,1.0,false,1,4,false,2017-01-01,2018-08-31
ebe3dabc4955c9b0d695e7bda38bf5c3,SP,Sudeste,2018-02-01,2018-02-01,1,1,7,6,1,55.0,55.0,1.0,false,1,4,false,2017-01-01,2018-08-31
02a2272692e13558373c66db98f05e2e,RJ,Sudeste,2017-02-01,2017-03-01,2,2,19,17,2,54.98,27.49,1.0,false,1,4,false,2017-01-01,2018-08-31
c7246702dc991a06d788120dc7544391,CE,Nordeste,2018-02-01,2018-02-01,1,1,7,6,1,54.86,54.86,1.0,false,1,4,false,2017-01-01,2018-08-31
26f6b7ab07be3e9e69ce82a6552efc19,RJ,Sudeste,2018-08-01,2018-08-01,1,1,1,0,2,54.8,54.8,1.0,true,0,4,false,2017-01-01,2018-08-31
c13fb473e7cb8b83ccd543c094df0608,SP,Sudeste,2017-01-01,2017-03-01,2,3,20,17,2,54.8,27.4,0.6666666666666666,false,1,4,false,2017-01-01,2018-08-31
d297f1055de2956aedfd3b04113dce3e,SP,Sudeste,2018-08-01,2018-08-01,1,1,1,0,1,54.3,54.3,1.0,true,0,4,false,2017-01-01,2018-08-31
720e6cf846ea7572cbb66b743fb91e6c,SP,Sudeste,2017-03-01,2017-03-01,1,1,18,17,1,54.0,54.0,1.0,false,1,4,false,2017-01-01,2018-08-31
c1552b1dab6e6f760950368ae61fb600,SP,Sudeste,2018-08-01,2018-08-01,1,1,1,0,2,53.8,53.8,1.0,true,0,4,false,2017-01-01,2018-08-31
c161d1327ebc3a156c09582ab2f59f6c,SP,Sudeste,2017-08-01,2018-02-01,3,7,13,6,3,52.99,17.663333333333334,0.42857142857142855,false,1,4,false,2017-01-01,2018-08-31
a2a41aedb70551d4a85aa04dc2fced48,SP,Sudeste,2017-11-01,2017-12-01,2,2,10,8,2,52.79,26.395,1.0,false,1,4,false,2017-01-01,2018-08-31
392f7f2c797e4dc077e4311bde2ab8ce,RN,Nordeste,2018-08-01,2018-08-01,1,1,1,0,2,52.0,52.0,1.0,true,0,4,false,2017-01-01,2018-08-31
84c945f15571830c1a91a33978e94009,SP,Sudeste,2017-03-01,2017-05-01,2,3,18,15,2,51.98,25.99,0.6666666666666666,false,1,4,false,2017-01-01,2018-08-31
20d53aad4fe5ee93a64f8839609d3586,MG,Sudeste,2017-11-01,2018-05-01,2,7,10,3,2,51.9,25.95,0.2857142857142857,false,1,4,false,2017-01-01,2018-08-31
258447aad3f7b01e2643c89f64dc5647,PR,Sul,2018-07-01,2018-07-01,1,1,2,1,1,51.9,51.9,1.0,true,0,4,false,2017-01-01,2018-08-31
07e8e8fc5222bb358e6f259da3197074,SP,Sudeste,2018-02-01,2018-08-01,2,7,7,0,2,51.8,25.9,0.2857142857142857,true,0,4,false,2017-01-01,2018-08-31
eaf6d55068dea77334e8477d3878d89e,SP,Sudeste,2018-06-01,2018-07-01,2,2,3,1,3,51.0,25.5,1.0,true,0,4,false,2017-01-01,2018-08-31
4d8809767a5bafe22909c77951fb6b41,SP,Sudeste,2017-10-01,2017-10-01,1,1,11,10,1,50.0,50.0,1.0,false,1,4,false,2017-01-01,2018-08-31
535bf14f36346c7f59d87cece104d70c,RJ,Sudeste,2018-08-01,2018-08-01,1,1,1,0,1,50.0,50.0,1.0,true,0,4,false,2017-01-01,2018-08-31
5cf1ec37aea089f45110c70653a166ab,SP,Sudeste,2017-04-01,2017-12-01,3,9,17,8,3,50.0,16.666666666666668,0.3333333333333333,false,1,4,false,2017-01-01,2018-08-31
deaadd805612bf94faaa9fa702516e11,SP,Sudeste,2017-05-01,2017-05-01,1,1,16,15,1,50.0,50.0,1.0,false,1,4,false,2017-01-01,2018-08-31
2c2c9832d1bb38c5b0034a3b47d313ee,RS,Sul,2018-07-01,2018-07-01,1,1,2,1,1,49.9,49.9,1.0,true,0,4,false,2017-01-01,2018-08-31
3ded4e2d5f135cb103e5949d7263d2dd,MG,Sudeste,2018-02-01,2018-02-01,1,1,7,6,1,49.9,49.9,1.0,false,1,4,false,2017-01-01,2018-08-31
7b3447b497e55af8c15fc7bd89d7b81a,SP,Sudeste,2017-11-01,2017-11-01,1,1,10,9,1,49.9,49.9,1.0,false,1,4,false,2017-01-01,2018-08-31
9140ef75cc8211c4035935e80e567204,PR,Sul,2018-08-01,2018-08-01,1,1,1,0,1,49.9,49.9,1.0,true,0,4,false,2017-01-01,2018-08-31
e1a210d482714ce337763a19aef94ba4,PR,Sul,2017-04-01,2017-04-01,1,1,17,16,1,49.9,49.9,1.0,false,1,4,false,2017-01-01,2018-08-31
fe19dce63ae80346207c6c55713d1023,MG,Sudeste,2017-01-01,2017-01-01,1,1,20,19,1,49.9,49.9,1.0,false,1,4,false,2017-01-01,2018-08-31
7315baebc0572ff220d226283dc66728,SP,Sudeste,2017-04-01,2017-06-01,2,3,17,14,2,49.849999999999994,24.924999999999997,0.6666666666666666,false,1,4,false,2017-01-01,2018-08-31
2c00c85d30361cd2ced2969cffbbffa3,MG,Sudeste,2018-04-01,2018-04-01,1,1,5,4,1,49.8,49.8,1.0,false,1,4,false,2017-01-01,2018-08-31
1b61fb1f0f2185d89e9a126c498e9cc7,PR,Sul,2017-06-01,2017-06-01,1,1,15,14,1,49.7,49.7,1.0,false,1,4,false,2017-01-01,2018-08-31
d1a1b40ec554c593a1a99366746289dd,PR,Sul,2017-01-01,2017-01-01,1,1,20,19,1,49.7,49.7,1.0,false,1,4,false,2017-01-01,2018-08-31
42d4b7e70819438f5ada61c965e92d7e,GO,Centro-Oeste,2018-03-01,2018-03-01,1,1,6,5,1,49.6,49.6,1.0,false,1,4,false,2017-01-01,2018-08-31
ac137bac82ffa8548e62bd9d01d2a14f,SP,Sudeste,2017-05-01,2017-05-01,1,1,16,15,1,49.6,49.6,1.0,false,1,4,false,2017-01-01,2018-08-31
e0487761face83d64fcada2408959a36,SP,Sudeste,2018-08-01,2018-08-01,1,1,1,0,2,49.25,49.25,1.0,true,0,4,false,2017-01-01,2018-08-31
1f7dfad2cb384ea4d2d7e1ffbd78c407,SP,Sudeste,2018-05-01,2018-05-01,1,1,4,3,1,49.0,49.0,1.0,false,1,4,false,2017-01-01,2018-08-31
2ef086a599b597572aca4433b7ed6b3d,SC,Sul,2018-01-01,2018-01-01,1,1,8,7,1,49.0,49.0,1.0,false,1,4,false,2017-01-01,2018-08-31
c963a25b8671419c6ce9eebe8fd03218,RJ,Sudeste,2018-05-01,2018-05-01,1,1,4,3,1,49.0,49.0,1.0,false,1,4,false,2017-01-01,2018-08-31
ce33c6211beaa8fef4cae8b52db39862,SP,Sudeste,2017-02-01,2017-02-01,1,1,19,18,1,49.0,49.0,1.0,false,1,4,false,2017-01-01,2018-08-31
d63f306de130e0391d38a792541723b8,SP,Sudeste,2018-08-01,2018-08-01,1,1,1,0,1,49.0,49.0,1.0,true,0,4,false,2017-01-01,2018-08-31
29c322e3f09f886f8bacbe91dfbd979e,RS,Sul,2018-08-01,2018-08-01,1,1,1,0,1,48.98,48.98,1.0,true,0,4,false,2017-01-01,2018-08-31
417a1e6c7321084d2a0ae0d023cfad93,RS,Sul,2018-01-01,2018-01-01,1,1,8,7,1,48.9,48.9,1.0,false,1,4,false,2017-01-01,2018-08-31
5aaa890629f83706d8d9bfecd8377c1c,RJ,Sudeste,2017-09-01,2017-09-01,1,1,12,11,1,48.9,48.9,1.0,false,1,4,false,2017-01-01,2018-08-31
2e2f44824ab87a0cb961f68bf4073e7f,PR,Sul,2018-04-01,2018-04-01,1,1,5,4,1,48.0,48.0,1.0,false,1,4,false,2017-01-01,2018-08-31
513a54369b6a8a6602fcb0e129c6d78d,SP,Sudeste,2018-08-01,2018-08-01,1,1,1,0,2,47.8,47.8,1.0,true,0,4,false,2017-01-01,2018-08-31
a3fa18b3f688ec0fca3eb8bfcbd2d5b3,SP,Sudeste,2018-04-01,2018-04-01,1,1,5,4,1,47.8,47.8,1.0,false,1,4,false,2017-01-01,2018-08-31
9d213f303afae4983637247556438ede,SP,Sudeste,2018-07-01,2018-07-01,1,1,2,1,2,47.7,47.7,1.0,true,0,4,false,2017-01-01,2018-08-31
cad10cc982ab6a391570c211b995c17c,SP,Sudeste,2018-04-01,2018-04-01,1,1,5,4,1,47.4,47.4,1.0,false,1,4,false,2017-01-01,2018-08-31
baf15155e37ef5492731459bdc05be8a,SP,Sudeste,2017-03-01,2017-03-01,1,1,18,17,1,47.0,47.0,1.0,false,1,4,false,2017-01-01,2018-08-31
7494d0dcba8551df6cf37f1b905dc2f7,SP,Sudeste,2018-05-01,2018-05-01,1,1,4,3,1,45.9,45.9,1.0,false,1,4,false,2017-01-01,2018-08-31
51e0557bc7b86de13e946c60ee91ce39,MG,Sudeste,2017-05-01,2017-05-01,1,1,16,15,1,45.8,45.8,1.0,false,1,4,false,2017-01-01,2018-08-31
8629a7efec1aab257e58cda559f03ba7,GO,Centro-Oeste,2018-02-01,2018-02-01,1,1,7,6,1,45.22,45.22,1.0,false,1,4,false,2017-01-01,2018-08-31
2d8cfba3fcd3170555941605edaa196a,SP,Sudeste,2017-03-01,2017-03-01,1,1,18,17,1,45.0,45.0,1.0,false,1,4,false,2017-01-01,2018-08-31
3338e7a0710a195872be80e0d2423867,SP,Sudeste,2017-04-01,2017-04-01,1,1,17,16,1,45.0,45.0,1.0,false,1,4,false,2017-01-01,2018-08-31
70ee69419916dc13e3aed619061f996c,SP,Sudeste,2017-08-01,2017-08-01,1,1,13,12,1,45.0,45.0,1.0,false,1,4,false,2017-01-01,2018-08-31
9c351405b754cc5ce3e2ecf277bb034a,SP,Sudeste,2017-03-01,2017-03-01,1,1,18,17,1,45.0,45.0,1.0,false,1,4,false,2017-01-01,2018-08-31
1f2eebc0e970fd3c463e4f5d9652687a,SP,Sudeste,2018-08-01,2018-08-01,1,1,1,0,1,44.99,44.99,1.0,true,0,4,false,2017-01-01,2018-08-31
5a4236931428800e9d9cc04af0987118,SP,Sudeste,2018-07-01,2018-07-01,1,1,2,1,1,44.97,44.97,1.0,true,0,4,false,2017-01-01,2018-08-31
5415337f1863452476d42d9f14a16a61,MG,Sudeste,2018-08-01,2018-08-01,1,1,1,0,1,44.9,44.9,1.0,true,0,4,false,2017-01-01,2018-08-31
da3fede3469bf49b7293ce3fc45b294d,SP,Sudeste,2018-03-01,2018-03-01,1,1,6,5,1,44.9,44.9,1.0,false,1,4,false,2017-01-01,2018-08-31
e5545d4d4473876ea78c5bcebca365c3,SP,Sudeste,2018-06-01,2018-06-01,1,1,3,2,1,44.5,44.5,1.0,false,1,4,false,2017-01-01,2018-08-31
cad9969167c09b48ae6f1d123f7fa68d,MG,Sudeste,2018-07-01,2018-07-01,1,1,2,1,2,43.2,43.2,1.0,true,0,4,false,2017-01-01,2018-08-31
05a48cc8859962767935ab9087417fbb,SP,Sudeste,2018-08-01,2018-08-01,1,1,1,0,1,42.9,42.9,1.0,true,0,4,false,2017-01-01,2018-08-31
4125d9385a25e82d2f72d3a0fd55bc3f,SP,Sudeste,2018-08-01,2018-08-01,1,1,1,0,1,42.9,42.9,1.0,true,0,4,false,2017-01-01,2018-08-31
3a3c180dd702a725bd0ba4117689239e,PR,Sul,2018-05-01,2018-05-01,1,1,4,3,1,41.9,41.9,1.0,false,1,4,false,2017-01-01,2018-08-31
6561d6bf844e464b4019442692b40e02,SP,Sudeste,2018-08-01,2018-08-01,1,1,1,0,1,41.9,41.9,1.0,true,0,4,false,2017-01-01,2018-08-31
749e7cdabbaf72f16677859e27874ba5,SP,Sudeste,2017-09-01,2017-09-01,1,1,12,11,1,41.9,41.9,1.0,false,1,4,false,2017-01-01,2018-08-31
a1ed30492b3b798bc121845bc4aa7366,SP,Sudeste,2017-07-01,2017-07-01,1,1,14,13,1,41.8,41.8,1.0,false,1,4,false,2017-01-01,2018-08-31
b77a27b1864483e721dc831d5ba4afa0,RJ,Sudeste,2017-03-01,2017-05-01,2,3,18,15,2,41.8,20.9,0.6666666666666666,false,1,4,false,2017-01-01,2018-08-31
16bdc8cefd0e32a6f0824d296c5ad14a,SP,Sudeste,2018-04-01,2018-04-01,1,1,5,4,1,41.76,41.76,1.0,false,1,4,false,2017-01-01,2018-08-31
a213f1bd6458f4a158f3746cb2514559,PR,Sul,2018-05-01,2018-05-01,1,1,4,3,1,41.52,41.52,1.0,false,1,4,false,2017-01-01,2018-08-31
9b1f656ca3060f8af17a50d8a024b533,SP,Sudeste,2018-07-01,2018-08-01,2,2,2,0,2,41.0,20.5,1.0,true,0,4,false,2017-01-01,2018-08-31
c200c73f9d7e5a08ca439d6a0803da7c,PR,Sul,2017-05-01,2017-05-01,1,1,16,15,1,40.0,40.0,1.0,false,1,4,false,2017-01-01,2018-08-31
d4828feed4cda2cd9d6b37899a95a71e,CE,Nordeste,2018-08-01,2018-08-01,1,1,1,0,1,39.9,39.9,1.0,true,0,4,false,2017-01-01,2018-08-31
df683dfda87bf71ac3fc63063fba369d,RS,Sul,2017-03-01,2017-03-01,1,1,18,17,1,39.9,39.9,1.0,false,1,4,false,2017-01-01,2018-08-31
edb58a1390adf273840030a3d6253829,SP,Sudeste,2018-08-01,2018-08-01,1,1,1,0,1,39.9,39.9,1.0,true,0,4,false,2017-01-01,2018-08-31
7caa63f175b1cecbfaadd8b5ab9998c7,SP,Sudeste,2018-01-01,2018-06-01,2,6,8,2,2,39.8,19.9,0.3333333333333333,false,1,4,false,2017-01-01,2018-08-31
389e45560e33d2d0747f949dcddbc08e,SP,Sudeste,2018-08-01,2018-08-01,1,1,1,0,1,39.0,39.0,1.0,true,0,4,false,2017-01-01,2018-08-31
c74f14c1e26cf1bd5bd34b6a1e274426,SC,Sul,2018-01-01,2018-01-01,1,1,8,7,1,39.0,39.0,1.0,false,1,4,false,2017-01-01,2018-08-31
e595809a6c31ec4314fd06ef198c244d,SC,Sul,2018-03-01,2018-03-01,1,1,6,5,1,39.0,39.0,1.0,false,1,4,false,2017-01-01,2018-08-31
0936e1837d0c79253456bbb2ffaaef10,SP,Sudeste,2017-04-01,2017-04-01,1,1,17,16,1,38.9,38.9,1.0,false,1,4,false,2017-01-01,2018-08-31
2eeb6531ee027a48d401e72bebdd87d3,SP,Sudeste,2017-02-01,2017-02-01,1,1,19,18,3,38.699999999999996,38.699999999999996,1.0,false,1,4,false,2017-01-01,2018-08-31
d7ab82074b5f1dfba46db123df101bff,SP,Sudeste,2018-01-01,2018-01-01,1,1,8,7,2,38.67,38.67,1.0,false,1,4,false,2017-01-01,2018-08-31
e72b4feb7abe210c52aa667abc25a3a2,SP,Sudeste,2017-06-01,2017-06-01,1,1,15,14,1,38.2,38.2,1.0,false,1,4,false,2017-01-01,2018-08-31
ab75b89cc49c9ab3160d0c91565a442a,SP,Sudeste,2017-07-01,2017-09-01,2,3,14,11,2,37.98,18.99,0.6666666666666666,false,1,4,false,2017-01-01,2018-08-31
9200e6ce317b67196b6b0bad4d4bd567,RJ,Sudeste,2017-03-01,2017-03-01,1,1,18,17,1,36.9,36.9,1.0,false,1,4,false,2017-01-01,2018-08-31
e116c7455dd26a4d8c3e92532583905f,SP,Sudeste,2018-04-01,2018-04-01,1,1,5,4,1,36.76,36.76,1.0,false,1,4,false,2017-01-01,2018-08-31
1d139e3a3b14025640d8df1b230aace0,SP,Sudeste,2017-09-01,2017-11-01,2,3,12,9,2,36.49,18.245,0.6666666666666666,false,1,4,false,2017-01-01,2018-08-31
67e43d802fde8cfd3f9580124f8167d1,SP,Sudeste,2017-02-01,2017-02-01,1,1,19,18,2,36.0,36.0,1.0,false,1,4,false,2017-01-01,2018-08-31
3a52d63a8f9daf5a28f3626d7eb9bd28,SP,Sudeste,2017-02-01,2017-02-01,1,1,19,18,1,35.0,35.0,1.0,false,1,4,false,2017-01-01,2018-08-31
50c361bcf670d16f6df4d52de3dff924,SP,Sudeste,2018-02-01,2018-02-01,1,1,7,6,1,35.0,35.0,1.0,false,1,4,false,2017-01-01,2018-08-31
baeda7047354773262ba2405f97038ba,SP,Sudeste,2017-09-01,2017-09-01,1,1,12,11,1,35.0,35.0,1.0,false,1,4,false,2017-01-01,2018-08-31
c716e0b86ed568878475b60fbb6323ad,SP,Sudeste,2018-03-01,2018-03-01,1,1,6,5,1,35.0,35.0,1.0,false,1,4,false,2017-01-01,2018-08-31
bd4ff04377f974574f7f0bf9d6ce7dde,SP,Sudeste,2017-02-01,2017-02-01,1,1,19,18,1,34.99,34.99,1.0,false,1,4,false,2017-01-01,2018-08-31
cb162c8eef257253782d245c08d9097c,SP,Sudeste,2017-11-01,2017-11-01,1,1,10,9,1,34.99,34.99,1.0,false,1,4,false,2017-01-01,2018-08-31
e6ffc9ac6a7adc9d16a1cfc2286dd546,SP,Sudeste,2018-03-01,2018-03-01,1,1,6,5,1,34.99,34.99,1.0,false,1,4,false,2017-01-01,2018-08-31
84deb808079d1be601c209c1e771b1cc,PR,Sul,2017-09-01,2017-11-01,2,3,12,9,2,34.93,17.465,0.6666666666666666,false,1,4,false,2017-01-01,2018-08-31
c1d1ebb4745cc43cb6f05e9c8a705c9a,SP,Sudeste,2017-04-01,2017-11-01,3,8,17,9,3,34.5,11.5,0.375,false,1,4,false,2017-01-01,2018-08-31
66d5ae34537110d3affc56174dad2b2f,SP,Sudeste,2018-07-01,2018-07-01,1,1,2,1,1,33.81,33.81,1.0,true,0,4,false,2017-01-01,2018-08-31
bee36b4f9a2b9fdcaff6ec05df202ed0,SP,Sudeste,2017-02-01,2017-03-01,2,2,19,17,2,33.8,16.9,1.0,false,1,4,false,2017-01-01,2018-08-31
41958cbd3335433c8740300e8cd600d5,SP,Sudeste,2018-06-01,2018-06-01,1,1,3,2,1,32.99,32.99,1.0,false,1,4,false,2017-01-01,2018-08-31
539ed9e19811677513447759be5eccfc,MG,Sudeste,2018-06-01,2018-08-01,2,3,3,0,2,32.83,16.415,0.6666666666666666,true,0,4,false,2017-01-01,2018-08-31
7d81e74a4755b552267cd5e081563028,SP,Sudeste,2018-08-01,2018-08-01,1,1,1,0,1,32.5,32.5,1.0,true,0,4,false,2017-01-01,2018-08-31
6bcb2352a2a0c38b845f598298ab9d26,PR,Sul,2017-06-01,2017-09-01,2,4,15,11,2,31.8,15.9,0.5,false,1,4,false,2017-01-01,2018-08-31
1a6245add4353f18ed55138808906979,SP,Sudeste,2017-07-01,2017-07-01,1,1,14,13,1,30.0,30.0,1.0,false,1,4,false,2017-01-01,2018-08-31
d7f1cfc638473be93baedbfd02208016,RJ,Sudeste,2018-07-01,2018-07-01,1,1,2,1,1,30.0,30.0,1.0,true,0,4,false,2017-01-01,2018-08-31
fdf736c18c589ed030e058312203e1b2,MG,Sudeste,2018-08-01,2018-08-01,1,1,1,0,1,30.0,30.0,1.0,true,0,4,false,2017-01-01,2018-08-31
32f83ffe11cd40f7adcf4eef171f52d9,RS,Sul,2017-11-01,2017-11-01,1,1,10,9,1,29.99,29.99,1.0,false,1,4,false,2017-01-01,2018-08-31
87b4428a334b8f676fd9a7f3bf544fb5,SP,Sudeste,2018-08-01,2018-08-01,1,1,1,0,1,29.99,29.99,1.0,true,0,4,false,2017-01-01,2018-08-31
9315e491484b1b0081ca166fc164108d,PR,Sul,2018-07-01,2018-07-01,1,1,2,1,1,29.99,29.99,1.0,true,0,4,false,2017-01-01,2018-08-31
139157dd4daa45c25b0807ffff348363,SP,Sudeste,2017-08-01,2017-08-01,1,1,13,12,1,29.9,29.9,1.0,false,1,4,false,2017-01-01,2018-08-31
2078fe5066350e7d220c0ad3a3bbc6c1,PR,Sul,2018-03-01,2018-03-01,1,1,6,5,1,29.9,29.9,1.0,false,1,4,false,2017-01-01,2018-08-31
28a26ebce31d5918b181ede016fd693b,MG,Sudeste,2018-08-01,2018-08-01,1,1,1,0,1,29.9,29.9,1.0,true,0,4,false,2017-01-01,2018-08-31
3aa3c89ae3cd482385568be76120f63c,GO,Centro-Oeste,2018-06-01,2018-06-01,1,1,3,2,1,29.9,29.9,1.0,false,1,4,false,2017-01-01,2018-08-31
436bf27f2f18474fc6047702e9f8a866,SP,Sudeste,2017-01-01,2017-01-01,1,1,20,19,1,29.9,29.9,1.0,false,1,4,false,2017-01-01,2018-08-31
a09a13f18ed27932d08438aa6f12756e,RS,Sul,2017-10-01,2017-10-01,1,1,11,10,1,29.9,29.9,1.0,false,1,4,false,2017-01-01,2018-08-31
c97aa4ee7420f937da13b7f9e2228b99,RS,Sul,2018-08-01,2018-08-01,1,1,1,0,1,29.9,29.9,1.0,true,0,4,false,2017-01-01,2018-08-31
c0e0b73d039eb9a99b6ce4cb7a429cd3,SC,Sul,2018-06-01,2018-06-01,1,1,3,2,1,29.88,29.88,1.0,false,1,4,false,2017-01-01,2018-08-31
7b3f6ce5c6c22e9b96e7581ebf0df6e1,SP,Sudeste,2017-12-01,2017-12-01,1,1,9,8,1,29.8,29.8,1.0,false,1,4,false,2017-01-01,2018-08-31
9996ae921c50e8dff411ac69c0b4bb8b,SP,Sudeste,2017-10-01,2017-10-01,1,1,11,10,2,29.700000000000003,29.700000000000003,1.0,false,1,4,false,2017-01-01,2018-08-31
72c73be2b085b9d57650dd53eb2004c9,SP,Sudeste,2017-07-01,2017-07-01,1,1,14,13,1,29.4,29.4,1.0,false,1,4,false,2017-01-01,2018-08-31
15aec03fe4cf30dfa574cf550f5ff5ff,RJ,Sudeste,2017-02-01,2017-02-01,1,1,19,18,1,28.9,28.9,1.0,false,1,4,false,2017-01-01,2018-08-31
1992f8fb6b19fcccd97ca819811e7267,SP,Sudeste,2018-07-01,2018-07-01,1,1,2,1,1,28.8,28.8,1.0,true,0,4,false,2017-01-01,2018-08-31
c9d2ba8dde44a275ae06475ed1d2fafc,MG,Sudeste,2017-02-01,2017-02-01,1,1,19,18,1,28.79,28.79,1.0,false,1,4,false,2017-01-01,2018-08-31
999f6d9a1c7c81f43be44c6b7d076210,SP,Sudeste,2017-01-01,2017-03-01,2,3,20,17,2,28.0,14.0,0.6666666666666666,false,1,4,false,2017-01-01,2018-08-31
9f56a7a649097b166d8ed286ad86a15c,RJ,Sudeste,2017-11-01,2017-11-01,1,1,10,9,2,27.98,27.98,1.0,false,1,4,false,2017-01-01,2018-08-31
8b181ee5518df84f18f4e1a43fe07923,SP,Sudeste,2018-05-01,2018-05-01,1,1,4,3,1,27.9,27.9,1.0,false,1,4,false,2017-01-01,2018-08-31
b026643914f651e8371425e5b8a1e780,RJ,Sudeste,2017-07-01,2017-07-01,1,1,14,13,1,27.9,27.9,1.0,false,1,4,false,2017-01-01,2018-08-31
bf0d50a6410d487dc97d2baac0a8c0be,SP,Sudeste,2018-05-01,2018-05-01,1,1,4,3,1,27.9,27.9,1.0,false,1,4,false,2017-01-01,2018-08-31
80146bc52c4f6af5239b23de2a20262b,SP,Sudeste,2017-02-01,2017-02-01,1,1,19,18,1,27.1,27.1,1.0,false,1,4,false,2017-01-01,2018-08-31
f1fdf2d13186575751aa25876536d85c,SP,Sudeste,2018-03-01,2018-03-01,1,1,6,5,1,26.3,26.3,1.0,false,1,4,false,2017-01-01,2018-08-31
70c0fda4c313d87115644d39e62eec60,PE,Nordeste,2018-08-01,2018-08-01,1,1,1,0,1,25.99,25.99,1.0,true,0,4,false,2017-01-01,2018-08-31
3820c6537b3853be1a0687d5a60807ec,SP,Sudeste,2017-03-01,2017-03-01,1,1,18,17,1,25.0,25.0,1.0,false,1,4,false,2017-01-01,2018-08-31
6c9875b2f94ba781186f0c1aed8d1687,SP,Sudeste,2017-05-01,2017-08-01,2,4,16,12,2,25.0,12.5,0.5,false,1,4,false,2017-01-01,2018-08-31
7cb946b1ad19faebe28c3e86c2794ec3,MG,Sudeste,2017-11-01,2017-11-01,1,1,10,9,1,25.0,25.0,1.0,false,1,4,false,2017-01-01,2018-08-31
38f276ca6e7cc95a6d1bb55ac9e5550f,SP,Sudeste,2017-11-01,2017-11-01,1,1,10,9,1,24.99,24.99,1.0,false,1,4,false,2017-01-01,2018-08-31
3986c0b54f6b748b75e7bd4e092aa3e5,PR,Sul,2018-08-01,2018-08-01,1,1,1,0,1,24.99,24.99,1.0,true,0,4,false,2017-01-01,2018-08-31
1c83418358f249c9d6affa52d579db0e,SP,Sudeste,2017-04-01,2017-04-01,1,1,17,16,1,24.9,24.9,1.0,false,1,4,false,2017-01-01,2018-08-31
33fd411ed63a7c2f9005e3f065d9f85d,RS,Sul,2018-04-01,2018-04-01,1,1,5,4,1,24.9,24.9,1.0,false,1,4,false,2017-01-01,2018-08-31
bd43e172d599bed47a85da877172ca8c,SC,Sul,2018-07-01,2018-07-01,1,1,2,1,1,23.92,23.92,1.0,true,0,4,false,2017-01-01,2018-08-31
43753b27d77860f1654aa72e251a7878,BA,Nordeste,2017-09-01,2017-09-01,1,1,12,11,1,23.9,23.9,1.0,false,1,4,false,2017-01-01,2018-08-31
544863df86ed3b78a04e0820d41430ee,ES,Sudeste,2018-07-01,2018-07-01,1,1,2,1,1,23.9,23.9,1.0,true,0,4,false,2017-01-01,2018-08-31
bcd2d7510d58e293f20fad6438c1b314,PR,Sul,2017-02-01,2017-02-01,1,1,19,18,1,23.9,23.9,1.0,false,1,4,false,2017-01-01,2018-08-31
2c54051840f19eca309a5423cf22df36,PR,Sul,2017-12-01,2018-04-01,2,5,9,4,2,23.7,11.85,0.4,false,1,4,false,2017-01-01,2018-08-31
58b98ccb79873e04eac4357cacc590d9,SP,Sudeste,2018-08-01,2018-08-01,1,1,1,0,1,23.0,23.0,1.0,true,0,4,false,2017-01-01,2018-08-31
5e063e85d44b0f5c3e6ec3131103a57e,SP,Sudeste,2018-07-01,2018-07-01,1,1,2,1,1,22.9,22.9,1.0,true,0,4,false,2017-01-01,2018-08-31
bc8c8d665ec4664d286be0d521722b19,SP,Sudeste,2018-08-01,2018-08-01,1,1,1,0,1,22.5,22.5,1.0,true,0,4,false,2017-01-01,2018-08-31
f9f68daa2af419d38f745478bcb3da1a,SP,Sudeste,2017-01-01,2017-04-01,2,4,20,16,2,22.4,11.2,0.5,false,1,4,false,2017-01-01,2018-08-31
eb1bf309f4f6af9a97e9ddac3fdbeabe,SP,Sudeste,2018-05-01,2018-05-01,1,1,4,3,1,22.3,22.3,1.0,false,1,4,false,2017-01-01,2018-08-31
0bb27263628258b8111a0262769fa9db,SP,Sudeste,2017-04-01,2017-04-01,1,1,17,16,1,22.2,22.2,1.0,false,1,4,false,2017-01-01,2018-08-31
34675b28b826facfde119785bf287dc1,PR,Sul,2017-08-01,2017-08-01,1,1,13,12,1,21.99,21.99,1.0,false,1,4,false,2017-01-01,2018-08-31
98f52e1020fe788c10c0418de4393fec,RJ,Sudeste,2017-08-01,2017-08-01,1,1,13,12,1,21.6,21.6,1.0,false,1,4,false,2017-01-01,2018-08-31
afac9f6b0c4e5f0a7ee87e922cd0f873,SP,Sudeste,2018-02-01,2018-02-01,1,1,7,6,1,20.99,20.99,1.0,false,1,4,false,2017-01-01,2018-08-31
e64ddbe1cbcf4f2fc3092b7c481f3f9d,SP,Sudeste,2018-03-01,2018-03-01,1,1,6,5,1,20.9,20.9,1.0,false,1,4,false,2017-01-01,2018-08-31
e0b162a693bc7f9eab00f783a31d60ea,RS,Sul,2018-05-01,2018-05-01,1,1,4,3,1,20.0,20.0,1.0,false,1,4,false,2017-01-01,2018-08-31
e76ecc7e9a1a1e3c6df9d2a8261c423d,MG,Sudeste,2017-08-01,2017-08-01,1,1,13,12,1,20.0,20.0,1.0,false,1,4,false,2017-01-01,2018-08-31
455befea1bb853c75ccbca94cff26e5c,RJ,Sudeste,2018-06-01,2018-06-01,1,1,3,2,1,19.99,19.99,1.0,false,1,4,false,2017-01-01,2018-08-31
bb7ad8a45c027be8ab075b8e465f8ca0,SC,Sul,2018-07-01,2018-07-01,1,1,2,1,2,19.98,19.98,1.0,true,0,4,false,2017-01-01,2018-08-31
0b46f784306be7200ca1700aa55d819f,MG,Sudeste,2017-03-01,2017-03-01,1,1,18,17,1,19.9,19.9,1.0,false,1,4,false,2017-01-01,2018-08-31
63bc58679c44e8a998792119fd7ad23e,SP,Sudeste,2017-02-01,2017-02-01,1,1,19,18,1,19.9,19.9,1.0,false,1,4,false,2017-01-01,2018-08-31
668bf321538e5072858eaef6087ce027,PR,Sul,2018-02-01,2018-02-01,1,1,7,6,1,19.9,19.9,1.0,false,1,4,false,2017-01-01,2018-08-31
698624c6632eeba1774924dbea24c700,SP,Sudeste,2018-04-01,2018-04-01,1,1,5,4,1,19.9,19.9,1.0,false,1,4,false,2017-01-01,2018-08-31
d93b8458c6fe139d85cfa5eadbf55bd2,SP,Sudeste,2017-11-01,2017-11-01,1,1,10,9,1,19.9,19.9,1.0,false,1,4,false,2017-01-01,2018-08-31
bd65d163ded559eb90a10cd09fec178f,SP,Sudeste,2017-08-01,2017-08-01,1,1,13,12,1,19.8,19.8,1.0,false,1,4,false,2017-01-01,2018-08-31
e174dc2de86d60fee178170a154c05e7,SP,Sudeste,2017-08-01,2017-08-01,1,1,13,12,1,19.8,19.8,1.0,false,1,4,false,2017-01-01,2018-08-31
8501d82f68d23148b6d78bb7c4a42037,SC,Sul,2017-03-01,2017-03-01,1,1,18,17,1,19.7,19.7,1.0,false,1,4,false,2017-01-01,2018-08-31
9d69ba0a7a626a64dc5db08e529559cf,SP,Sudeste,2018-07-01,2018-07-01,1,1,2,1,1,19.3,19.3,1.0,true,0,4,false,2017-01-01,2018-08-31
6c77cd583b36a13aacccf2b3ee23e233,SP,Sudeste,2018-08-01,2018-08-01,1,1,1,0,1,18.9,18.9,1.0,true,0,4,false,2017-01-01,2018-08-31
82921991ff5b557b045605b8bbf08d49,SP,Sudeste,2018-08-01,2018-08-01,1,1,1,0,1,18.9,18.9,1.0,true,0,4,false,2017-01-01,2018-08-31
ce4755084bc097113867e6454f8f5e52,SP,Sudeste,2018-06-01,2018-06-01,1,1,3,2,1,18.9,18.9,1.0,false,1,4,false,2017-01-01,2018-08-31
804287717b9156fb7a787acd9af4fac1,PR,Sul,2017-06-01,2017-06-01,1,1,15,14,1,18.8,18.8,1.0,false,1,4,false,2017-01-01,2018-08-31
eae9af4811c294c56795d70e715b7337,SP,Sudeste,2017-10-01,2017-10-01,1,1,11,10,1,15.9,15.9,1.0,false,1,4,false,2017-01-01,2018-08-31
f3862c2188522d89860c38a3ea8b550d,SP,Sudeste,2018-05-01,2018-05-01,1,1,4,3,1,15.5,15.5,1.0,false,1,4,false,2017-01-01,2018-08-31
20f0aeea30bc3b8c4420be8ced4226c0,SP,Sudeste,2017-02-01,2017-02-01,1,1,19,18,1,14.9,14.9,1.0,false,1,4,false,2017-01-01,2018-08-31
b2f4d63c7203f539a78252565ca32257,RJ,Sudeste,2017-09-01,2017-09-01,1,1,12,11,1,14.9,14.9,1.0,false,1,4,false,2017-01-01,2018-08-31
c3e2398fcc7e581cda2e546557bf6968,SP,Sudeste,2018-06-01,2018-06-01,1,1,3,2,1,14.9,14.9,1.0,false,1,4,false,2017-01-01,2018-08-31
a61cc04793308395a840807104365121,SP,Sudeste,2018-05-01,2018-05-01,1,1,4,3,1,14.63,14.63,1.0,false,1,4,false,2017-01-01,2018-08-31
6576fd3e23c88f0e5d4d23f39bba0542,SP,Sudeste,2017-03-01,2017-03-01,1,1,18,17,1,14.5,14.5,1.0,false,1,4,false,2017-01-01,2018-08-31
5b92bfa4120daa27c574daa2e386c693,SP,Sudeste,2017-02-01,2017-02-01,1,1,19,18,1,14.0,14.0,1.0,false,1,4,false,2017-01-01,2018-08-31
fb503a924a0b9db19d83dd0ac6dbef8c,RS,Sul,2017-05-01,2017-05-01,1,1,16,15,1,13.9,13.9,1.0,false,1,4,false,2017-01-01,2018-08-31
6614814a00d344b846ae209f95ee7e3f,SP,Sudeste,2017-06-01,2017-06-01,1,1,15,14,1,13.0,13.0,1.0,false,1,4,false,2017-01-01,2018-08-31
b5f0712d22a873b6797ab6cc65c3fcba,SP,Sudeste,2018-08-01,2018-08-01,1,1,1,0,1,12.99,12.99,1.0,true,0,4,false,2017-01-01,2018-08-31
7ab0dd5487bab2dc835337b244f689fb,SP,Sudeste,2017-04-01,2017-04-01,1,1,17,16,1,12.5,12.5,1.0,false,1,4,false,2017-01-01,2018-08-31
9e25199f6ef7e7c347120ff175652c3b,SP,Sudeste,2017-03-01,2017-03-01,1,1,18,17,1,12.5,12.5,1.0,false,1,4,false,2017-01-01,2018-08-31
c1dde11f12d05c478f5de2d7319ad3b2,SP,Sudeste,2018-08-01,2018-08-01,1,1,1,0,1,12.5,12.5,1.0,true,0,4,false,2017-01-01,2018-08-31
3d62f86afa7c73be2628a3be1423f5a0,SP,Sudeste,2017-12-01,2018-01-01,2,2,9,7,2,12.0,6.0,1.0,false,1,4,false,2017-01-01,2018-08-31
3ac588cd562971392504a9e17130c40b,SP,Sudeste,2018-08-01,2018-08-01,1,1,1,0,1,11.9,11.9,1.0,true,0,4,false,2017-01-01,2018-08-31
cc1f04647be106ba74e62b21f358af25,SP,Sudeste,2018-06-01,2018-06-01,1,1,3,2,1,11.9,11.9,1.0,false,1,4,false,2017-01-01,2018-08-31
344223b2a90784f64136a8a5da012e7f,SC,Sul,2018-01-01,2018-01-01,1,1,8,7,1,10.9,10.9,1.0,false,1,4,false,2017-01-01,2018-08-31
95cca791657aabeff15a07eb152d7841,PR,Sul,2018-06-01,2018-06-01,1,1,3,2,1,9.99,9.99,1.0,false,1,4,false,2017-01-01,2018-08-31
c18309219e789960add0b2255ca4b091,RJ,Sudeste,2017-12-01,2017-12-01,1,1,9,8,1,9.9,9.9,1.0,false,1,4,false,2017-01-01,2018-08-31
0f94588695d71662beec8d883ffacf09,SC,Sul,2017-03-01,2017-03-01,1,1,18,17,1,9.0,9.0,1.0,false,1,4,false,2017-01-01,2018-08-31
4965a7002cca77301c82d3f91b82e1a9,SP,Sudeste,2018-04-01,2018-04-01,1,1,5,4,1,8.49,8.49,1.0,false,1,4,false,2017-01-01,2018-08-31
ad14615bdd492b01b0d97922e87cb87f,SC,Sul,2017-02-01,2017-02-01,1,1,19,18,1,8.25,8.25,1.0,false,1,4,false,2017-01-01,2018-08-31
34aefe746cd81b7f3b23253ea28bef39,PR,Sul,2017-05-01,2017-05-01,1,1,16,15,1,8.0,8.0,1.0,false,1,4,false,2017-01-01,2018-08-31
702835e4b785b67a084280efca355756,MG,Sudeste,2017-02-01,2017-02-01,1,1,19,18,1,7.6,7.6,1.0,false,1,4,false,2017-01-01,2018-08-31
1fa2d3def6adfa70e58c276bb64fe5bb,SP,Sudeste,2018-08-01,2018-08-01,1,1,1,0,1,6.9,6.9,1.0,true,0,4,false,2017-01-01,2018-08-31
77128dec4bec4878c37ab7d6169d6f26,SP,Sudeste,2017-03-01,2017-03-01,1,1,18,17,1,6.5,6.5,1.0,false,1,4,false,2017-01-01,2018-08-31
cf6f6bc4df3999b9c6440f124fb2f687,SP,Sudeste,2017-05-01,2017-05-01,1,1,16,15,1,3.5,3.5,1.0,false,1,4,false,2017-01-01,2018-08-31
